[2026-04-21 11:13:22] local.ERROR: SQLSTATE[08006] [7] connection to server at "ep-sweet-bonus-anb5fldu-pooler.c-6.us-east-1.aws.neon.tech" (2600:1f18:700d:4211:7fef:e8e7:60f1:b2af), port 5432 failed: ERROR:  password authentication failed for user 'neondb_owner' (Connection: pgsql, Host: ep-sweet-bonus-anb5fldu-pooler.c-6.us-east-1.aws.neon.tech, Port: 5432, Database: Greenovete, SQL: select exists (select 1 from pg_class c, pg_namespace n where n.nspname = current_schema() and c.relname = 'migrations' and c.relkind in ('r', 'p') and n.oid = c.relnamespace)) {"exception":"[object] (Illuminate\\Database\\QueryException(code: 7): SQLSTATE[08006] [7] connection to server at \"ep-sweet-bonus-anb5fldu-pooler.c-6.us-east-1.aws.neon.tech\" (2600:1f18:700d:4211:7fef:e8e7:60f1:b2af), port 5432 failed: ERROR:  password authentication failed for user 'neondb_owner' (Connection: pgsql, Host: ep-sweet-bonus-anb5fldu-pooler.c-6.us-east-1.aws.neon.tech, Port: 5432, Database: Greenovete, SQL: select exists (select 1 from pg_class c, pg_namespace n where n.nspname = current_schema() and c.relname = 'migrations' and c.relkind in ('r', 'p') and n.oid = c.relnamespace)) at /Users/awangwahyu/Downloads/SI4705-KELA-main/greennovate/vendor/laravel/framework/src/Illuminate/Database/Connection.php:838)
[stacktrace]
#0 /Users/awangwahyu/Downloads/SI4705-KELA-main/greennovate/vendor/laravel/framework/src/Illuminate/Database/Connection.php(794): Illuminate\\Database\\Connection->runQueryCallback('select exists (...', Array, Object(Closure))
#1 /Users/awangwahyu/Downloads/SI4705-KELA-main/greennovate/vendor/laravel/framework/src/Illuminate/Database/Connection.php(411): Illuminate\\Database\\Connection->run('select exists (...', Array, Object(Closure))
#2 /Users/awangwahyu/Downloads/SI4705-KELA-main/greennovate/vendor/laravel/framework/src/Illuminate/Database/Connection.php(357): Illuminate\\Database\\Connection->select('select exists (...', Array, true)
#3 /Users/awangwahyu/Downloads/SI4705-KELA-main/greennovate/vendor/laravel/framework/src/Illuminate/Database/Connection.php(374): Illuminate\\Database\\Connection->selectOne('select exists (...', Array, true)
#4 /Users/awangwahyu/Downloads/SI4705-KELA-main/greennovate/vendor/laravel/framework/src/Illuminate/Database/Schema/Builder.php(176): Illuminate\\Database\\Connection->scalar('select exists (...')
#5 /Users/awangwahyu/Downloads/SI4705-KELA-main/greennovate/vendor/laravel/framework/src/Illuminate/Database/Migrations/DatabaseMigrationRepository.php(185): Illuminate\\Database\\Schema\\Builder->hasTable('migrations')
#6 /Users/awangwahyu/Downloads/SI4705-KELA-main/greennovate/vendor/laravel/framework/src/Illuminate/Database/Migrations/Migrator.php(758): Illuminate\\Database\\Migrations\\DatabaseMigrationRepository->repositoryExists()
#7 /Users/awangwahyu/Downloads/SI4705-KELA-main/greennovate/vendor/laravel/framework/src/Illuminate/Database/Console/Migrations/MigrateCommand.php(164): Illuminate\\Database\\Migrations\\Migrator->repositoryExists()
#8 /Users/awangwahyu/Downloads/SI4705-KELA-main/greennovate/vendor/laravel/framework/src/Illuminate/Support/helpers.php(328): Illuminate\\Database\\Console\\Migrations\\MigrateCommand->{closure:Illuminate\\Database\\Console\\Migrations\\MigrateCommand::repositoryExists():164}(1)
#9 /Users/awangwahyu/Downloads/SI4705-KELA-main/greennovate/vendor/laravel/framework/src/Illuminate/Database/Console/Migrations/MigrateCommand.php(164): retry(1, Object(Closure), 0, Object(Closure))
#10 /Users/awangwahyu/Downloads/SI4705-KELA-main/greennovate/vendor/laravel/framework/src/Illuminate/Database/Console/Migrations/MigrateCommand.php(140): Illuminate\\Database\\Console\\Migrations\\MigrateCommand->repositoryExists()
#11 /Users/awangwahyu/Downloads/SI4705-KELA-main/greennovate/vendor/laravel/framework/src/Illuminate/Database/Console/Migrations/MigrateCommand.php(110): Illuminate\\Database\\Console\\Migrations\\MigrateCommand->prepareDatabase()
#12 /Users/awangwahyu/Downloads/SI4705-KELA-main/greennovate/vendor/laravel/framework/src/Illuminate/Database/Migrations/Migrator.php(671): Illuminate\\Database\\Console\\Migrations\\MigrateCommand->{closure:Illuminate\\Database\\Console\\Migrations\\MigrateCommand::runMigrations():109}()
#13 /Users/awangwahyu/Downloads/SI4705-KELA-main/greennovate/vendor/laravel/framework/src/Illuminate/Database/Console/Migrations/MigrateCommand.php(109): Illuminate\\Database\\Migrations\\Migrator->usingConnection(NULL, Object(Closure))
#14 /Users/awangwahyu/Downloads/SI4705-KELA-main/greennovate/vendor/laravel/framework/src/Illuminate/Database/Console/Migrations/MigrateCommand.php(88): Illuminate\\Database\\Console\\Migrations\\MigrateCommand->runMigrations()
#15 /Users/awangwahyu/Downloads/SI4705-KELA-main/greennovate/vendor/laravel/framework/src/Illuminate/Container/BoundMethod.php(36): Illuminate\\Database\\Console\\Migrations\\MigrateCommand->handle()
#16 /Users/awangwahyu/Downloads/SI4705-KELA-main/greennovate/vendor/laravel/framework/src/Illuminate/Container/Util.php(43): Illuminate\\Container\\BoundMethod::{closure:Illuminate\\Container\\BoundMethod::call():35}()
#17 /Users/awangwahyu/Downloads/SI4705-KELA-main/greennovate/vendor/laravel/framework/src/Illuminate/Container/BoundMethod.php(96): Illuminate\\Container\\Util::unwrapIfClosure(Object(Closure))
#18 /Users/awangwahyu/Downloads/SI4705-KELA-main/greennovate/vendor/laravel/framework/src/Illuminate/Container/BoundMethod.php(35): Illuminate\\Container\\BoundMethod::callBoundMethod(Object(Illuminate\\Foundation\\Application), Array, Object(Closure))
#19 /Users/awangwahyu/Downloads/SI4705-KELA-main/greennovate/vendor/laravel/framework/src/Illuminate/Container/Container.php(799): Illuminate\\Container\\BoundMethod::call(Object(Illuminate\\Foundation\\Application), Array, Array, NULL)
#20 /Users/awangwahyu/Downloads/SI4705-KELA-main/greennovate/vendor/laravel/framework/src/Illuminate/Console/Command.php(211): Illuminate\\Container\\Container->call(Array)
#21 /Users/awangwahyu/Downloads/SI4705-KELA-main/greennovate/vendor/symfony/console/Command/Command.php(341): Illuminate\\Console\\Command->execute(Object(Symfony\\Component\\Console\\Input\\ArgvInput), Object(Illuminate\\Console\\OutputStyle))
#22 /Users/awangwahyu/Downloads/SI4705-KELA-main/greennovate/vendor/laravel/framework/src/Illuminate/Console/Command.php(180): Symfony\\Component\\Console\\Command\\Command->run(Object(Symfony\\Component\\Console\\Input\\ArgvInput), Object(Illuminate\\Console\\OutputStyle))
#23 /Users/awangwahyu/Downloads/SI4705-KELA-main/greennovate/vendor/symfony/console/Application.php(1117): Illuminate\\Console\\Command->run(Object(Symfony\\Component\\Console\\Input\\ArgvInput), Object(Symfony\\Component\\Console\\Output\\ConsoleOutput))
#24 /Users/awangwahyu/Downloads/SI4705-KELA-main/greennovate/vendor/symfony/console/Application.php(356): Symfony\\Component\\Console\\Application->doRunCommand(Object(Illuminate\\Database\\Console\\Migrations\\MigrateCommand), Object(Symfony\\Component\\Console\\Input\\ArgvInput), Object(Symfony\\Component\\Console\\Output\\ConsoleOutput))
#25 /Users/awangwahyu/Downloads/SI4705-KELA-main/greennovate/vendor/symfony/console/Application.php(195): Symfony\\Component\\Console\\Application->doRun(Object(Symfony\\Component\\Console\\Input\\ArgvInput), Object(Symfony\\Component\\Console\\Output\\ConsoleOutput))
#26 /Users/awangwahyu/Downloads/SI4705-KELA-main/greennovate/vendor/laravel/framework/src/Illuminate/Foundation/Console/Kernel.php(198): Symfony\\Component\\Console\\Application->run(Object(Symfony\\Component\\Console\\Input\\ArgvInput), Object(Symfony\\Component\\Console\\Output\\ConsoleOutput))
#27 /Users/awangwahyu/Downloads/SI4705-KELA-main/greennovate/vendor/laravel/framework/src/Illuminate/Foundation/Application.php(1235): Illuminate\\Foundation\\Console\\Kernel->handle(Object(Symfony\\Component\\Console\\Input\\ArgvInput), Object(Symfony\\Component\\Console\\Output\\ConsoleOutput))
#28 /Users/awangwahyu/Downloads/SI4705-KELA-main/greennovate/artisan(16): Illuminate\\Foundation\\Application->handleCommand(Object(Symfony\\Component\\Console\\Input\\ArgvInput))
#29 {main}

[previous exception] [object] (PDOException(code: 7): SQLSTATE[08006] [7] connection to server at \"ep-sweet-bonus-anb5fldu-pooler.c-6.us-east-1.aws.neon.tech\" (2600:1f18:700d:4211:7fef:e8e7:60f1:b2af), port 5432 failed: ERROR:  password authentication failed for user 'neondb_owner' at /Users/awangwahyu/Downloads/SI4705-KELA-main/greennovate/vendor/laravel/framework/src/Illuminate/Database/Connectors/Connector.php:67)
[stacktrace]
#0 /Users/awangwahyu/Downloads/SI4705-KELA-main/greennovate/vendor/laravel/framework/src/Illuminate/Database/Connectors/Connector.php(67): PDO::connect('pgsql:host=ep-s...', 'neondb_owner', Object(SensitiveParameterValue), Array)
#1 /Users/awangwahyu/Downloads/SI4705-KELA-main/greennovate/vendor/laravel/framework/src/Illuminate/Database/Connectors/Connector.php(44): Illuminate\\Database\\Connectors\\Connector->createPdoConnection('pgsql:host=ep-s...', 'neondb_owner', Object(SensitiveParameterValue), Array)
#2 /Users/awangwahyu/Downloads/SI4705-KELA-main/greennovate/vendor/laravel/framework/src/Illuminate/Database/Connectors/PostgresConnector.php(35): Illuminate\\Database\\Connectors\\Connector->createConnection('pgsql:host=ep-s...', Array, Array)
#3 /Users/awangwahyu/Downloads/SI4705-KELA-main/greennovate/vendor/laravel/framework/src/Illuminate/Database/Connectors/ConnectionFactory.php(186): Illuminate\\Database\\Connectors\\PostgresConnector->connect(Array)
#4 [internal function]: Illuminate\\Database\\Connectors\\ConnectionFactory->{closure:Illuminate\\Database\\Connectors\\ConnectionFactory::createPdoResolverWithHosts():181}()
#5 /Users/awangwahyu/Downloads/SI4705-KELA-main/greennovate/vendor/laravel/framework/src/Illuminate/Database/Connection.php(1257): call_user_func(Object(Closure))
#6 /Users/awangwahyu/Downloads/SI4705-KELA-main/greennovate/vendor/laravel/framework/src/Illuminate/Database/Connection.php(1295): Illuminate\\Database\\Connection->getPdo()
#7 /Users/awangwahyu/Downloads/SI4705-KELA-main/greennovate/vendor/laravel/framework/src/Illuminate/Database/Connection.php(525): Illuminate\\Database\\Connection->getReadPdo()
#8 /Users/awangwahyu/Downloads/SI4705-KELA-main/greennovate/vendor/laravel/framework/src/Illuminate/Database/Connection.php(420): Illuminate\\Database\\Connection->getPdoForSelect(true)
#9 /Users/awangwahyu/Downloads/SI4705-KELA-main/greennovate/vendor/laravel/framework/src/Illuminate/Database/Connection.php(827): Illuminate\\Database\\Connection->{closure:Illuminate\\Database\\Connection::select():411}('select exists (...', Array)
#10 /Users/awangwahyu/Downloads/SI4705-KELA-main/greennovate/vendor/laravel/framework/src/Illuminate/Database/Connection.php(794): Illuminate\\Database\\Connection->runQueryCallback('select exists (...', Array, Object(Closure))
#11 /Users/awangwahyu/Downloads/SI4705-KELA-main/greennovate/vendor/laravel/framework/src/Illuminate/Database/Connection.php(411): Illuminate\\Database\\Connection->run('select exists (...', Array, Object(Closure))
#12 /Users/awangwahyu/Downloads/SI4705-KELA-main/greennovate/vendor/laravel/framework/src/Illuminate/Database/Connection.php(357): Illuminate\\Database\\Connection->select('select exists (...', Array, true)
#13 /Users/awangwahyu/Downloads/SI4705-KELA-main/greennovate/vendor/laravel/framework/src/Illuminate/Database/Connection.php(374): Illuminate\\Database\\Connection->selectOne('select exists (...', Array, true)
#14 /Users/awangwahyu/Downloads/SI4705-KELA-main/greennovate/vendor/laravel/framework/src/Illuminate/Database/Schema/Builder.php(176): Illuminate\\Database\\Connection->scalar('select exists (...')
#15 /Users/awangwahyu/Downloads/SI4705-KELA-main/greennovate/vendor/laravel/framework/src/Illuminate/Database/Migrations/DatabaseMigrationRepository.php(185): Illuminate\\Database\\Schema\\Builder->hasTable('migrations')
#16 /Users/awangwahyu/Downloads/SI4705-KELA-main/greennovate/vendor/laravel/framework/src/Illuminate/Database/Migrations/Migrator.php(758): Illuminate\\Database\\Migrations\\DatabaseMigrationRepository->repositoryExists()
#17 /Users/awangwahyu/Downloads/SI4705-KELA-main/greennovate/vendor/laravel/framework/src/Illuminate/Database/Console/Migrations/MigrateCommand.php(164): Illuminate\\Database\\Migrations\\Migrator->repositoryExists()
#18 /Users/awangwahyu/Downloads/SI4705-KELA-main/greennovate/vendor/laravel/framework/src/Illuminate/Support/helpers.php(328): Illuminate\\Database\\Console\\Migrations\\MigrateCommand->{closure:Illuminate\\Database\\Console\\Migrations\\MigrateCommand::repositoryExists():164}(1)
#19 /Users/awangwahyu/Downloads/SI4705-KELA-main/greennovate/vendor/laravel/framework/src/Illuminate/Database/Console/Migrations/MigrateCommand.php(164): retry(1, Object(Closure), 0, Object(Closure))
#20 /Users/awangwahyu/Downloads/SI4705-KELA-main/greennovate/vendor/laravel/framework/src/Illuminate/Database/Console/Migrations/MigrateCommand.php(140): Illuminate\\Database\\Console\\Migrations\\MigrateCommand->repositoryExists()
#21 /Users/awangwahyu/Downloads/SI4705-KELA-main/greennovate/vendor/laravel/framework/src/Illuminate/Database/Console/Migrations/MigrateCommand.php(110): Illuminate\\Database\\Console\\Migrations\\MigrateCommand->prepareDatabase()
#22 /Users/awangwahyu/Downloads/SI4705-KELA-main/greennovate/vendor/laravel/framework/src/Illuminate/Database/Migrations/Migrator.php(671): Illuminate\\Database\\Console\\Migrations\\MigrateCommand->{closure:Illuminate\\Database\\Console\\Migrations\\MigrateCommand::runMigrations():109}()
#23 /Users/awangwahyu/Downloads/SI4705-KELA-main/greennovate/vendor/laravel/framework/src/Illuminate/Database/Console/Migrations/MigrateCommand.php(109): Illuminate\\Database\\Migrations\\Migrator->usingConnection(NULL, Object(Closure))
#24 /Users/awangwahyu/Downloads/SI4705-KELA-main/greennovate/vendor/laravel/framework/src/Illuminate/Database/Console/Migrations/MigrateCommand.php(88): Illuminate\\Database\\Console\\Migrations\\MigrateCommand->runMigrations()
#25 /Users/awangwahyu/Downloads/SI4705-KELA-main/greennovate/vendor/laravel/framework/src/Illuminate/Container/BoundMethod.php(36): Illuminate\\Database\\Console\\Migrations\\MigrateCommand->handle()
#26 /Users/awangwahyu/Downloads/SI4705-KELA-main/greennovate/vendor/laravel/framework/src/Illuminate/Container/Util.php(43): Illuminate\\Container\\BoundMethod::{closure:Illuminate\\Container\\BoundMethod::call():35}()
#27 /Users/awangwahyu/Downloads/SI4705-KELA-main/greennovate/vendor/laravel/framework/src/Illuminate/Container/BoundMethod.php(96): Illuminate\\Container\\Util::unwrapIfClosure(Object(Closure))
#28 /Users/awangwahyu/Downloads/SI4705-KELA-main/greennovate/vendor/laravel/framework/src/Illuminate/Container/BoundMethod.php(35): Illuminate\\Container\\BoundMethod::callBoundMethod(Object(Illuminate\\Foundation\\Application), Array, Object(Closure))
#29 /Users/awangwahyu/Downloads/SI4705-KELA-main/greennovate/vendor/laravel/framework/src/Illuminate/Container/Container.php(799): Illuminate\\Container\\BoundMethod::call(Object(Illuminate\\Foundation\\Application), Array, Array, NULL)
#30 /Users/awangwahyu/Downloads/SI4705-KELA-main/greennovate/vendor/laravel/framework/src/Illuminate/Console/Command.php(211): Illuminate\\Container\\Container->call(Array)
#31 /Users/awangwahyu/Downloads/SI4705-KELA-main/greennovate/vendor/symfony/console/Command/Command.php(341): Illuminate\\Console\\Command->execute(Object(Symfony\\Component\\Console\\Input\\ArgvInput), Object(Illuminate\\Console\\OutputStyle))
#32 /Users/awangwahyu/Downloads/SI4705-KELA-main/greennovate/vendor/laravel/framework/src/Illuminate/Console/Command.php(180): Symfony\\Component\\Console\\Command\\Command->run(Object(Symfony\\Component\\Console\\Input\\ArgvInput), Object(Illuminate\\Console\\OutputStyle))
#33 /Users/awangwahyu/Downloads/SI4705-KELA-main/greennovate/vendor/symfony/console/Application.php(1117): Illuminate\\Console\\Command->run(Object(Symfony\\Component\\Console\\Input\\ArgvInput), Object(Symfony\\Component\\Console\\Output\\ConsoleOutput))
#34 /Users/awangwahyu/Downloads/SI4705-KELA-main/greennovate/vendor/symfony/console/Application.php(356): Symfony\\Component\\Console\\Application->doRunCommand(Object(Illuminate\\Database\\Console\\Migrations\\MigrateCommand), Object(Symfony\\Component\\Console\\Input\\ArgvInput), Object(Symfony\\Component\\Console\\Output\\ConsoleOutput))
#35 /Users/awangwahyu/Downloads/SI4705-KELA-main/greennovate/vendor/symfony/console/Application.php(195): Symfony\\Component\\Console\\Application->doRun(Object(Symfony\\Component\\Console\\Input\\ArgvInput), Object(Symfony\\Component\\Console\\Output\\ConsoleOutput))
#36 /Users/awangwahyu/Downloads/SI4705-KELA-main/greennovate/vendor/laravel/framework/src/Illuminate/Foundation/Console/Kernel.php(198): Symfony\\Component\\Console\\Application->run(Object(Symfony\\Component\\Console\\Input\\ArgvInput), Object(Symfony\\Component\\Console\\Output\\ConsoleOutput))
#37 /Users/awangwahyu/Downloads/SI4705-KELA-main/greennovate/vendor/laravel/framework/src/Illuminate/Foundation/Application.php(1235): Illuminate\\Foundation\\Console\\Kernel->handle(Object(Symfony\\Component\\Console\\Input\\ArgvInput), Object(Symfony\\Component\\Console\\Output\\ConsoleOutput))
#38 /Users/awangwahyu/Downloads/SI4705-KELA-main/greennovate/artisan(16): Illuminate\\Foundation\\Application->handleCommand(Object(Symfony\\Component\\Console\\Input\\ArgvInput))
#39 {main}
"} 
[2026-04-21 11:22:29] local.ERROR: SQLSTATE[08006] [7] connection to server at "ep-sweet-bonus-anb5fldu-pooler.c-6.us-east-1.aws.neon.tech" (2600:1f18:700d:422c:f04:46d:4248:7967), port 5432 failed: ERROR:  password authentication failed for user 'neondb_owner' (Connection: pgsql, Host: ep-sweet-bonus-anb5fldu-pooler.c-6.us-east-1.aws.neon.tech, Port: 5432, Database: Greenovete, SQL: select exists (select 1 from pg_class c, pg_namespace n where n.nspname = current_schema() and c.relname = 'migrations' and c.relkind in ('r', 'p') and n.oid = c.relnamespace)) {"exception":"[object] (Illuminate\\Database\\QueryException(code: 7): SQLSTATE[08006] [7] connection to server at \"ep-sweet-bonus-anb5fldu-pooler.c-6.us-east-1.aws.neon.tech\" (2600:1f18:700d:422c:f04:46d:4248:7967), port 5432 failed: ERROR:  password authentication failed for user 'neondb_owner' (Connection: pgsql, Host: ep-sweet-bonus-anb5fldu-pooler.c-6.us-east-1.aws.neon.tech, Port: 5432, Database: Greenovete, SQL: select exists (select 1 from pg_class c, pg_namespace n where n.nspname = current_schema() and c.relname = 'migrations' and c.relkind in ('r', 'p') and n.oid = c.relnamespace)) at /Users/awangwahyu/Downloads/SI4705-KELA-main/greennovate/vendor/laravel/framework/src/Illuminate/Database/Connection.php:838)
[stacktrace]
#0 /Users/awangwahyu/Downloads/SI4705-KELA-main/greennovate/vendor/laravel/framework/src/Illuminate/Database/Connection.php(794): Illuminate\\Database\\Connection->runQueryCallback('select exists (...', Array, Object(Closure))
#1 /Users/awangwahyu/Downloads/SI4705-KELA-main/greennovate/vendor/laravel/framework/src/Illuminate/Database/Connection.php(411): Illuminate\\Database\\Connection->run('select exists (...', Array, Object(Closure))
#2 /Users/awangwahyu/Downloads/SI4705-KELA-main/greennovate/vendor/laravel/framework/src/Illuminate/Database/Connection.php(357): Illuminate\\Database\\Connection->select('select exists (...', Array, true)
#3 /Users/awangwahyu/Downloads/SI4705-KELA-main/greennovate/vendor/laravel/framework/src/Illuminate/Database/Connection.php(374): Illuminate\\Database\\Connection->selectOne('select exists (...', Array, true)
#4 /Users/awangwahyu/Downloads/SI4705-KELA-main/greennovate/vendor/laravel/framework/src/Illuminate/Database/Schema/Builder.php(176): Illuminate\\Database\\Connection->scalar('select exists (...')
#5 /Users/awangwahyu/Downloads/SI4705-KELA-main/greennovate/vendor/laravel/framework/src/Illuminate/Database/Migrations/DatabaseMigrationRepository.php(185): Illuminate\\Database\\Schema\\Builder->hasTable('migrations')
#6 /Users/awangwahyu/Downloads/SI4705-KELA-main/greennovate/vendor/laravel/framework/src/Illuminate/Database/Migrations/Migrator.php(758): Illuminate\\Database\\Migrations\\DatabaseMigrationRepository->repositoryExists()
#7 /Users/awangwahyu/Downloads/SI4705-KELA-main/greennovate/vendor/laravel/framework/src/Illuminate/Database/Console/Migrations/MigrateCommand.php(164): Illuminate\\Database\\Migrations\\Migrator->repositoryExists()
#8 /Users/awangwahyu/Downloads/SI4705-KELA-main/greennovate/vendor/laravel/framework/src/Illuminate/Support/helpers.php(328): Illuminate\\Database\\Console\\Migrations\\MigrateCommand->{closure:Illuminate\\Database\\Console\\Migrations\\MigrateCommand::repositoryExists():164}(1)
#9 /Users/awangwahyu/Downloads/SI4705-KELA-main/greennovate/vendor/laravel/framework/src/Illuminate/Database/Console/Migrations/MigrateCommand.php(164): retry(1, Object(Closure), 0, Object(Closure))
#10 /Users/awangwahyu/Downloads/SI4705-KELA-main/greennovate/vendor/laravel/framework/src/Illuminate/Database/Console/Migrations/MigrateCommand.php(140): Illuminate\\Database\\Console\\Migrations\\MigrateCommand->repositoryExists()
#11 /Users/awangwahyu/Downloads/SI4705-KELA-main/greennovate/vendor/laravel/framework/src/Illuminate/Database/Console/Migrations/MigrateCommand.php(110): Illuminate\\Database\\Console\\Migrations\\MigrateCommand->prepareDatabase()
#12 /Users/awangwahyu/Downloads/SI4705-KELA-main/greennovate/vendor/laravel/framework/src/Illuminate/Database/Migrations/Migrator.php(671): Illuminate\\Database\\Console\\Migrations\\MigrateCommand->{closure:Illuminate\\Database\\Console\\Migrations\\MigrateCommand::runMigrations():109}()
#13 /Users/awangwahyu/Downloads/SI4705-KELA-main/greennovate/vendor/laravel/framework/src/Illuminate/Database/Console/Migrations/MigrateCommand.php(109): Illuminate\\Database\\Migrations\\Migrator->usingConnection(NULL, Object(Closure))
#14 /Users/awangwahyu/Downloads/SI4705-KELA-main/greennovate/vendor/laravel/framework/src/Illuminate/Database/Console/Migrations/MigrateCommand.php(88): Illuminate\\Database\\Console\\Migrations\\MigrateCommand->runMigrations()
#15 /Users/awangwahyu/Downloads/SI4705-KELA-main/greennovate/vendor/laravel/framework/src/Illuminate/Container/BoundMethod.php(36): Illuminate\\Database\\Console\\Migrations\\MigrateCommand->handle()
#16 /Users/awangwahyu/Downloads/SI4705-KELA-main/greennovate/vendor/laravel/framework/src/Illuminate/Container/Util.php(43): Illuminate\\Container\\BoundMethod::{closure:Illuminate\\Container\\BoundMethod::call():35}()
#17 /Users/awangwahyu/Downloads/SI4705-KELA-main/greennovate/vendor/laravel/framework/src/Illuminate/Container/BoundMethod.php(96): Illuminate\\Container\\Util::unwrapIfClosure(Object(Closure))
#18 /Users/awangwahyu/Downloads/SI4705-KELA-main/greennovate/vendor/laravel/framework/src/Illuminate/Container/BoundMethod.php(35): Illuminate\\Container\\BoundMethod::callBoundMethod(Object(Illuminate\\Foundation\\Application), Array, Object(Closure))
#19 /Users/awangwahyu/Downloads/SI4705-KELA-main/greennovate/vendor/laravel/framework/src/Illuminate/Container/Container.php(799): Illuminate\\Container\\BoundMethod::call(Object(Illuminate\\Foundation\\Application), Array, Array, NULL)
#20 /Users/awangwahyu/Downloads/SI4705-KELA-main/greennovate/vendor/laravel/framework/src/Illuminate/Console/Command.php(211): Illuminate\\Container\\Container->call(Array)
#21 /Users/awangwahyu/Downloads/SI4705-KELA-main/greennovate/vendor/symfony/console/Command/Command.php(341): Illuminate\\Console\\Command->execute(Object(Symfony\\Component\\Console\\Input\\ArgvInput), Object(Illuminate\\Console\\OutputStyle))
#22 /Users/awangwahyu/Downloads/SI4705-KELA-main/greennovate/vendor/laravel/framework/src/Illuminate/Console/Command.php(180): Symfony\\Component\\Console\\Command\\Command->run(Object(Symfony\\Component\\Console\\Input\\ArgvInput), Object(Illuminate\\Console\\OutputStyle))
#23 /Users/awangwahyu/Downloads/SI4705-KELA-main/greennovate/vendor/symfony/console/Application.php(1117): Illuminate\\Console\\Command->run(Object(Symfony\\Component\\Console\\Input\\ArgvInput), Object(Symfony\\Component\\Console\\Output\\ConsoleOutput))
#24 /Users/awangwahyu/Downloads/SI4705-KELA-main/greennovate/vendor/symfony/console/Application.php(356): Symfony\\Component\\Console\\Application->doRunCommand(Object(Illuminate\\Database\\Console\\Migrations\\MigrateCommand), Object(Symfony\\Component\\Console\\Input\\ArgvInput), Object(Symfony\\Component\\Console\\Output\\ConsoleOutput))
#25 /Users/awangwahyu/Downloads/SI4705-KELA-main/greennovate/vendor/symfony/console/Application.php(195): Symfony\\Component\\Console\\Application->doRun(Object(Symfony\\Component\\Console\\Input\\ArgvInput), Object(Symfony\\Component\\Console\\Output\\ConsoleOutput))
#26 /Users/awangwahyu/Downloads/SI4705-KELA-main/greennovate/vendor/laravel/framework/src/Illuminate/Foundation/Console/Kernel.php(198): Symfony\\Component\\Console\\Application->run(Object(Symfony\\Component\\Console\\Input\\ArgvInput), Object(Symfony\\Component\\Console\\Output\\ConsoleOutput))
#27 /Users/awangwahyu/Downloads/SI4705-KELA-main/greennovate/vendor/laravel/framework/src/Illuminate/Foundation/Application.php(1235): Illuminate\\Foundation\\Console\\Kernel->handle(Object(Symfony\\Component\\Console\\Input\\ArgvInput), Object(Symfony\\Component\\Console\\Output\\ConsoleOutput))
#28 /Users/awangwahyu/Downloads/SI4705-KELA-main/greennovate/artisan(16): Illuminate\\Foundation\\Application->handleCommand(Object(Symfony\\Component\\Console\\Input\\ArgvInput))
#29 {main}

[previous exception] [object] (PDOException(code: 7): SQLSTATE[08006] [7] connection to server at \"ep-sweet-bonus-anb5fldu-pooler.c-6.us-east-1.aws.neon.tech\" (2600:1f18:700d:422c:f04:46d:4248:7967), port 5432 failed: ERROR:  password authentication failed for user 'neondb_owner' at /Users/awangwahyu/Downloads/SI4705-KELA-main/greennovate/vendor/laravel/framework/src/Illuminate/Database/Connectors/Connector.php:67)
[stacktrace]
#0 /Users/awangwahyu/Downloads/SI4705-KELA-main/greennovate/vendor/laravel/framework/src/Illuminate/Database/Connectors/Connector.php(67): PDO::connect('pgsql:host=ep-s...', 'neondb_owner', Object(SensitiveParameterValue), Array)
#1 /Users/awangwahyu/Downloads/SI4705-KELA-main/greennovate/vendor/laravel/framework/src/Illuminate/Database/Connectors/Connector.php(44): Illuminate\\Database\\Connectors\\Connector->createPdoConnection('pgsql:host=ep-s...', 'neondb_owner', Object(SensitiveParameterValue), Array)
#2 /Users/awangwahyu/Downloads/SI4705-KELA-main/greennovate/vendor/laravel/framework/src/Illuminate/Database/Connectors/PostgresConnector.php(35): Illuminate\\Database\\Connectors\\Connector->createConnection('pgsql:host=ep-s...', Array, Array)
#3 /Users/awangwahyu/Downloads/SI4705-KELA-main/greennovate/vendor/laravel/framework/src/Illuminate/Database/Connectors/ConnectionFactory.php(186): Illuminate\\Database\\Connectors\\PostgresConnector->connect(Array)
#4 [internal function]: Illuminate\\Database\\Connectors\\ConnectionFactory->{closure:Illuminate\\Database\\Connectors\\ConnectionFactory::createPdoResolverWithHosts():181}()
#5 /Users/awangwahyu/Downloads/SI4705-KELA-main/greennovate/vendor/laravel/framework/src/Illuminate/Database/Connection.php(1257): call_user_func(Object(Closure))
#6 /Users/awangwahyu/Downloads/SI4705-KELA-main/greennovate/vendor/laravel/framework/src/Illuminate/Database/Connection.php(1295): Illuminate\\Database\\Connection->getPdo()
#7 /Users/awangwahyu/Downloads/SI4705-KELA-main/greennovate/vendor/laravel/framework/src/Illuminate/Database/Connection.php(525): Illuminate\\Database\\Connection->getReadPdo()
#8 /Users/awangwahyu/Downloads/SI4705-KELA-main/greennovate/vendor/laravel/framework/src/Illuminate/Database/Connection.php(420): Illuminate\\Database\\Connection->getPdoForSelect(true)
#9 /Users/awangwahyu/Downloads/SI4705-KELA-main/greennovate/vendor/laravel/framework/src/Illuminate/Database/Connection.php(827): Illuminate\\Database\\Connection->{closure:Illuminate\\Database\\Connection::select():411}('select exists (...', Array)
#10 /Users/awangwahyu/Downloads/SI4705-KELA-main/greennovate/vendor/laravel/framework/src/Illuminate/Database/Connection.php(794): Illuminate\\Database\\Connection->runQueryCallback('select exists (...', Array, Object(Closure))
#11 /Users/awangwahyu/Downloads/SI4705-KELA-main/greennovate/vendor/laravel/framework/src/Illuminate/Database/Connection.php(411): Illuminate\\Database\\Connection->run('select exists (...', Array, Object(Closure))
#12 /Users/awangwahyu/Downloads/SI4705-KELA-main/greennovate/vendor/laravel/framework/src/Illuminate/Database/Connection.php(357): Illuminate\\Database\\Connection->select('select exists (...', Array, true)
#13 /Users/awangwahyu/Downloads/SI4705-KELA-main/greennovate/vendor/laravel/framework/src/Illuminate/Database/Connection.php(374): Illuminate\\Database\\Connection->selectOne('select exists (...', Array, true)
#14 /Users/awangwahyu/Downloads/SI4705-KELA-main/greennovate/vendor/laravel/framework/src/Illuminate/Database/Schema/Builder.php(176): Illuminate\\Database\\Connection->scalar('select exists (...')
#15 /Users/awangwahyu/Downloads/SI4705-KELA-main/greennovate/vendor/laravel/framework/src/Illuminate/Database/Migrations/DatabaseMigrationRepository.php(185): Illuminate\\Database\\Schema\\Builder->hasTable('migrations')
#16 /Users/awangwahyu/Downloads/SI4705-KELA-main/greennovate/vendor/laravel/framework/src/Illuminate/Database/Migrations/Migrator.php(758): Illuminate\\Database\\Migrations\\DatabaseMigrationRepository->repositoryExists()
#17 /Users/awangwahyu/Downloads/SI4705-KELA-main/greennovate/vendor/laravel/framework/src/Illuminate/Database/Console/Migrations/MigrateCommand.php(164): Illuminate\\Database\\Migrations\\Migrator->repositoryExists()
#18 /Users/awangwahyu/Downloads/SI4705-KELA-main/greennovate/vendor/laravel/framework/src/Illuminate/Support/helpers.php(328): Illuminate\\Database\\Console\\Migrations\\MigrateCommand->{closure:Illuminate\\Database\\Console\\Migrations\\MigrateCommand::repositoryExists():164}(1)
#19 /Users/awangwahyu/Downloads/SI4705-KELA-main/greennovate/vendor/laravel/framework/src/Illuminate/Database/Console/Migrations/MigrateCommand.php(164): retry(1, Object(Closure), 0, Object(Closure))
#20 /Users/awangwahyu/Downloads/SI4705-KELA-main/greennovate/vendor/laravel/framework/src/Illuminate/Database/Console/Migrations/MigrateCommand.php(140): Illuminate\\Database\\Console\\Migrations\\MigrateCommand->repositoryExists()
#21 /Users/awangwahyu/Downloads/SI4705-KELA-main/greennovate/vendor/laravel/framework/src/Illuminate/Database/Console/Migrations/MigrateCommand.php(110): Illuminate\\Database\\Console\\Migrations\\MigrateCommand->prepareDatabase()
#22 /Users/awangwahyu/Downloads/SI4705-KELA-main/greennovate/vendor/laravel/framework/src/Illuminate/Database/Migrations/Migrator.php(671): Illuminate\\Database\\Console\\Migrations\\MigrateCommand->{closure:Illuminate\\Database\\Console\\Migrations\\MigrateCommand::runMigrations():109}()
#23 /Users/awangwahyu/Downloads/SI4705-KELA-main/greennovate/vendor/laravel/framework/src/Illuminate/Database/Console/Migrations/MigrateCommand.php(109): Illuminate\\Database\\Migrations\\Migrator->usingConnection(NULL, Object(Closure))
#24 /Users/awangwahyu/Downloads/SI4705-KELA-main/greennovate/vendor/laravel/framework/src/Illuminate/Database/Console/Migrations/MigrateCommand.php(88): Illuminate\\Database\\Console\\Migrations\\MigrateCommand->runMigrations()
#25 /Users/awangwahyu/Downloads/SI4705-KELA-main/greennovate/vendor/laravel/framework/src/Illuminate/Container/BoundMethod.php(36): Illuminate\\Database\\Console\\Migrations\\MigrateCommand->handle()
#26 /Users/awangwahyu/Downloads/SI4705-KELA-main/greennovate/vendor/laravel/framework/src/Illuminate/Container/Util.php(43): Illuminate\\Container\\BoundMethod::{closure:Illuminate\\Container\\BoundMethod::call():35}()
#27 /Users/awangwahyu/Downloads/SI4705-KELA-main/greennovate/vendor/laravel/framework/src/Illuminate/Container/BoundMethod.php(96): Illuminate\\Container\\Util::unwrapIfClosure(Object(Closure))
#28 /Users/awangwahyu/Downloads/SI4705-KELA-main/greennovate/vendor/laravel/framework/src/Illuminate/Container/BoundMethod.php(35): Illuminate\\Container\\BoundMethod::callBoundMethod(Object(Illuminate\\Foundation\\Application), Array, Object(Closure))
#29 /Users/awangwahyu/Downloads/SI4705-KELA-main/greennovate/vendor/laravel/framework/src/Illuminate/Container/Container.php(799): Illuminate\\Container\\BoundMethod::call(Object(Illuminate\\Foundation\\Application), Array, Array, NULL)
#30 /Users/awangwahyu/Downloads/SI4705-KELA-main/greennovate/vendor/laravel/framework/src/Illuminate/Console/Command.php(211): Illuminate\\Container\\Container->call(Array)
#31 /Users/awangwahyu/Downloads/SI4705-KELA-main/greennovate/vendor/symfony/console/Command/Command.php(341): Illuminate\\Console\\Command->execute(Object(Symfony\\Component\\Console\\Input\\ArgvInput), Object(Illuminate\\Console\\OutputStyle))
#32 /Users/awangwahyu/Downloads/SI4705-KELA-main/greennovate/vendor/laravel/framework/src/Illuminate/Console/Command.php(180): Symfony\\Component\\Console\\Command\\Command->run(Object(Symfony\\Component\\Console\\Input\\ArgvInput), Object(Illuminate\\Console\\OutputStyle))
#33 /Users/awangwahyu/Downloads/SI4705-KELA-main/greennovate/vendor/symfony/console/Application.php(1117): Illuminate\\Console\\Command->run(Object(Symfony\\Component\\Console\\Input\\ArgvInput), Object(Symfony\\Component\\Console\\Output\\ConsoleOutput))
#34 /Users/awangwahyu/Downloads/SI4705-KELA-main/greennovate/vendor/symfony/console/Application.php(356): Symfony\\Component\\Console\\Application->doRunCommand(Object(Illuminate\\Database\\Console\\Migrations\\MigrateCommand), Object(Symfony\\Component\\Console\\Input\\ArgvInput), Object(Symfony\\Component\\Console\\Output\\ConsoleOutput))
#35 /Users/awangwahyu/Downloads/SI4705-KELA-main/greennovate/vendor/symfony/console/Application.php(195): Symfony\\Component\\Console\\Application->doRun(Object(Symfony\\Component\\Console\\Input\\ArgvInput), Object(Symfony\\Component\\Console\\Output\\ConsoleOutput))
#36 /Users/awangwahyu/Downloads/SI4705-KELA-main/greennovate/vendor/laravel/framework/src/Illuminate/Foundation/Console/Kernel.php(198): Symfony\\Component\\Console\\Application->run(Object(Symfony\\Component\\Console\\Input\\ArgvInput), Object(Symfony\\Component\\Console\\Output\\ConsoleOutput))
#37 /Users/awangwahyu/Downloads/SI4705-KELA-main/greennovate/vendor/laravel/framework/src/Illuminate/Foundation/Application.php(1235): Illuminate\\Foundation\\Console\\Kernel->handle(Object(Symfony\\Component\\Console\\Input\\ArgvInput), Object(Symfony\\Component\\Console\\Output\\ConsoleOutput))
#38 /Users/awangwahyu/Downloads/SI4705-KELA-main/greennovate/artisan(16): Illuminate\\Foundation\\Application->handleCommand(Object(Symfony\\Component\\Console\\Input\\ArgvInput))
#39 {main}
"} 
[2026-04-21 11:55:17] local.ERROR: SQLSTATE[08006] [7] connection to server at "ep-sweet-bonus-anb5fldu-pooler.c-6.us-east-1.aws.neon.tech" (2600:1f18:700d:420f:6860:ea6:594c:ad0d), port 5432 failed: ERROR:  password authentication failed for user 'neondb_owner' (Connection: pgsql, Host: ep-sweet-bonus-anb5fldu-pooler.c-6.us-east-1.aws.neon.tech, Port: 5432, Database: Greenovete, SQL: select exists (select 1 from pg_class c, pg_namespace n where n.nspname = current_schema() and c.relname = 'migrations' and c.relkind in ('r', 'p') and n.oid = c.relnamespace)) {"exception":"[object] (Illuminate\\Database\\QueryException(code: 7): SQLSTATE[08006] [7] connection to server at \"ep-sweet-bonus-anb5fldu-pooler.c-6.us-east-1.aws.neon.tech\" (2600:1f18:700d:420f:6860:ea6:594c:ad0d), port 5432 failed: ERROR:  password authentication failed for user 'neondb_owner' (Connection: pgsql, Host: ep-sweet-bonus-anb5fldu-pooler.c-6.us-east-1.aws.neon.tech, Port: 5432, Database: Greenovete, SQL: select exists (select 1 from pg_class c, pg_namespace n where n.nspname = current_schema() and c.relname = 'migrations' and c.relkind in ('r', 'p') and n.oid = c.relnamespace)) at /Users/awangwahyu/Downloads/SI4705-KELA-main/greennovate/vendor/laravel/framework/src/Illuminate/Database/Connection.php:838)
[stacktrace]
#0 /Users/awangwahyu/Downloads/SI4705-KELA-main/greennovate/vendor/laravel/framework/src/Illuminate/Database/Connection.php(794): Illuminate\\Database\\Connection->runQueryCallback('select exists (...', Array, Object(Closure))
#1 /Users/awangwahyu/Downloads/SI4705-KELA-main/greennovate/vendor/laravel/framework/src/Illuminate/Database/Connection.php(411): Illuminate\\Database\\Connection->run('select exists (...', Array, Object(Closure))
#2 /Users/awangwahyu/Downloads/SI4705-KELA-main/greennovate/vendor/laravel/framework/src/Illuminate/Database/Connection.php(357): Illuminate\\Database\\Connection->select('select exists (...', Array, true)
#3 /Users/awangwahyu/Downloads/SI4705-KELA-main/greennovate/vendor/laravel/framework/src/Illuminate/Database/Connection.php(374): Illuminate\\Database\\Connection->selectOne('select exists (...', Array, true)
#4 /Users/awangwahyu/Downloads/SI4705-KELA-main/greennovate/vendor/laravel/framework/src/Illuminate/Database/Schema/Builder.php(176): Illuminate\\Database\\Connection->scalar('select exists (...')
#5 /Users/awangwahyu/Downloads/SI4705-KELA-main/greennovate/vendor/laravel/framework/src/Illuminate/Database/Migrations/DatabaseMigrationRepository.php(185): Illuminate\\Database\\Schema\\Builder->hasTable('migrations')
#6 /Users/awangwahyu/Downloads/SI4705-KELA-main/greennovate/vendor/laravel/framework/src/Illuminate/Database/Migrations/Migrator.php(758): Illuminate\\Database\\Migrations\\DatabaseMigrationRepository->repositoryExists()
#7 /Users/awangwahyu/Downloads/SI4705-KELA-main/greennovate/vendor/laravel/framework/src/Illuminate/Database/Console/Migrations/MigrateCommand.php(164): Illuminate\\Database\\Migrations\\Migrator->repositoryExists()
#8 /Users/awangwahyu/Downloads/SI4705-KELA-main/greennovate/vendor/laravel/framework/src/Illuminate/Support/helpers.php(328): Illuminate\\Database\\Console\\Migrations\\MigrateCommand->{closure:Illuminate\\Database\\Console\\Migrations\\MigrateCommand::repositoryExists():164}(1)
#9 /Users/awangwahyu/Downloads/SI4705-KELA-main/greennovate/vendor/laravel/framework/src/Illuminate/Database/Console/Migrations/MigrateCommand.php(164): retry(1, Object(Closure), 0, Object(Closure))
#10 /Users/awangwahyu/Downloads/SI4705-KELA-main/greennovate/vendor/laravel/framework/src/Illuminate/Database/Console/Migrations/MigrateCommand.php(140): Illuminate\\Database\\Console\\Migrations\\MigrateCommand->repositoryExists()
#11 /Users/awangwahyu/Downloads/SI4705-KELA-main/greennovate/vendor/laravel/framework/src/Illuminate/Database/Console/Migrations/MigrateCommand.php(110): Illuminate\\Database\\Console\\Migrations\\MigrateCommand->prepareDatabase()
#12 /Users/awangwahyu/Downloads/SI4705-KELA-main/greennovate/vendor/laravel/framework/src/Illuminate/Database/Migrations/Migrator.php(671): Illuminate\\Database\\Console\\Migrations\\MigrateCommand->{closure:Illuminate\\Database\\Console\\Migrations\\MigrateCommand::runMigrations():109}()
#13 /Users/awangwahyu/Downloads/SI4705-KELA-main/greennovate/vendor/laravel/framework/src/Illuminate/Database/Console/Migrations/MigrateCommand.php(109): Illuminate\\Database\\Migrations\\Migrator->usingConnection(NULL, Object(Closure))
#14 /Users/awangwahyu/Downloads/SI4705-KELA-main/greennovate/vendor/laravel/framework/src/Illuminate/Database/Console/Migrations/MigrateCommand.php(88): Illuminate\\Database\\Console\\Migrations\\MigrateCommand->runMigrations()
#15 /Users/awangwahyu/Downloads/SI4705-KELA-main/greennovate/vendor/laravel/framework/src/Illuminate/Container/BoundMethod.php(36): Illuminate\\Database\\Console\\Migrations\\MigrateCommand->handle()
#16 /Users/awangwahyu/Downloads/SI4705-KELA-main/greennovate/vendor/laravel/framework/src/Illuminate/Container/Util.php(43): Illuminate\\Container\\BoundMethod::{closure:Illuminate\\Container\\BoundMethod::call():35}()
#17 /Users/awangwahyu/Downloads/SI4705-KELA-main/greennovate/vendor/laravel/framework/src/Illuminate/Container/BoundMethod.php(96): Illuminate\\Container\\Util::unwrapIfClosure(Object(Closure))
#18 /Users/awangwahyu/Downloads/SI4705-KELA-main/greennovate/vendor/laravel/framework/src/Illuminate/Container/BoundMethod.php(35): Illuminate\\Container\\BoundMethod::callBoundMethod(Object(Illuminate\\Foundation\\Application), Array, Object(Closure))
#19 /Users/awangwahyu/Downloads/SI4705-KELA-main/greennovate/vendor/laravel/framework/src/Illuminate/Container/Container.php(799): Illuminate\\Container\\BoundMethod::call(Object(Illuminate\\Foundation\\Application), Array, Array, NULL)
#20 /Users/awangwahyu/Downloads/SI4705-KELA-main/greennovate/vendor/laravel/framework/src/Illuminate/Console/Command.php(211): Illuminate\\Container\\Container->call(Array)
#21 /Users/awangwahyu/Downloads/SI4705-KELA-main/greennovate/vendor/symfony/console/Command/Command.php(341): Illuminate\\Console\\Command->execute(Object(Symfony\\Component\\Console\\Input\\ArgvInput), Object(Illuminate\\Console\\OutputStyle))
#22 /Users/awangwahyu/Downloads/SI4705-KELA-main/greennovate/vendor/laravel/framework/src/Illuminate/Console/Command.php(180): Symfony\\Component\\Console\\Command\\Command->run(Object(Symfony\\Component\\Console\\Input\\ArgvInput), Object(Illuminate\\Console\\OutputStyle))
#23 /Users/awangwahyu/Downloads/SI4705-KELA-main/greennovate/vendor/symfony/console/Application.php(1117): Illuminate\\Console\\Command->run(Object(Symfony\\Component\\Console\\Input\\ArgvInput), Object(Symfony\\Component\\Console\\Output\\ConsoleOutput))
#24 /Users/awangwahyu/Downloads/SI4705-KELA-main/greennovate/vendor/symfony/console/Application.php(356): Symfony\\Component\\Console\\Application->doRunCommand(Object(Illuminate\\Database\\Console\\Migrations\\MigrateCommand), Object(Symfony\\Component\\Console\\Input\\ArgvInput), Object(Symfony\\Component\\Console\\Output\\ConsoleOutput))
#25 /Users/awangwahyu/Downloads/SI4705-KELA-main/greennovate/vendor/symfony/console/Application.php(195): Symfony\\Component\\Console\\Application->doRun(Object(Symfony\\Component\\Console\\Input\\ArgvInput), Object(Symfony\\Component\\Console\\Output\\ConsoleOutput))
#26 /Users/awangwahyu/Downloads/SI4705-KELA-main/greennovate/vendor/laravel/framework/src/Illuminate/Foundation/Console/Kernel.php(198): Symfony\\Component\\Console\\Application->run(Object(Symfony\\Component\\Console\\Input\\ArgvInput), Object(Symfony\\Component\\Console\\Output\\ConsoleOutput))
#27 /Users/awangwahyu/Downloads/SI4705-KELA-main/greennovate/vendor/laravel/framework/src/Illuminate/Foundation/Application.php(1235): Illuminate\\Foundation\\Console\\Kernel->handle(Object(Symfony\\Component\\Console\\Input\\ArgvInput), Object(Symfony\\Component\\Console\\Output\\ConsoleOutput))
#28 /Users/awangwahyu/Downloads/SI4705-KELA-main/greennovate/artisan(16): Illuminate\\Foundation\\Application->handleCommand(Object(Symfony\\Component\\Console\\Input\\ArgvInput))
#29 {main}

[previous exception] [object] (PDOException(code: 7): SQLSTATE[08006] [7] connection to server at \"ep-sweet-bonus-anb5fldu-pooler.c-6.us-east-1.aws.neon.tech\" (2600:1f18:700d:420f:6860:ea6:594c:ad0d), port 5432 failed: ERROR:  password authentication failed for user 'neondb_owner' at /Users/awangwahyu/Downloads/SI4705-KELA-main/greennovate/vendor/laravel/framework/src/Illuminate/Database/Connectors/Connector.php:67)
[stacktrace]
#0 /Users/awangwahyu/Downloads/SI4705-KELA-main/greennovate/vendor/laravel/framework/src/Illuminate/Database/Connectors/Connector.php(67): PDO::connect('pgsql:host=ep-s...', 'neondb_owner', Object(SensitiveParameterValue), Array)
#1 /Users/awangwahyu/Downloads/SI4705-KELA-main/greennovate/vendor/laravel/framework/src/Illuminate/Database/Connectors/Connector.php(44): Illuminate\\Database\\Connectors\\Connector->createPdoConnection('pgsql:host=ep-s...', 'neondb_owner', Object(SensitiveParameterValue), Array)
#2 /Users/awangwahyu/Downloads/SI4705-KELA-main/greennovate/vendor/laravel/framework/src/Illuminate/Database/Connectors/PostgresConnector.php(35): Illuminate\\Database\\Connectors\\Connector->createConnection('pgsql:host=ep-s...', Array, Array)
#3 /Users/awangwahyu/Downloads/SI4705-KELA-main/greennovate/vendor/laravel/framework/src/Illuminate/Database/Connectors/ConnectionFactory.php(186): Illuminate\\Database\\Connectors\\PostgresConnector->connect(Array)
#4 [internal function]: Illuminate\\Database\\Connectors\\ConnectionFactory->{closure:Illuminate\\Database\\Connectors\\ConnectionFactory::createPdoResolverWithHosts():181}()
#5 /Users/awangwahyu/Downloads/SI4705-KELA-main/greennovate/vendor/laravel/framework/src/Illuminate/Database/Connection.php(1257): call_user_func(Object(Closure))
#6 /Users/awangwahyu/Downloads/SI4705-KELA-main/greennovate/vendor/laravel/framework/src/Illuminate/Database/Connection.php(1295): Illuminate\\Database\\Connection->getPdo()
#7 /Users/awangwahyu/Downloads/SI4705-KELA-main/greennovate/vendor/laravel/framework/src/Illuminate/Database/Connection.php(525): Illuminate\\Database\\Connection->getReadPdo()
#8 /Users/awangwahyu/Downloads/SI4705-KELA-main/greennovate/vendor/laravel/framework/src/Illuminate/Database/Connection.php(420): Illuminate\\Database\\Connection->getPdoForSelect(true)
#9 /Users/awangwahyu/Downloads/SI4705-KELA-main/greennovate/vendor/laravel/framework/src/Illuminate/Database/Connection.php(827): Illuminate\\Database\\Connection->{closure:Illuminate\\Database\\Connection::select():411}('select exists (...', Array)
#10 /Users/awangwahyu/Downloads/SI4705-KELA-main/greennovate/vendor/laravel/framework/src/Illuminate/Database/Connection.php(794): Illuminate\\Database\\Connection->runQueryCallback('select exists (...', Array, Object(Closure))
#11 /Users/awangwahyu/Downloads/SI4705-KELA-main/greennovate/vendor/laravel/framework/src/Illuminate/Database/Connection.php(411): Illuminate\\Database\\Connection->run('select exists (...', Array, Object(Closure))
#12 /Users/awangwahyu/Downloads/SI4705-KELA-main/greennovate/vendor/laravel/framework/src/Illuminate/Database/Connection.php(357): Illuminate\\Database\\Connection->select('select exists (...', Array, true)
#13 /Users/awangwahyu/Downloads/SI4705-KELA-main/greennovate/vendor/laravel/framework/src/Illuminate/Database/Connection.php(374): Illuminate\\Database\\Connection->selectOne('select exists (...', Array, true)
#14 /Users/awangwahyu/Downloads/SI4705-KELA-main/greennovate/vendor/laravel/framework/src/Illuminate/Database/Schema/Builder.php(176): Illuminate\\Database\\Connection->scalar('select exists (...')
#15 /Users/awangwahyu/Downloads/SI4705-KELA-main/greennovate/vendor/laravel/framework/src/Illuminate/Database/Migrations/DatabaseMigrationRepository.php(185): Illuminate\\Database\\Schema\\Builder->hasTable('migrations')
#16 /Users/awangwahyu/Downloads/SI4705-KELA-main/greennovate/vendor/laravel/framework/src/Illuminate/Database/Migrations/Migrator.php(758): Illuminate\\Database\\Migrations\\DatabaseMigrationRepository->repositoryExists()
#17 /Users/awangwahyu/Downloads/SI4705-KELA-main/greennovate/vendor/laravel/framework/src/Illuminate/Database/Console/Migrations/MigrateCommand.php(164): Illuminate\\Database\\Migrations\\Migrator->repositoryExists()
#18 /Users/awangwahyu/Downloads/SI4705-KELA-main/greennovate/vendor/laravel/framework/src/Illuminate/Support/helpers.php(328): Illuminate\\Database\\Console\\Migrations\\MigrateCommand->{closure:Illuminate\\Database\\Console\\Migrations\\MigrateCommand::repositoryExists():164}(1)
#19 /Users/awangwahyu/Downloads/SI4705-KELA-main/greennovate/vendor/laravel/framework/src/Illuminate/Database/Console/Migrations/MigrateCommand.php(164): retry(1, Object(Closure), 0, Object(Closure))
#20 /Users/awangwahyu/Downloads/SI4705-KELA-main/greennovate/vendor/laravel/framework/src/Illuminate/Database/Console/Migrations/MigrateCommand.php(140): Illuminate\\Database\\Console\\Migrations\\MigrateCommand->repositoryExists()
#21 /Users/awangwahyu/Downloads/SI4705-KELA-main/greennovate/vendor/laravel/framework/src/Illuminate/Database/Console/Migrations/MigrateCommand.php(110): Illuminate\\Database\\Console\\Migrations\\MigrateCommand->prepareDatabase()
#22 /Users/awangwahyu/Downloads/SI4705-KELA-main/greennovate/vendor/laravel/framework/src/Illuminate/Database/Migrations/Migrator.php(671): Illuminate\\Database\\Console\\Migrations\\MigrateCommand->{closure:Illuminate\\Database\\Console\\Migrations\\MigrateCommand::runMigrations():109}()
#23 /Users/awangwahyu/Downloads/SI4705-KELA-main/greennovate/vendor/laravel/framework/src/Illuminate/Database/Console/Migrations/MigrateCommand.php(109): Illuminate\\Database\\Migrations\\Migrator->usingConnection(NULL, Object(Closure))
#24 /Users/awangwahyu/Downloads/SI4705-KELA-main/greennovate/vendor/laravel/framework/src/Illuminate/Database/Console/Migrations/MigrateCommand.php(88): Illuminate\\Database\\Console\\Migrations\\MigrateCommand->runMigrations()
#25 /Users/awangwahyu/Downloads/SI4705-KELA-main/greennovate/vendor/laravel/framework/src/Illuminate/Container/BoundMethod.php(36): Illuminate\\Database\\Console\\Migrations\\MigrateCommand->handle()
#26 /Users/awangwahyu/Downloads/SI4705-KELA-main/greennovate/vendor/laravel/framework/src/Illuminate/Container/Util.php(43): Illuminate\\Container\\BoundMethod::{closure:Illuminate\\Container\\BoundMethod::call():35}()
#27 /Users/awangwahyu/Downloads/SI4705-KELA-main/greennovate/vendor/laravel/framework/src/Illuminate/Container/BoundMethod.php(96): Illuminate\\Container\\Util::unwrapIfClosure(Object(Closure))
#28 /Users/awangwahyu/Downloads/SI4705-KELA-main/greennovate/vendor/laravel/framework/src/Illuminate/Container/BoundMethod.php(35): Illuminate\\Container\\BoundMethod::callBoundMethod(Object(Illuminate\\Foundation\\Application), Array, Object(Closure))
#29 /Users/awangwahyu/Downloads/SI4705-KELA-main/greennovate/vendor/laravel/framework/src/Illuminate/Container/Container.php(799): Illuminate\\Container\\BoundMethod::call(Object(Illuminate\\Foundation\\Application), Array, Array, NULL)
#30 /Users/awangwahyu/Downloads/SI4705-KELA-main/greennovate/vendor/laravel/framework/src/Illuminate/Console/Command.php(211): Illuminate\\Container\\Container->call(Array)
#31 /Users/awangwahyu/Downloads/SI4705-KELA-main/greennovate/vendor/symfony/console/Command/Command.php(341): Illuminate\\Console\\Command->execute(Object(Symfony\\Component\\Console\\Input\\ArgvInput), Object(Illuminate\\Console\\OutputStyle))
#32 /Users/awangwahyu/Downloads/SI4705-KELA-main/greennovate/vendor/laravel/framework/src/Illuminate/Console/Command.php(180): Symfony\\Component\\Console\\Command\\Command->run(Object(Symfony\\Component\\Console\\Input\\ArgvInput), Object(Illuminate\\Console\\OutputStyle))
#33 /Users/awangwahyu/Downloads/SI4705-KELA-main/greennovate/vendor/symfony/console/Application.php(1117): Illuminate\\Console\\Command->run(Object(Symfony\\Component\\Console\\Input\\ArgvInput), Object(Symfony\\Component\\Console\\Output\\ConsoleOutput))
#34 /Users/awangwahyu/Downloads/SI4705-KELA-main/greennovate/vendor/symfony/console/Application.php(356): Symfony\\Component\\Console\\Application->doRunCommand(Object(Illuminate\\Database\\Console\\Migrations\\MigrateCommand), Object(Symfony\\Component\\Console\\Input\\ArgvInput), Object(Symfony\\Component\\Console\\Output\\ConsoleOutput))
#35 /Users/awangwahyu/Downloads/SI4705-KELA-main/greennovate/vendor/symfony/console/Application.php(195): Symfony\\Component\\Console\\Application->doRun(Object(Symfony\\Component\\Console\\Input\\ArgvInput), Object(Symfony\\Component\\Console\\Output\\ConsoleOutput))
#36 /Users/awangwahyu/Downloads/SI4705-KELA-main/greennovate/vendor/laravel/framework/src/Illuminate/Foundation/Console/Kernel.php(198): Symfony\\Component\\Console\\Application->run(Object(Symfony\\Component\\Console\\Input\\ArgvInput), Object(Symfony\\Component\\Console\\Output\\ConsoleOutput))
#37 /Users/awangwahyu/Downloads/SI4705-KELA-main/greennovate/vendor/laravel/framework/src/Illuminate/Foundation/Application.php(1235): Illuminate\\Foundation\\Console\\Kernel->handle(Object(Symfony\\Component\\Console\\Input\\ArgvInput), Object(Symfony\\Component\\Console\\Output\\ConsoleOutput))
#38 /Users/awangwahyu/Downloads/SI4705-KELA-main/greennovate/artisan(16): Illuminate\\Foundation\\Application->handleCommand(Object(Symfony\\Component\\Console\\Input\\ArgvInput))
#39 {main}
"} 
[2026-04-21 11:55:50] local.ERROR: SQLSTATE[08006] [7] connection to server at "ep-sweet-bonus-anb5fldu-pooler.c-6.us-east-1.aws.neon.tech" (2600:1f18:700d:420f:6860:ea6:594c:ad0d), port 5432 failed: ERROR:  password authentication failed for user 'neondb_owner' (Connection: pgsql, Host: ep-sweet-bonus-anb5fldu-pooler.c-6.us-east-1.aws.neon.tech, Port: 5432, Database: Greenovete, SQL: select exists (select 1 from pg_class c, pg_namespace n where n.nspname = current_schema() and c.relname = 'migrations' and c.relkind in ('r', 'p') and n.oid = c.relnamespace)) {"exception":"[object] (Illuminate\\Database\\QueryException(code: 7): SQLSTATE[08006] [7] connection to server at \"ep-sweet-bonus-anb5fldu-pooler.c-6.us-east-1.aws.neon.tech\" (2600:1f18:700d:420f:6860:ea6:594c:ad0d), port 5432 failed: ERROR:  password authentication failed for user 'neondb_owner' (Connection: pgsql, Host: ep-sweet-bonus-anb5fldu-pooler.c-6.us-east-1.aws.neon.tech, Port: 5432, Database: Greenovete, SQL: select exists (select 1 from pg_class c, pg_namespace n where n.nspname = current_schema() and c.relname = 'migrations' and c.relkind in ('r', 'p') and n.oid = c.relnamespace)) at /Users/awangwahyu/Downloads/SI4705-KELA-main/greennovate/vendor/laravel/framework/src/Illuminate/Database/Connection.php:838)
[stacktrace]
#0 /Users/awangwahyu/Downloads/SI4705-KELA-main/greennovate/vendor/laravel/framework/src/Illuminate/Database/Connection.php(794): Illuminate\\Database\\Connection->runQueryCallback('select exists (...', Array, Object(Closure))
#1 /Users/awangwahyu/Downloads/SI4705-KELA-main/greennovate/vendor/laravel/framework/src/Illuminate/Database/Connection.php(411): Illuminate\\Database\\Connection->run('select exists (...', Array, Object(Closure))
#2 /Users/awangwahyu/Downloads/SI4705-KELA-main/greennovate/vendor/laravel/framework/src/Illuminate/Database/Connection.php(357): Illuminate\\Database\\Connection->select('select exists (...', Array, true)
#3 /Users/awangwahyu/Downloads/SI4705-KELA-main/greennovate/vendor/laravel/framework/src/Illuminate/Database/Connection.php(374): Illuminate\\Database\\Connection->selectOne('select exists (...', Array, true)
#4 /Users/awangwahyu/Downloads/SI4705-KELA-main/greennovate/vendor/laravel/framework/src/Illuminate/Database/Schema/Builder.php(176): Illuminate\\Database\\Connection->scalar('select exists (...')
#5 /Users/awangwahyu/Downloads/SI4705-KELA-main/greennovate/vendor/laravel/framework/src/Illuminate/Database/Migrations/DatabaseMigrationRepository.php(185): Illuminate\\Database\\Schema\\Builder->hasTable('migrations')
#6 /Users/awangwahyu/Downloads/SI4705-KELA-main/greennovate/vendor/laravel/framework/src/Illuminate/Database/Migrations/Migrator.php(758): Illuminate\\Database\\Migrations\\DatabaseMigrationRepository->repositoryExists()
#7 /Users/awangwahyu/Downloads/SI4705-KELA-main/greennovate/vendor/laravel/framework/src/Illuminate/Database/Console/Migrations/MigrateCommand.php(164): Illuminate\\Database\\Migrations\\Migrator->repositoryExists()
#8 /Users/awangwahyu/Downloads/SI4705-KELA-main/greennovate/vendor/laravel/framework/src/Illuminate/Support/helpers.php(328): Illuminate\\Database\\Console\\Migrations\\MigrateCommand->{closure:Illuminate\\Database\\Console\\Migrations\\MigrateCommand::repositoryExists():164}(1)
#9 /Users/awangwahyu/Downloads/SI4705-KELA-main/greennovate/vendor/laravel/framework/src/Illuminate/Database/Console/Migrations/MigrateCommand.php(164): retry(1, Object(Closure), 0, Object(Closure))
#10 /Users/awangwahyu/Downloads/SI4705-KELA-main/greennovate/vendor/laravel/framework/src/Illuminate/Database/Console/Migrations/MigrateCommand.php(140): Illuminate\\Database\\Console\\Migrations\\MigrateCommand->repositoryExists()
#11 /Users/awangwahyu/Downloads/SI4705-KELA-main/greennovate/vendor/laravel/framework/src/Illuminate/Database/Console/Migrations/MigrateCommand.php(110): Illuminate\\Database\\Console\\Migrations\\MigrateCommand->prepareDatabase()
#12 /Users/awangwahyu/Downloads/SI4705-KELA-main/greennovate/vendor/laravel/framework/src/Illuminate/Database/Migrations/Migrator.php(671): Illuminate\\Database\\Console\\Migrations\\MigrateCommand->{closure:Illuminate\\Database\\Console\\Migrations\\MigrateCommand::runMigrations():109}()
#13 /Users/awangwahyu/Downloads/SI4705-KELA-main/greennovate/vendor/laravel/framework/src/Illuminate/Database/Console/Migrations/MigrateCommand.php(109): Illuminate\\Database\\Migrations\\Migrator->usingConnection(NULL, Object(Closure))
#14 /Users/awangwahyu/Downloads/SI4705-KELA-main/greennovate/vendor/laravel/framework/src/Illuminate/Database/Console/Migrations/MigrateCommand.php(88): Illuminate\\Database\\Console\\Migrations\\MigrateCommand->runMigrations()
#15 /Users/awangwahyu/Downloads/SI4705-KELA-main/greennovate/vendor/laravel/framework/src/Illuminate/Container/BoundMethod.php(36): Illuminate\\Database\\Console\\Migrations\\MigrateCommand->handle()
#16 /Users/awangwahyu/Downloads/SI4705-KELA-main/greennovate/vendor/laravel/framework/src/Illuminate/Container/Util.php(43): Illuminate\\Container\\BoundMethod::{closure:Illuminate\\Container\\BoundMethod::call():35}()
#17 /Users/awangwahyu/Downloads/SI4705-KELA-main/greennovate/vendor/laravel/framework/src/Illuminate/Container/BoundMethod.php(96): Illuminate\\Container\\Util::unwrapIfClosure(Object(Closure))
#18 /Users/awangwahyu/Downloads/SI4705-KELA-main/greennovate/vendor/laravel/framework/src/Illuminate/Container/BoundMethod.php(35): Illuminate\\Container\\BoundMethod::callBoundMethod(Object(Illuminate\\Foundation\\Application), Array, Object(Closure))
#19 /Users/awangwahyu/Downloads/SI4705-KELA-main/greennovate/vendor/laravel/framework/src/Illuminate/Container/Container.php(799): Illuminate\\Container\\BoundMethod::call(Object(Illuminate\\Foundation\\Application), Array, Array, NULL)
#20 /Users/awangwahyu/Downloads/SI4705-KELA-main/greennovate/vendor/laravel/framework/src/Illuminate/Console/Command.php(211): Illuminate\\Container\\Container->call(Array)
#21 /Users/awangwahyu/Downloads/SI4705-KELA-main/greennovate/vendor/symfony/console/Command/Command.php(341): Illuminate\\Console\\Command->execute(Object(Symfony\\Component\\Console\\Input\\ArgvInput), Object(Illuminate\\Console\\OutputStyle))
#22 /Users/awangwahyu/Downloads/SI4705-KELA-main/greennovate/vendor/laravel/framework/src/Illuminate/Console/Command.php(180): Symfony\\Component\\Console\\Command\\Command->run(Object(Symfony\\Component\\Console\\Input\\ArgvInput), Object(Illuminate\\Console\\OutputStyle))
#23 /Users/awangwahyu/Downloads/SI4705-KELA-main/greennovate/vendor/symfony/console/Application.php(1117): Illuminate\\Console\\Command->run(Object(Symfony\\Component\\Console\\Input\\ArgvInput), Object(Symfony\\Component\\Console\\Output\\ConsoleOutput))
#24 /Users/awangwahyu/Downloads/SI4705-KELA-main/greennovate/vendor/symfony/console/Application.php(356): Symfony\\Component\\Console\\Application->doRunCommand(Object(Illuminate\\Database\\Console\\Migrations\\MigrateCommand), Object(Symfony\\Component\\Console\\Input\\ArgvInput), Object(Symfony\\Component\\Console\\Output\\ConsoleOutput))
#25 /Users/awangwahyu/Downloads/SI4705-KELA-main/greennovate/vendor/symfony/console/Application.php(195): Symfony\\Component\\Console\\Application->doRun(Object(Symfony\\Component\\Console\\Input\\ArgvInput), Object(Symfony\\Component\\Console\\Output\\ConsoleOutput))
#26 /Users/awangwahyu/Downloads/SI4705-KELA-main/greennovate/vendor/laravel/framework/src/Illuminate/Foundation/Console/Kernel.php(198): Symfony\\Component\\Console\\Application->run(Object(Symfony\\Component\\Console\\Input\\ArgvInput), Object(Symfony\\Component\\Console\\Output\\ConsoleOutput))
#27 /Users/awangwahyu/Downloads/SI4705-KELA-main/greennovate/vendor/laravel/framework/src/Illuminate/Foundation/Application.php(1235): Illuminate\\Foundation\\Console\\Kernel->handle(Object(Symfony\\Component\\Console\\Input\\ArgvInput), Object(Symfony\\Component\\Console\\Output\\ConsoleOutput))
#28 /Users/awangwahyu/Downloads/SI4705-KELA-main/greennovate/artisan(16): Illuminate\\Foundation\\Application->handleCommand(Object(Symfony\\Component\\Console\\Input\\ArgvInput))
#29 {main}

[previous exception] [object] (PDOException(code: 7): SQLSTATE[08006] [7] connection to server at \"ep-sweet-bonus-anb5fldu-pooler.c-6.us-east-1.aws.neon.tech\" (2600:1f18:700d:420f:6860:ea6:594c:ad0d), port 5432 failed: ERROR:  password authentication failed for user 'neondb_owner' at /Users/awangwahyu/Downloads/SI4705-KELA-main/greennovate/vendor/laravel/framework/src/Illuminate/Database/Connectors/Connector.php:67)
[stacktrace]
#0 /Users/awangwahyu/Downloads/SI4705-KELA-main/greennovate/vendor/laravel/framework/src/Illuminate/Database/Connectors/Connector.php(67): PDO::connect('pgsql:host=ep-s...', 'neondb_owner', Object(SensitiveParameterValue), Array)
#1 /Users/awangwahyu/Downloads/SI4705-KELA-main/greennovate/vendor/laravel/framework/src/Illuminate/Database/Connectors/Connector.php(44): Illuminate\\Database\\Connectors\\Connector->createPdoConnection('pgsql:host=ep-s...', 'neondb_owner', Object(SensitiveParameterValue), Array)
#2 /Users/awangwahyu/Downloads/SI4705-KELA-main/greennovate/vendor/laravel/framework/src/Illuminate/Database/Connectors/PostgresConnector.php(35): Illuminate\\Database\\Connectors\\Connector->createConnection('pgsql:host=ep-s...', Array, Array)
#3 /Users/awangwahyu/Downloads/SI4705-KELA-main/greennovate/vendor/laravel/framework/src/Illuminate/Database/Connectors/ConnectionFactory.php(186): Illuminate\\Database\\Connectors\\PostgresConnector->connect(Array)
#4 [internal function]: Illuminate\\Database\\Connectors\\ConnectionFactory->{closure:Illuminate\\Database\\Connectors\\ConnectionFactory::createPdoResolverWithHosts():181}()
#5 /Users/awangwahyu/Downloads/SI4705-KELA-main/greennovate/vendor/laravel/framework/src/Illuminate/Database/Connection.php(1257): call_user_func(Object(Closure))
#6 /Users/awangwahyu/Downloads/SI4705-KELA-main/greennovate/vendor/laravel/framework/src/Illuminate/Database/Connection.php(1295): Illuminate\\Database\\Connection->getPdo()
#7 /Users/awangwahyu/Downloads/SI4705-KELA-main/greennovate/vendor/laravel/framework/src/Illuminate/Database/Connection.php(525): Illuminate\\Database\\Connection->getReadPdo()
#8 /Users/awangwahyu/Downloads/SI4705-KELA-main/greennovate/vendor/laravel/framework/src/Illuminate/Database/Connection.php(420): Illuminate\\Database\\Connection->getPdoForSelect(true)
#9 /Users/awangwahyu/Downloads/SI4705-KELA-main/greennovate/vendor/laravel/framework/src/Illuminate/Database/Connection.php(827): Illuminate\\Database\\Connection->{closure:Illuminate\\Database\\Connection::select():411}('select exists (...', Array)
#10 /Users/awangwahyu/Downloads/SI4705-KELA-main/greennovate/vendor/laravel/framework/src/Illuminate/Database/Connection.php(794): Illuminate\\Database\\Connection->runQueryCallback('select exists (...', Array, Object(Closure))
#11 /Users/awangwahyu/Downloads/SI4705-KELA-main/greennovate/vendor/laravel/framework/src/Illuminate/Database/Connection.php(411): Illuminate\\Database\\Connection->run('select exists (...', Array, Object(Closure))
#12 /Users/awangwahyu/Downloads/SI4705-KELA-main/greennovate/vendor/laravel/framework/src/Illuminate/Database/Connection.php(357): Illuminate\\Database\\Connection->select('select exists (...', Array, true)
#13 /Users/awangwahyu/Downloads/SI4705-KELA-main/greennovate/vendor/laravel/framework/src/Illuminate/Database/Connection.php(374): Illuminate\\Database\\Connection->selectOne('select exists (...', Array, true)
#14 /Users/awangwahyu/Downloads/SI4705-KELA-main/greennovate/vendor/laravel/framework/src/Illuminate/Database/Schema/Builder.php(176): Illuminate\\Database\\Connection->scalar('select exists (...')
#15 /Users/awangwahyu/Downloads/SI4705-KELA-main/greennovate/vendor/laravel/framework/src/Illuminate/Database/Migrations/DatabaseMigrationRepository.php(185): Illuminate\\Database\\Schema\\Builder->hasTable('migrations')
#16 /Users/awangwahyu/Downloads/SI4705-KELA-main/greennovate/vendor/laravel/framework/src/Illuminate/Database/Migrations/Migrator.php(758): Illuminate\\Database\\Migrations\\DatabaseMigrationRepository->repositoryExists()
#17 /Users/awangwahyu/Downloads/SI4705-KELA-main/greennovate/vendor/laravel/framework/src/Illuminate/Database/Console/Migrations/MigrateCommand.php(164): Illuminate\\Database\\Migrations\\Migrator->repositoryExists()
#18 /Users/awangwahyu/Downloads/SI4705-KELA-main/greennovate/vendor/laravel/framework/src/Illuminate/Support/helpers.php(328): Illuminate\\Database\\Console\\Migrations\\MigrateCommand->{closure:Illuminate\\Database\\Console\\Migrations\\MigrateCommand::repositoryExists():164}(1)
#19 /Users/awangwahyu/Downloads/SI4705-KELA-main/greennovate/vendor/laravel/framework/src/Illuminate/Database/Console/Migrations/MigrateCommand.php(164): retry(1, Object(Closure), 0, Object(Closure))
#20 /Users/awangwahyu/Downloads/SI4705-KELA-main/greennovate/vendor/laravel/framework/src/Illuminate/Database/Console/Migrations/MigrateCommand.php(140): Illuminate\\Database\\Console\\Migrations\\MigrateCommand->repositoryExists()
#21 /Users/awangwahyu/Downloads/SI4705-KELA-main/greennovate/vendor/laravel/framework/src/Illuminate/Database/Console/Migrations/MigrateCommand.php(110): Illuminate\\Database\\Console\\Migrations\\MigrateCommand->prepareDatabase()
#22 /Users/awangwahyu/Downloads/SI4705-KELA-main/greennovate/vendor/laravel/framework/src/Illuminate/Database/Migrations/Migrator.php(671): Illuminate\\Database\\Console\\Migrations\\MigrateCommand->{closure:Illuminate\\Database\\Console\\Migrations\\MigrateCommand::runMigrations():109}()
#23 /Users/awangwahyu/Downloads/SI4705-KELA-main/greennovate/vendor/laravel/framework/src/Illuminate/Database/Console/Migrations/MigrateCommand.php(109): Illuminate\\Database\\Migrations\\Migrator->usingConnection(NULL, Object(Closure))
#24 /Users/awangwahyu/Downloads/SI4705-KELA-main/greennovate/vendor/laravel/framework/src/Illuminate/Database/Console/Migrations/MigrateCommand.php(88): Illuminate\\Database\\Console\\Migrations\\MigrateCommand->runMigrations()
#25 /Users/awangwahyu/Downloads/SI4705-KELA-main/greennovate/vendor/laravel/framework/src/Illuminate/Container/BoundMethod.php(36): Illuminate\\Database\\Console\\Migrations\\MigrateCommand->handle()
#26 /Users/awangwahyu/Downloads/SI4705-KELA-main/greennovate/vendor/laravel/framework/src/Illuminate/Container/Util.php(43): Illuminate\\Container\\BoundMethod::{closure:Illuminate\\Container\\BoundMethod::call():35}()
#27 /Users/awangwahyu/Downloads/SI4705-KELA-main/greennovate/vendor/laravel/framework/src/Illuminate/Container/BoundMethod.php(96): Illuminate\\Container\\Util::unwrapIfClosure(Object(Closure))
#28 /Users/awangwahyu/Downloads/SI4705-KELA-main/greennovate/vendor/laravel/framework/src/Illuminate/Container/BoundMethod.php(35): Illuminate\\Container\\BoundMethod::callBoundMethod(Object(Illuminate\\Foundation\\Application), Array, Object(Closure))
#29 /Users/awangwahyu/Downloads/SI4705-KELA-main/greennovate/vendor/laravel/framework/src/Illuminate/Container/Container.php(799): Illuminate\\Container\\BoundMethod::call(Object(Illuminate\\Foundation\\Application), Array, Array, NULL)
#30 /Users/awangwahyu/Downloads/SI4705-KELA-main/greennovate/vendor/laravel/framework/src/Illuminate/Console/Command.php(211): Illuminate\\Container\\Container->call(Array)
#31 /Users/awangwahyu/Downloads/SI4705-KELA-main/greennovate/vendor/symfony/console/Command/Command.php(341): Illuminate\\Console\\Command->execute(Object(Symfony\\Component\\Console\\Input\\ArgvInput), Object(Illuminate\\Console\\OutputStyle))
#32 /Users/awangwahyu/Downloads/SI4705-KELA-main/greennovate/vendor/laravel/framework/src/Illuminate/Console/Command.php(180): Symfony\\Component\\Console\\Command\\Command->run(Object(Symfony\\Component\\Console\\Input\\ArgvInput), Object(Illuminate\\Console\\OutputStyle))
#33 /Users/awangwahyu/Downloads/SI4705-KELA-main/greennovate/vendor/symfony/console/Application.php(1117): Illuminate\\Console\\Command->run(Object(Symfony\\Component\\Console\\Input\\ArgvInput), Object(Symfony\\Component\\Console\\Output\\ConsoleOutput))
#34 /Users/awangwahyu/Downloads/SI4705-KELA-main/greennovate/vendor/symfony/console/Application.php(356): Symfony\\Component\\Console\\Application->doRunCommand(Object(Illuminate\\Database\\Console\\Migrations\\MigrateCommand), Object(Symfony\\Component\\Console\\Input\\ArgvInput), Object(Symfony\\Component\\Console\\Output\\ConsoleOutput))
#35 /Users/awangwahyu/Downloads/SI4705-KELA-main/greennovate/vendor/symfony/console/Application.php(195): Symfony\\Component\\Console\\Application->doRun(Object(Symfony\\Component\\Console\\Input\\ArgvInput), Object(Symfony\\Component\\Console\\Output\\ConsoleOutput))
#36 /Users/awangwahyu/Downloads/SI4705-KELA-main/greennovate/vendor/laravel/framework/src/Illuminate/Foundation/Console/Kernel.php(198): Symfony\\Component\\Console\\Application->run(Object(Symfony\\Component\\Console\\Input\\ArgvInput), Object(Symfony\\Component\\Console\\Output\\ConsoleOutput))
#37 /Users/awangwahyu/Downloads/SI4705-KELA-main/greennovate/vendor/laravel/framework/src/Illuminate/Foundation/Application.php(1235): Illuminate\\Foundation\\Console\\Kernel->handle(Object(Symfony\\Component\\Console\\Input\\ArgvInput), Object(Symfony\\Component\\Console\\Output\\ConsoleOutput))
#38 /Users/awangwahyu/Downloads/SI4705-KELA-main/greennovate/artisan(16): Illuminate\\Foundation\\Application->handleCommand(Object(Symfony\\Component\\Console\\Input\\ArgvInput))
#39 {main}
"} 
[2026-04-21 12:05:10] local.ERROR: SQLSTATE[08006] [7] connection to server at "ep-sweet-bonus-anb5fldu-pooler.c-6.us-east-1.aws.neon.tech" (2600:1f18:700d:4211:7fef:e8e7:60f1:b2af), port 5432 failed: ERROR:  password authentication failed for user 'neondb_owner' (Connection: pgsql, Host: ep-sweet-bonus-anb5fldu-pooler.c-6.us-east-1.aws.neon.tech, Port: 5432, Database: Greenovete, SQL: select * from "sessions" where "id" = OzoMYuoiIWayfeQUtw0BRxy9EeWadHxnkqV9yNb1 limit 1) {"exception":"[object] (Illuminate\\Database\\QueryException(code: 7): SQLSTATE[08006] [7] connection to server at \"ep-sweet-bonus-anb5fldu-pooler.c-6.us-east-1.aws.neon.tech\" (2600:1f18:700d:4211:7fef:e8e7:60f1:b2af), port 5432 failed: ERROR:  password authentication failed for user 'neondb_owner' (Connection: pgsql, Host: ep-sweet-bonus-anb5fldu-pooler.c-6.us-east-1.aws.neon.tech, Port: 5432, Database: Greenovete, SQL: select * from \"sessions\" where \"id\" = OzoMYuoiIWayfeQUtw0BRxy9EeWadHxnkqV9yNb1 limit 1) at /Users/awangwahyu/Downloads/SI4705-KELA-main/greennovate/vendor/laravel/framework/src/Illuminate/Database/Connection.php:838)
[stacktrace]
#0 /Users/awangwahyu/Downloads/SI4705-KELA-main/greennovate/vendor/laravel/framework/src/Illuminate/Database/Connection.php(794): Illuminate\\Database\\Connection->runQueryCallback('select * from \"...', Array, Object(Closure))
#1 /Users/awangwahyu/Downloads/SI4705-KELA-main/greennovate/vendor/laravel/framework/src/Illuminate/Database/Connection.php(411): Illuminate\\Database\\Connection->run('select * from \"...', Array, Object(Closure))
#2 /Users/awangwahyu/Downloads/SI4705-KELA-main/greennovate/vendor/laravel/framework/src/Illuminate/Database/Query/Builder.php(3505): Illuminate\\Database\\Connection->select('select * from \"...', Array, false)
#3 /Users/awangwahyu/Downloads/SI4705-KELA-main/greennovate/vendor/laravel/framework/src/Illuminate/Database/Query/Builder.php(3490): Illuminate\\Database\\Query\\Builder->runSelect()
#4 /Users/awangwahyu/Downloads/SI4705-KELA-main/greennovate/vendor/laravel/framework/src/Illuminate/Database/Query/Builder.php(4080): Illuminate\\Database\\Query\\Builder->{closure:Illuminate\\Database\\Query\\Builder::get():3489}()
#5 /Users/awangwahyu/Downloads/SI4705-KELA-main/greennovate/vendor/laravel/framework/src/Illuminate/Database/Query/Builder.php(3489): Illuminate\\Database\\Query\\Builder->onceWithColumns(Array, Object(Closure))
#6 /Users/awangwahyu/Downloads/SI4705-KELA-main/greennovate/vendor/laravel/framework/src/Illuminate/Database/Concerns/BuildsQueries.php(366): Illuminate\\Database\\Query\\Builder->get(Array)
#7 /Users/awangwahyu/Downloads/SI4705-KELA-main/greennovate/vendor/laravel/framework/src/Illuminate/Database/Query/Builder.php(3412): Illuminate\\Database\\Query\\Builder->first(Array)
#8 /Users/awangwahyu/Downloads/SI4705-KELA-main/greennovate/vendor/laravel/framework/src/Illuminate/Session/DatabaseSessionHandler.php(96): Illuminate\\Database\\Query\\Builder->find('OzoMYuoiIWayfeQ...')
#9 /Users/awangwahyu/Downloads/SI4705-KELA-main/greennovate/vendor/laravel/framework/src/Illuminate/Session/Store.php(128): Illuminate\\Session\\DatabaseSessionHandler->read('OzoMYuoiIWayfeQ...')
#10 /Users/awangwahyu/Downloads/SI4705-KELA-main/greennovate/vendor/laravel/framework/src/Illuminate/Session/Store.php(116): Illuminate\\Session\\Store->readFromHandler()
#11 /Users/awangwahyu/Downloads/SI4705-KELA-main/greennovate/vendor/laravel/framework/src/Illuminate/Session/Store.php(100): Illuminate\\Session\\Store->loadSession()
#12 /Users/awangwahyu/Downloads/SI4705-KELA-main/greennovate/vendor/laravel/framework/src/Illuminate/Session/Middleware/StartSession.php(146): Illuminate\\Session\\Store->start()
#13 /Users/awangwahyu/Downloads/SI4705-KELA-main/greennovate/vendor/laravel/framework/src/Illuminate/Support/helpers.php(393): Illuminate\\Session\\Middleware\\StartSession->{closure:Illuminate\\Session\\Middleware\\StartSession::startSession():143}(Object(Illuminate\\Session\\Store))
#14 /Users/awangwahyu/Downloads/SI4705-KELA-main/greennovate/vendor/laravel/framework/src/Illuminate/Session/Middleware/StartSession.php(143): tap(Object(Illuminate\\Session\\Store), Object(Closure))
#15 /Users/awangwahyu/Downloads/SI4705-KELA-main/greennovate/vendor/laravel/framework/src/Illuminate/Session/Middleware/StartSession.php(115): Illuminate\\Session\\Middleware\\StartSession->startSession(Object(Illuminate\\Http\\Request), Object(Illuminate\\Session\\Store))
#16 /Users/awangwahyu/Downloads/SI4705-KELA-main/greennovate/vendor/laravel/framework/src/Illuminate/Session/Middleware/StartSession.php(63): Illuminate\\Session\\Middleware\\StartSession->handleStatefulRequest(Object(Illuminate\\Http\\Request), Object(Illuminate\\Session\\Store), Object(Closure))
#17 /Users/awangwahyu/Downloads/SI4705-KELA-main/greennovate/vendor/laravel/framework/src/Illuminate/Pipeline/Pipeline.php(219): Illuminate\\Session\\Middleware\\StartSession->handle(Object(Illuminate\\Http\\Request), Object(Closure))
#18 /Users/awangwahyu/Downloads/SI4705-KELA-main/greennovate/vendor/laravel/framework/src/Illuminate/Cookie/Middleware/AddQueuedCookiesToResponse.php(36): Illuminate\\Pipeline\\Pipeline->{closure:{closure:Illuminate\\Pipeline\\Pipeline::carry():194}:195}(Object(Illuminate\\Http\\Request))
#19 /Users/awangwahyu/Downloads/SI4705-KELA-main/greennovate/vendor/laravel/framework/src/Illuminate/Pipeline/Pipeline.php(219): Illuminate\\Cookie\\Middleware\\AddQueuedCookiesToResponse->handle(Object(Illuminate\\Http\\Request), Object(Closure))
#20 /Users/awangwahyu/Downloads/SI4705-KELA-main/greennovate/vendor/laravel/framework/src/Illuminate/Cookie/Middleware/EncryptCookies.php(74): Illuminate\\Pipeline\\Pipeline->{closure:{closure:Illuminate\\Pipeline\\Pipeline::carry():194}:195}(Object(Illuminate\\Http\\Request))
#21 /Users/awangwahyu/Downloads/SI4705-KELA-main/greennovate/vendor/laravel/framework/src/Illuminate/Pipeline/Pipeline.php(219): Illuminate\\Cookie\\Middleware\\EncryptCookies->handle(Object(Illuminate\\Http\\Request), Object(Closure))
#22 /Users/awangwahyu/Downloads/SI4705-KELA-main/greennovate/vendor/laravel/framework/src/Illuminate/Pipeline/Pipeline.php(137): Illuminate\\Pipeline\\Pipeline->{closure:{closure:Illuminate\\Pipeline\\Pipeline::carry():194}:195}(Object(Illuminate\\Http\\Request))
#23 /Users/awangwahyu/Downloads/SI4705-KELA-main/greennovate/vendor/laravel/framework/src/Illuminate/Routing/Router.php(821): Illuminate\\Pipeline\\Pipeline->then(Object(Closure))
#24 /Users/awangwahyu/Downloads/SI4705-KELA-main/greennovate/vendor/laravel/framework/src/Illuminate/Routing/Router.php(800): Illuminate\\Routing\\Router->runRouteWithinStack(Object(Illuminate\\Routing\\Route), Object(Illuminate\\Http\\Request))
#25 /Users/awangwahyu/Downloads/SI4705-KELA-main/greennovate/vendor/laravel/framework/src/Illuminate/Routing/Router.php(764): Illuminate\\Routing\\Router->runRoute(Object(Illuminate\\Http\\Request), Object(Illuminate\\Routing\\Route))
#26 /Users/awangwahyu/Downloads/SI4705-KELA-main/greennovate/vendor/laravel/framework/src/Illuminate/Routing/Router.php(753): Illuminate\\Routing\\Router->dispatchToRoute(Object(Illuminate\\Http\\Request))
#27 /Users/awangwahyu/Downloads/SI4705-KELA-main/greennovate/vendor/laravel/framework/src/Illuminate/Foundation/Http/Kernel.php(200): Illuminate\\Routing\\Router->dispatch(Object(Illuminate\\Http\\Request))
#28 /Users/awangwahyu/Downloads/SI4705-KELA-main/greennovate/vendor/laravel/framework/src/Illuminate/Pipeline/Pipeline.php(180): Illuminate\\Foundation\\Http\\Kernel->{closure:Illuminate\\Foundation\\Http\\Kernel::dispatchToRouter():197}(Object(Illuminate\\Http\\Request))
#29 /Users/awangwahyu/Downloads/SI4705-KELA-main/greennovate/vendor/laravel/framework/src/Illuminate/Foundation/Http/Middleware/TransformsRequest.php(21): Illuminate\\Pipeline\\Pipeline->{closure:Illuminate\\Pipeline\\Pipeline::prepareDestination():178}(Object(Illuminate\\Http\\Request))
#30 /Users/awangwahyu/Downloads/SI4705-KELA-main/greennovate/vendor/laravel/framework/src/Illuminate/Foundation/Http/Middleware/ConvertEmptyStringsToNull.php(31): Illuminate\\Foundation\\Http\\Middleware\\TransformsRequest->handle(Object(Illuminate\\Http\\Request), Object(Closure))
#31 /Users/awangwahyu/Downloads/SI4705-KELA-main/greennovate/vendor/laravel/framework/src/Illuminate/Pipeline/Pipeline.php(219): Illuminate\\Foundation\\Http\\Middleware\\ConvertEmptyStringsToNull->handle(Object(Illuminate\\Http\\Request), Object(Closure))
#32 /Users/awangwahyu/Downloads/SI4705-KELA-main/greennovate/vendor/laravel/framework/src/Illuminate/Foundation/Http/Middleware/TransformsRequest.php(21): Illuminate\\Pipeline\\Pipeline->{closure:{closure:Illuminate\\Pipeline\\Pipeline::carry():194}:195}(Object(Illuminate\\Http\\Request))
#33 /Users/awangwahyu/Downloads/SI4705-KELA-main/greennovate/vendor/laravel/framework/src/Illuminate/Foundation/Http/Middleware/TrimStrings.php(51): Illuminate\\Foundation\\Http\\Middleware\\TransformsRequest->handle(Object(Illuminate\\Http\\Request), Object(Closure))
#34 /Users/awangwahyu/Downloads/SI4705-KELA-main/greennovate/vendor/laravel/framework/src/Illuminate/Pipeline/Pipeline.php(219): Illuminate\\Foundation\\Http\\Middleware\\TrimStrings->handle(Object(Illuminate\\Http\\Request), Object(Closure))
#35 /Users/awangwahyu/Downloads/SI4705-KELA-main/greennovate/vendor/laravel/framework/src/Illuminate/Http/Middleware/ValidatePostSize.php(27): Illuminate\\Pipeline\\Pipeline->{closure:{closure:Illuminate\\Pipeline\\Pipeline::carry():194}:195}(Object(Illuminate\\Http\\Request))
#36 /Users/awangwahyu/Downloads/SI4705-KELA-main/greennovate/vendor/laravel/framework/src/Illuminate/Pipeline/Pipeline.php(219): Illuminate\\Http\\Middleware\\ValidatePostSize->handle(Object(Illuminate\\Http\\Request), Object(Closure))
#37 /Users/awangwahyu/Downloads/SI4705-KELA-main/greennovate/vendor/laravel/framework/src/Illuminate/Foundation/Http/Middleware/PreventRequestsDuringMaintenance.php(109): Illuminate\\Pipeline\\Pipeline->{closure:{closure:Illuminate\\Pipeline\\Pipeline::carry():194}:195}(Object(Illuminate\\Http\\Request))
#38 /Users/awangwahyu/Downloads/SI4705-KELA-main/greennovate/vendor/laravel/framework/src/Illuminate/Pipeline/Pipeline.php(219): Illuminate\\Foundation\\Http\\Middleware\\PreventRequestsDuringMaintenance->handle(Object(Illuminate\\Http\\Request), Object(Closure))
#39 /Users/awangwahyu/Downloads/SI4705-KELA-main/greennovate/vendor/laravel/framework/src/Illuminate/Http/Middleware/HandleCors.php(61): Illuminate\\Pipeline\\Pipeline->{closure:{closure:Illuminate\\Pipeline\\Pipeline::carry():194}:195}(Object(Illuminate\\Http\\Request))
#40 /Users/awangwahyu/Downloads/SI4705-KELA-main/greennovate/vendor/laravel/framework/src/Illuminate/Pipeline/Pipeline.php(219): Illuminate\\Http\\Middleware\\HandleCors->handle(Object(Illuminate\\Http\\Request), Object(Closure))
#41 /Users/awangwahyu/Downloads/SI4705-KELA-main/greennovate/vendor/laravel/framework/src/Illuminate/Http/Middleware/TrustProxies.php(58): Illuminate\\Pipeline\\Pipeline->{closure:{closure:Illuminate\\Pipeline\\Pipeline::carry():194}:195}(Object(Illuminate\\Http\\Request))
#42 /Users/awangwahyu/Downloads/SI4705-KELA-main/greennovate/vendor/laravel/framework/src/Illuminate/Pipeline/Pipeline.php(219): Illuminate\\Http\\Middleware\\TrustProxies->handle(Object(Illuminate\\Http\\Request), Object(Closure))
#43 /Users/awangwahyu/Downloads/SI4705-KELA-main/greennovate/vendor/laravel/framework/src/Illuminate/Foundation/Http/Middleware/InvokeDeferredCallbacks.php(22): Illuminate\\Pipeline\\Pipeline->{closure:{closure:Illuminate\\Pipeline\\Pipeline::carry():194}:195}(Object(Illuminate\\Http\\Request))
#44 /Users/awangwahyu/Downloads/SI4705-KELA-main/greennovate/vendor/laravel/framework/src/Illuminate/Pipeline/Pipeline.php(219): Illuminate\\Foundation\\Http\\Middleware\\InvokeDeferredCallbacks->handle(Object(Illuminate\\Http\\Request), Object(Closure))
#45 /Users/awangwahyu/Downloads/SI4705-KELA-main/greennovate/vendor/laravel/framework/src/Illuminate/Http/Middleware/ValidatePathEncoding.php(26): Illuminate\\Pipeline\\Pipeline->{closure:{closure:Illuminate\\Pipeline\\Pipeline::carry():194}:195}(Object(Illuminate\\Http\\Request))
#46 /Users/awangwahyu/Downloads/SI4705-KELA-main/greennovate/vendor/laravel/framework/src/Illuminate/Pipeline/Pipeline.php(219): Illuminate\\Http\\Middleware\\ValidatePathEncoding->handle(Object(Illuminate\\Http\\Request), Object(Closure))
#47 /Users/awangwahyu/Downloads/SI4705-KELA-main/greennovate/vendor/laravel/framework/src/Illuminate/Pipeline/Pipeline.php(137): Illuminate\\Pipeline\\Pipeline->{closure:{closure:Illuminate\\Pipeline\\Pipeline::carry():194}:195}(Object(Illuminate\\Http\\Request))
#48 /Users/awangwahyu/Downloads/SI4705-KELA-main/greennovate/vendor/laravel/framework/src/Illuminate/Foundation/Http/Kernel.php(175): Illuminate\\Pipeline\\Pipeline->then(Object(Closure))
#49 /Users/awangwahyu/Downloads/SI4705-KELA-main/greennovate/vendor/laravel/framework/src/Illuminate/Foundation/Http/Kernel.php(144): Illuminate\\Foundation\\Http\\Kernel->sendRequestThroughRouter(Object(Illuminate\\Http\\Request))
#50 /Users/awangwahyu/Downloads/SI4705-KELA-main/greennovate/vendor/laravel/framework/src/Illuminate/Foundation/Application.php(1220): Illuminate\\Foundation\\Http\\Kernel->handle(Object(Illuminate\\Http\\Request))
#51 /Users/awangwahyu/Downloads/SI4705-KELA-main/greennovate/public/index.php(20): Illuminate\\Foundation\\Application->handleRequest(Object(Illuminate\\Http\\Request))
#52 /Users/awangwahyu/Downloads/SI4705-KELA-main/greennovate/vendor/laravel/framework/src/Illuminate/Foundation/resources/server.php(23): require_once('/Users/awangwah...')
#53 {main}

[previous exception] [object] (PDOException(code: 7): SQLSTATE[08006] [7] connection to server at \"ep-sweet-bonus-anb5fldu-pooler.c-6.us-east-1.aws.neon.tech\" (2600:1f18:700d:4211:7fef:e8e7:60f1:b2af), port 5432 failed: ERROR:  password authentication failed for user 'neondb_owner' at /Users/awangwahyu/Downloads/SI4705-KELA-main/greennovate/vendor/laravel/framework/src/Illuminate/Database/Connectors/Connector.php:67)
[stacktrace]
#0 /Users/awangwahyu/Downloads/SI4705-KELA-main/greennovate/vendor/laravel/framework/src/Illuminate/Database/Connectors/Connector.php(67): PDO::connect('pgsql:host=ep-s...', 'neondb_owner', Object(SensitiveParameterValue), Array)
#1 /Users/awangwahyu/Downloads/SI4705-KELA-main/greennovate/vendor/laravel/framework/src/Illuminate/Database/Connectors/Connector.php(44): Illuminate\\Database\\Connectors\\Connector->createPdoConnection('pgsql:host=ep-s...', 'neondb_owner', Object(SensitiveParameterValue), Array)
#2 /Users/awangwahyu/Downloads/SI4705-KELA-main/greennovate/vendor/laravel/framework/src/Illuminate/Database/Connectors/PostgresConnector.php(35): Illuminate\\Database\\Connectors\\Connector->createConnection('pgsql:host=ep-s...', Array, Array)
#3 /Users/awangwahyu/Downloads/SI4705-KELA-main/greennovate/vendor/laravel/framework/src/Illuminate/Database/Connectors/ConnectionFactory.php(186): Illuminate\\Database\\Connectors\\PostgresConnector->connect(Array)
#4 [internal function]: Illuminate\\Database\\Connectors\\ConnectionFactory->{closure:Illuminate\\Database\\Connectors\\ConnectionFactory::createPdoResolverWithHosts():181}()
#5 /Users/awangwahyu/Downloads/SI4705-KELA-main/greennovate/vendor/laravel/framework/src/Illuminate/Database/Connection.php(1257): call_user_func(Object(Closure))
#6 /Users/awangwahyu/Downloads/SI4705-KELA-main/greennovate/vendor/laravel/framework/src/Illuminate/Database/Connection.php(525): Illuminate\\Database\\Connection->getPdo()
#7 /Users/awangwahyu/Downloads/SI4705-KELA-main/greennovate/vendor/laravel/framework/src/Illuminate/Database/Connection.php(420): Illuminate\\Database\\Connection->getPdoForSelect(false)
#8 /Users/awangwahyu/Downloads/SI4705-KELA-main/greennovate/vendor/laravel/framework/src/Illuminate/Database/Connection.php(827): Illuminate\\Database\\Connection->{closure:Illuminate\\Database\\Connection::select():411}('select * from \"...', Array)
#9 /Users/awangwahyu/Downloads/SI4705-KELA-main/greennovate/vendor/laravel/framework/src/Illuminate/Database/Connection.php(794): Illuminate\\Database\\Connection->runQueryCallback('select * from \"...', Array, Object(Closure))
#10 /Users/awangwahyu/Downloads/SI4705-KELA-main/greennovate/vendor/laravel/framework/src/Illuminate/Database/Connection.php(411): Illuminate\\Database\\Connection->run('select * from \"...', Array, Object(Closure))
#11 /Users/awangwahyu/Downloads/SI4705-KELA-main/greennovate/vendor/laravel/framework/src/Illuminate/Database/Query/Builder.php(3505): Illuminate\\Database\\Connection->select('select * from \"...', Array, false)
#12 /Users/awangwahyu/Downloads/SI4705-KELA-main/greennovate/vendor/laravel/framework/src/Illuminate/Database/Query/Builder.php(3490): Illuminate\\Database\\Query\\Builder->runSelect()
#13 /Users/awangwahyu/Downloads/SI4705-KELA-main/greennovate/vendor/laravel/framework/src/Illuminate/Database/Query/Builder.php(4080): Illuminate\\Database\\Query\\Builder->{closure:Illuminate\\Database\\Query\\Builder::get():3489}()
#14 /Users/awangwahyu/Downloads/SI4705-KELA-main/greennovate/vendor/laravel/framework/src/Illuminate/Database/Query/Builder.php(3489): Illuminate\\Database\\Query\\Builder->onceWithColumns(Array, Object(Closure))
#15 /Users/awangwahyu/Downloads/SI4705-KELA-main/greennovate/vendor/laravel/framework/src/Illuminate/Database/Concerns/BuildsQueries.php(366): Illuminate\\Database\\Query\\Builder->get(Array)
#16 /Users/awangwahyu/Downloads/SI4705-KELA-main/greennovate/vendor/laravel/framework/src/Illuminate/Database/Query/Builder.php(3412): Illuminate\\Database\\Query\\Builder->first(Array)
#17 /Users/awangwahyu/Downloads/SI4705-KELA-main/greennovate/vendor/laravel/framework/src/Illuminate/Session/DatabaseSessionHandler.php(96): Illuminate\\Database\\Query\\Builder->find('OzoMYuoiIWayfeQ...')
#18 /Users/awangwahyu/Downloads/SI4705-KELA-main/greennovate/vendor/laravel/framework/src/Illuminate/Session/Store.php(128): Illuminate\\Session\\DatabaseSessionHandler->read('OzoMYuoiIWayfeQ...')
#19 /Users/awangwahyu/Downloads/SI4705-KELA-main/greennovate/vendor/laravel/framework/src/Illuminate/Session/Store.php(116): Illuminate\\Session\\Store->readFromHandler()
#20 /Users/awangwahyu/Downloads/SI4705-KELA-main/greennovate/vendor/laravel/framework/src/Illuminate/Session/Store.php(100): Illuminate\\Session\\Store->loadSession()
#21 /Users/awangwahyu/Downloads/SI4705-KELA-main/greennovate/vendor/laravel/framework/src/Illuminate/Session/Middleware/StartSession.php(146): Illuminate\\Session\\Store->start()
#22 /Users/awangwahyu/Downloads/SI4705-KELA-main/greennovate/vendor/laravel/framework/src/Illuminate/Support/helpers.php(393): Illuminate\\Session\\Middleware\\StartSession->{closure:Illuminate\\Session\\Middleware\\StartSession::startSession():143}(Object(Illuminate\\Session\\Store))
#23 /Users/awangwahyu/Downloads/SI4705-KELA-main/greennovate/vendor/laravel/framework/src/Illuminate/Session/Middleware/StartSession.php(143): tap(Object(Illuminate\\Session\\Store), Object(Closure))
#24 /Users/awangwahyu/Downloads/SI4705-KELA-main/greennovate/vendor/laravel/framework/src/Illuminate/Session/Middleware/StartSession.php(115): Illuminate\\Session\\Middleware\\StartSession->startSession(Object(Illuminate\\Http\\Request), Object(Illuminate\\Session\\Store))
#25 /Users/awangwahyu/Downloads/SI4705-KELA-main/greennovate/vendor/laravel/framework/src/Illuminate/Session/Middleware/StartSession.php(63): Illuminate\\Session\\Middleware\\StartSession->handleStatefulRequest(Object(Illuminate\\Http\\Request), Object(Illuminate\\Session\\Store), Object(Closure))
#26 /Users/awangwahyu/Downloads/SI4705-KELA-main/greennovate/vendor/laravel/framework/src/Illuminate/Pipeline/Pipeline.php(219): Illuminate\\Session\\Middleware\\StartSession->handle(Object(Illuminate\\Http\\Request), Object(Closure))
#27 /Users/awangwahyu/Downloads/SI4705-KELA-main/greennovate/vendor/laravel/framework/src/Illuminate/Cookie/Middleware/AddQueuedCookiesToResponse.php(36): Illuminate\\Pipeline\\Pipeline->{closure:{closure:Illuminate\\Pipeline\\Pipeline::carry():194}:195}(Object(Illuminate\\Http\\Request))
#28 /Users/awangwahyu/Downloads/SI4705-KELA-main/greennovate/vendor/laravel/framework/src/Illuminate/Pipeline/Pipeline.php(219): Illuminate\\Cookie\\Middleware\\AddQueuedCookiesToResponse->handle(Object(Illuminate\\Http\\Request), Object(Closure))
#29 /Users/awangwahyu/Downloads/SI4705-KELA-main/greennovate/vendor/laravel/framework/src/Illuminate/Cookie/Middleware/EncryptCookies.php(74): Illuminate\\Pipeline\\Pipeline->{closure:{closure:Illuminate\\Pipeline\\Pipeline::carry():194}:195}(Object(Illuminate\\Http\\Request))
#30 /Users/awangwahyu/Downloads/SI4705-KELA-main/greennovate/vendor/laravel/framework/src/Illuminate/Pipeline/Pipeline.php(219): Illuminate\\Cookie\\Middleware\\EncryptCookies->handle(Object(Illuminate\\Http\\Request), Object(Closure))
#31 /Users/awangwahyu/Downloads/SI4705-KELA-main/greennovate/vendor/laravel/framework/src/Illuminate/Pipeline/Pipeline.php(137): Illuminate\\Pipeline\\Pipeline->{closure:{closure:Illuminate\\Pipeline\\Pipeline::carry():194}:195}(Object(Illuminate\\Http\\Request))
#32 /Users/awangwahyu/Downloads/SI4705-KELA-main/greennovate/vendor/laravel/framework/src/Illuminate/Routing/Router.php(821): Illuminate\\Pipeline\\Pipeline->then(Object(Closure))
#33 /Users/awangwahyu/Downloads/SI4705-KELA-main/greennovate/vendor/laravel/framework/src/Illuminate/Routing/Router.php(800): Illuminate\\Routing\\Router->runRouteWithinStack(Object(Illuminate\\Routing\\Route), Object(Illuminate\\Http\\Request))
#34 /Users/awangwahyu/Downloads/SI4705-KELA-main/greennovate/vendor/laravel/framework/src/Illuminate/Routing/Router.php(764): Illuminate\\Routing\\Router->runRoute(Object(Illuminate\\Http\\Request), Object(Illuminate\\Routing\\Route))
#35 /Users/awangwahyu/Downloads/SI4705-KELA-main/greennovate/vendor/laravel/framework/src/Illuminate/Routing/Router.php(753): Illuminate\\Routing\\Router->dispatchToRoute(Object(Illuminate\\Http\\Request))
#36 /Users/awangwahyu/Downloads/SI4705-KELA-main/greennovate/vendor/laravel/framework/src/Illuminate/Foundation/Http/Kernel.php(200): Illuminate\\Routing\\Router->dispatch(Object(Illuminate\\Http\\Request))
#37 /Users/awangwahyu/Downloads/SI4705-KELA-main/greennovate/vendor/laravel/framework/src/Illuminate/Pipeline/Pipeline.php(180): Illuminate\\Foundation\\Http\\Kernel->{closure:Illuminate\\Foundation\\Http\\Kernel::dispatchToRouter():197}(Object(Illuminate\\Http\\Request))
#38 /Users/awangwahyu/Downloads/SI4705-KELA-main/greennovate/vendor/laravel/framework/src/Illuminate/Foundation/Http/Middleware/TransformsRequest.php(21): Illuminate\\Pipeline\\Pipeline->{closure:Illuminate\\Pipeline\\Pipeline::prepareDestination():178}(Object(Illuminate\\Http\\Request))
#39 /Users/awangwahyu/Downloads/SI4705-KELA-main/greennovate/vendor/laravel/framework/src/Illuminate/Foundation/Http/Middleware/ConvertEmptyStringsToNull.php(31): Illuminate\\Foundation\\Http\\Middleware\\TransformsRequest->handle(Object(Illuminate\\Http\\Request), Object(Closure))
#40 /Users/awangwahyu/Downloads/SI4705-KELA-main/greennovate/vendor/laravel/framework/src/Illuminate/Pipeline/Pipeline.php(219): Illuminate\\Foundation\\Http\\Middleware\\ConvertEmptyStringsToNull->handle(Object(Illuminate\\Http\\Request), Object(Closure))
#41 /Users/awangwahyu/Downloads/SI4705-KELA-main/greennovate/vendor/laravel/framework/src/Illuminate/Foundation/Http/Middleware/TransformsRequest.php(21): Illuminate\\Pipeline\\Pipeline->{closure:{closure:Illuminate\\Pipeline\\Pipeline::carry():194}:195}(Object(Illuminate\\Http\\Request))
#42 /Users/awangwahyu/Downloads/SI4705-KELA-main/greennovate/vendor/laravel/framework/src/Illuminate/Foundation/Http/Middleware/TrimStrings.php(51): Illuminate\\Foundation\\Http\\Middleware\\TransformsRequest->handle(Object(Illuminate\\Http\\Request), Object(Closure))
#43 /Users/awangwahyu/Downloads/SI4705-KELA-main/greennovate/vendor/laravel/framework/src/Illuminate/Pipeline/Pipeline.php(219): Illuminate\\Foundation\\Http\\Middleware\\TrimStrings->handle(Object(Illuminate\\Http\\Request), Object(Closure))
#44 /Users/awangwahyu/Downloads/SI4705-KELA-main/greennovate/vendor/laravel/framework/src/Illuminate/Http/Middleware/ValidatePostSize.php(27): Illuminate\\Pipeline\\Pipeline->{closure:{closure:Illuminate\\Pipeline\\Pipeline::carry():194}:195}(Object(Illuminate\\Http\\Request))
#45 /Users/awangwahyu/Downloads/SI4705-KELA-main/greennovate/vendor/laravel/framework/src/Illuminate/Pipeline/Pipeline.php(219): Illuminate\\Http\\Middleware\\ValidatePostSize->handle(Object(Illuminate\\Http\\Request), Object(Closure))
#46 /Users/awangwahyu/Downloads/SI4705-KELA-main/greennovate/vendor/laravel/framework/src/Illuminate/Foundation/Http/Middleware/PreventRequestsDuringMaintenance.php(109): Illuminate\\Pipeline\\Pipeline->{closure:{closure:Illuminate\\Pipeline\\Pipeline::carry():194}:195}(Object(Illuminate\\Http\\Request))
#47 /Users/awangwahyu/Downloads/SI4705-KELA-main/greennovate/vendor/laravel/framework/src/Illuminate/Pipeline/Pipeline.php(219): Illuminate\\Foundation\\Http\\Middleware\\PreventRequestsDuringMaintenance->handle(Object(Illuminate\\Http\\Request), Object(Closure))
#48 /Users/awangwahyu/Downloads/SI4705-KELA-main/greennovate/vendor/laravel/framework/src/Illuminate/Http/Middleware/HandleCors.php(61): Illuminate\\Pipeline\\Pipeline->{closure:{closure:Illuminate\\Pipeline\\Pipeline::carry():194}:195}(Object(Illuminate\\Http\\Request))
#49 /Users/awangwahyu/Downloads/SI4705-KELA-main/greennovate/vendor/laravel/framework/src/Illuminate/Pipeline/Pipeline.php(219): Illuminate\\Http\\Middleware\\HandleCors->handle(Object(Illuminate\\Http\\Request), Object(Closure))
#50 /Users/awangwahyu/Downloads/SI4705-KELA-main/greennovate/vendor/laravel/framework/src/Illuminate/Http/Middleware/TrustProxies.php(58): Illuminate\\Pipeline\\Pipeline->{closure:{closure:Illuminate\\Pipeline\\Pipeline::carry():194}:195}(Object(Illuminate\\Http\\Request))
#51 /Users/awangwahyu/Downloads/SI4705-KELA-main/greennovate/vendor/laravel/framework/src/Illuminate/Pipeline/Pipeline.php(219): Illuminate\\Http\\Middleware\\TrustProxies->handle(Object(Illuminate\\Http\\Request), Object(Closure))
#52 /Users/awangwahyu/Downloads/SI4705-KELA-main/greennovate/vendor/laravel/framework/src/Illuminate/Foundation/Http/Middleware/InvokeDeferredCallbacks.php(22): Illuminate\\Pipeline\\Pipeline->{closure:{closure:Illuminate\\Pipeline\\Pipeline::carry():194}:195}(Object(Illuminate\\Http\\Request))
#53 /Users/awangwahyu/Downloads/SI4705-KELA-main/greennovate/vendor/laravel/framework/src/Illuminate/Pipeline/Pipeline.php(219): Illuminate\\Foundation\\Http\\Middleware\\InvokeDeferredCallbacks->handle(Object(Illuminate\\Http\\Request), Object(Closure))
#54 /Users/awangwahyu/Downloads/SI4705-KELA-main/greennovate/vendor/laravel/framework/src/Illuminate/Http/Middleware/ValidatePathEncoding.php(26): Illuminate\\Pipeline\\Pipeline->{closure:{closure:Illuminate\\Pipeline\\Pipeline::carry():194}:195}(Object(Illuminate\\Http\\Request))
#55 /Users/awangwahyu/Downloads/SI4705-KELA-main/greennovate/vendor/laravel/framework/src/Illuminate/Pipeline/Pipeline.php(219): Illuminate\\Http\\Middleware\\ValidatePathEncoding->handle(Object(Illuminate\\Http\\Request), Object(Closure))
#56 /Users/awangwahyu/Downloads/SI4705-KELA-main/greennovate/vendor/laravel/framework/src/Illuminate/Pipeline/Pipeline.php(137): Illuminate\\Pipeline\\Pipeline->{closure:{closure:Illuminate\\Pipeline\\Pipeline::carry():194}:195}(Object(Illuminate\\Http\\Request))
#57 /Users/awangwahyu/Downloads/SI4705-KELA-main/greennovate/vendor/laravel/framework/src/Illuminate/Foundation/Http/Kernel.php(175): Illuminate\\Pipeline\\Pipeline->then(Object(Closure))
#58 /Users/awangwahyu/Downloads/SI4705-KELA-main/greennovate/vendor/laravel/framework/src/Illuminate/Foundation/Http/Kernel.php(144): Illuminate\\Foundation\\Http\\Kernel->sendRequestThroughRouter(Object(Illuminate\\Http\\Request))
#59 /Users/awangwahyu/Downloads/SI4705-KELA-main/greennovate/vendor/laravel/framework/src/Illuminate/Foundation/Application.php(1220): Illuminate\\Foundation\\Http\\Kernel->handle(Object(Illuminate\\Http\\Request))
#60 /Users/awangwahyu/Downloads/SI4705-KELA-main/greennovate/public/index.php(20): Illuminate\\Foundation\\Application->handleRequest(Object(Illuminate\\Http\\Request))
#61 /Users/awangwahyu/Downloads/SI4705-KELA-main/greennovate/vendor/laravel/framework/src/Illuminate/Foundation/resources/server.php(23): require_once('/Users/awangwah...')
#62 {main}
"} 
[2026-04-21 12:05:21] local.ERROR: SQLSTATE[08006] [7] connection to server at "ep-sweet-bonus-anb5fldu-pooler.c-6.us-east-1.aws.neon.tech" (2600:1f18:700d:422c:f04:46d:4248:7967), port 5432 failed: ERROR:  password authentication failed for user 'neondb_owner' (Connection: pgsql, Host: ep-sweet-bonus-anb5fldu-pooler.c-6.us-east-1.aws.neon.tech, Port: 5432, Database: Greenovete, SQL: select * from "sessions" where "id" = OzoMYuoiIWayfeQUtw0BRxy9EeWadHxnkqV9yNb1 limit 1) {"exception":"[object] (Illuminate\\Database\\QueryException(code: 7): SQLSTATE[08006] [7] connection to server at \"ep-sweet-bonus-anb5fldu-pooler.c-6.us-east-1.aws.neon.tech\" (2600:1f18:700d:422c:f04:46d:4248:7967), port 5432 failed: ERROR:  password authentication failed for user 'neondb_owner' (Connection: pgsql, Host: ep-sweet-bonus-anb5fldu-pooler.c-6.us-east-1.aws.neon.tech, Port: 5432, Database: Greenovete, SQL: select * from \"sessions\" where \"id\" = OzoMYuoiIWayfeQUtw0BRxy9EeWadHxnkqV9yNb1 limit 1) at /Users/awangwahyu/Downloads/SI4705-KELA-main/greennovate/vendor/laravel/framework/src/Illuminate/Database/Connection.php:838)
[stacktrace]
#0 /Users/awangwahyu/Downloads/SI4705-KELA-main/greennovate/vendor/laravel/framework/src/Illuminate/Database/Connection.php(794): Illuminate\\Database\\Connection->runQueryCallback('select * from \"...', Array, Object(Closure))
#1 /Users/awangwahyu/Downloads/SI4705-KELA-main/greennovate/vendor/laravel/framework/src/Illuminate/Database/Connection.php(411): Illuminate\\Database\\Connection->run('select * from \"...', Array, Object(Closure))
#2 /Users/awangwahyu/Downloads/SI4705-KELA-main/greennovate/vendor/laravel/framework/src/Illuminate/Database/Query/Builder.php(3505): Illuminate\\Database\\Connection->select('select * from \"...', Array, false)
#3 /Users/awangwahyu/Downloads/SI4705-KELA-main/greennovate/vendor/laravel/framework/src/Illuminate/Database/Query/Builder.php(3490): Illuminate\\Database\\Query\\Builder->runSelect()
#4 /Users/awangwahyu/Downloads/SI4705-KELA-main/greennovate/vendor/laravel/framework/src/Illuminate/Database/Query/Builder.php(4080): Illuminate\\Database\\Query\\Builder->{closure:Illuminate\\Database\\Query\\Builder::get():3489}()
#5 /Users/awangwahyu/Downloads/SI4705-KELA-main/greennovate/vendor/laravel/framework/src/Illuminate/Database/Query/Builder.php(3489): Illuminate\\Database\\Query\\Builder->onceWithColumns(Array, Object(Closure))
#6 /Users/awangwahyu/Downloads/SI4705-KELA-main/greennovate/vendor/laravel/framework/src/Illuminate/Database/Concerns/BuildsQueries.php(366): Illuminate\\Database\\Query\\Builder->get(Array)
#7 /Users/awangwahyu/Downloads/SI4705-KELA-main/greennovate/vendor/laravel/framework/src/Illuminate/Database/Query/Builder.php(3412): Illuminate\\Database\\Query\\Builder->first(Array)
#8 /Users/awangwahyu/Downloads/SI4705-KELA-main/greennovate/vendor/laravel/framework/src/Illuminate/Session/DatabaseSessionHandler.php(96): Illuminate\\Database\\Query\\Builder->find('OzoMYuoiIWayfeQ...')
#9 /Users/awangwahyu/Downloads/SI4705-KELA-main/greennovate/vendor/laravel/framework/src/Illuminate/Session/Store.php(128): Illuminate\\Session\\DatabaseSessionHandler->read('OzoMYuoiIWayfeQ...')
#10 /Users/awangwahyu/Downloads/SI4705-KELA-main/greennovate/vendor/laravel/framework/src/Illuminate/Session/Store.php(116): Illuminate\\Session\\Store->readFromHandler()
#11 /Users/awangwahyu/Downloads/SI4705-KELA-main/greennovate/vendor/laravel/framework/src/Illuminate/Session/Store.php(100): Illuminate\\Session\\Store->loadSession()
#12 /Users/awangwahyu/Downloads/SI4705-KELA-main/greennovate/vendor/laravel/framework/src/Illuminate/Session/Middleware/StartSession.php(146): Illuminate\\Session\\Store->start()
#13 /Users/awangwahyu/Downloads/SI4705-KELA-main/greennovate/vendor/laravel/framework/src/Illuminate/Support/helpers.php(393): Illuminate\\Session\\Middleware\\StartSession->{closure:Illuminate\\Session\\Middleware\\StartSession::startSession():143}(Object(Illuminate\\Session\\Store))
#14 /Users/awangwahyu/Downloads/SI4705-KELA-main/greennovate/vendor/laravel/framework/src/Illuminate/Session/Middleware/StartSession.php(143): tap(Object(Illuminate\\Session\\Store), Object(Closure))
#15 /Users/awangwahyu/Downloads/SI4705-KELA-main/greennovate/vendor/laravel/framework/src/Illuminate/Session/Middleware/StartSession.php(115): Illuminate\\Session\\Middleware\\StartSession->startSession(Object(Illuminate\\Http\\Request), Object(Illuminate\\Session\\Store))
#16 /Users/awangwahyu/Downloads/SI4705-KELA-main/greennovate/vendor/laravel/framework/src/Illuminate/Session/Middleware/StartSession.php(63): Illuminate\\Session\\Middleware\\StartSession->handleStatefulRequest(Object(Illuminate\\Http\\Request), Object(Illuminate\\Session\\Store), Object(Closure))
#17 /Users/awangwahyu/Downloads/SI4705-KELA-main/greennovate/vendor/laravel/framework/src/Illuminate/Pipeline/Pipeline.php(219): Illuminate\\Session\\Middleware\\StartSession->handle(Object(Illuminate\\Http\\Request), Object(Closure))
#18 /Users/awangwahyu/Downloads/SI4705-KELA-main/greennovate/vendor/laravel/framework/src/Illuminate/Cookie/Middleware/AddQueuedCookiesToResponse.php(36): Illuminate\\Pipeline\\Pipeline->{closure:{closure:Illuminate\\Pipeline\\Pipeline::carry():194}:195}(Object(Illuminate\\Http\\Request))
#19 /Users/awangwahyu/Downloads/SI4705-KELA-main/greennovate/vendor/laravel/framework/src/Illuminate/Pipeline/Pipeline.php(219): Illuminate\\Cookie\\Middleware\\AddQueuedCookiesToResponse->handle(Object(Illuminate\\Http\\Request), Object(Closure))
#20 /Users/awangwahyu/Downloads/SI4705-KELA-main/greennovate/vendor/laravel/framework/src/Illuminate/Cookie/Middleware/EncryptCookies.php(74): Illuminate\\Pipeline\\Pipeline->{closure:{closure:Illuminate\\Pipeline\\Pipeline::carry():194}:195}(Object(Illuminate\\Http\\Request))
#21 /Users/awangwahyu/Downloads/SI4705-KELA-main/greennovate/vendor/laravel/framework/src/Illuminate/Pipeline/Pipeline.php(219): Illuminate\\Cookie\\Middleware\\EncryptCookies->handle(Object(Illuminate\\Http\\Request), Object(Closure))
#22 /Users/awangwahyu/Downloads/SI4705-KELA-main/greennovate/vendor/laravel/framework/src/Illuminate/Pipeline/Pipeline.php(137): Illuminate\\Pipeline\\Pipeline->{closure:{closure:Illuminate\\Pipeline\\Pipeline::carry():194}:195}(Object(Illuminate\\Http\\Request))
#23 /Users/awangwahyu/Downloads/SI4705-KELA-main/greennovate/vendor/laravel/framework/src/Illuminate/Routing/Router.php(821): Illuminate\\Pipeline\\Pipeline->then(Object(Closure))
#24 /Users/awangwahyu/Downloads/SI4705-KELA-main/greennovate/vendor/laravel/framework/src/Illuminate/Routing/Router.php(800): Illuminate\\Routing\\Router->runRouteWithinStack(Object(Illuminate\\Routing\\Route), Object(Illuminate\\Http\\Request))
#25 /Users/awangwahyu/Downloads/SI4705-KELA-main/greennovate/vendor/laravel/framework/src/Illuminate/Routing/Router.php(764): Illuminate\\Routing\\Router->runRoute(Object(Illuminate\\Http\\Request), Object(Illuminate\\Routing\\Route))
#26 /Users/awangwahyu/Downloads/SI4705-KELA-main/greennovate/vendor/laravel/framework/src/Illuminate/Routing/Router.php(753): Illuminate\\Routing\\Router->dispatchToRoute(Object(Illuminate\\Http\\Request))
#27 /Users/awangwahyu/Downloads/SI4705-KELA-main/greennovate/vendor/laravel/framework/src/Illuminate/Foundation/Http/Kernel.php(200): Illuminate\\Routing\\Router->dispatch(Object(Illuminate\\Http\\Request))
#28 /Users/awangwahyu/Downloads/SI4705-KELA-main/greennovate/vendor/laravel/framework/src/Illuminate/Pipeline/Pipeline.php(180): Illuminate\\Foundation\\Http\\Kernel->{closure:Illuminate\\Foundation\\Http\\Kernel::dispatchToRouter():197}(Object(Illuminate\\Http\\Request))
#29 /Users/awangwahyu/Downloads/SI4705-KELA-main/greennovate/vendor/laravel/framework/src/Illuminate/Foundation/Http/Middleware/TransformsRequest.php(21): Illuminate\\Pipeline\\Pipeline->{closure:Illuminate\\Pipeline\\Pipeline::prepareDestination():178}(Object(Illuminate\\Http\\Request))
#30 /Users/awangwahyu/Downloads/SI4705-KELA-main/greennovate/vendor/laravel/framework/src/Illuminate/Foundation/Http/Middleware/ConvertEmptyStringsToNull.php(31): Illuminate\\Foundation\\Http\\Middleware\\TransformsRequest->handle(Object(Illuminate\\Http\\Request), Object(Closure))
#31 /Users/awangwahyu/Downloads/SI4705-KELA-main/greennovate/vendor/laravel/framework/src/Illuminate/Pipeline/Pipeline.php(219): Illuminate\\Foundation\\Http\\Middleware\\ConvertEmptyStringsToNull->handle(Object(Illuminate\\Http\\Request), Object(Closure))
#32 /Users/awangwahyu/Downloads/SI4705-KELA-main/greennovate/vendor/laravel/framework/src/Illuminate/Foundation/Http/Middleware/TransformsRequest.php(21): Illuminate\\Pipeline\\Pipeline->{closure:{closure:Illuminate\\Pipeline\\Pipeline::carry():194}:195}(Object(Illuminate\\Http\\Request))
#33 /Users/awangwahyu/Downloads/SI4705-KELA-main/greennovate/vendor/laravel/framework/src/Illuminate/Foundation/Http/Middleware/TrimStrings.php(51): Illuminate\\Foundation\\Http\\Middleware\\TransformsRequest->handle(Object(Illuminate\\Http\\Request), Object(Closure))
#34 /Users/awangwahyu/Downloads/SI4705-KELA-main/greennovate/vendor/laravel/framework/src/Illuminate/Pipeline/Pipeline.php(219): Illuminate\\Foundation\\Http\\Middleware\\TrimStrings->handle(Object(Illuminate\\Http\\Request), Object(Closure))
#35 /Users/awangwahyu/Downloads/SI4705-KELA-main/greennovate/vendor/laravel/framework/src/Illuminate/Http/Middleware/ValidatePostSize.php(27): Illuminate\\Pipeline\\Pipeline->{closure:{closure:Illuminate\\Pipeline\\Pipeline::carry():194}:195}(Object(Illuminate\\Http\\Request))
#36 /Users/awangwahyu/Downloads/SI4705-KELA-main/greennovate/vendor/laravel/framework/src/Illuminate/Pipeline/Pipeline.php(219): Illuminate\\Http\\Middleware\\ValidatePostSize->handle(Object(Illuminate\\Http\\Request), Object(Closure))
#37 /Users/awangwahyu/Downloads/SI4705-KELA-main/greennovate/vendor/laravel/framework/src/Illuminate/Foundation/Http/Middleware/PreventRequestsDuringMaintenance.php(109): Illuminate\\Pipeline\\Pipeline->{closure:{closure:Illuminate\\Pipeline\\Pipeline::carry():194}:195}(Object(Illuminate\\Http\\Request))
#38 /Users/awangwahyu/Downloads/SI4705-KELA-main/greennovate/vendor/laravel/framework/src/Illuminate/Pipeline/Pipeline.php(219): Illuminate\\Foundation\\Http\\Middleware\\PreventRequestsDuringMaintenance->handle(Object(Illuminate\\Http\\Request), Object(Closure))
#39 /Users/awangwahyu/Downloads/SI4705-KELA-main/greennovate/vendor/laravel/framework/src/Illuminate/Http/Middleware/HandleCors.php(61): Illuminate\\Pipeline\\Pipeline->{closure:{closure:Illuminate\\Pipeline\\Pipeline::carry():194}:195}(Object(Illuminate\\Http\\Request))
#40 /Users/awangwahyu/Downloads/SI4705-KELA-main/greennovate/vendor/laravel/framework/src/Illuminate/Pipeline/Pipeline.php(219): Illuminate\\Http\\Middleware\\HandleCors->handle(Object(Illuminate\\Http\\Request), Object(Closure))
#41 /Users/awangwahyu/Downloads/SI4705-KELA-main/greennovate/vendor/laravel/framework/src/Illuminate/Http/Middleware/TrustProxies.php(58): Illuminate\\Pipeline\\Pipeline->{closure:{closure:Illuminate\\Pipeline\\Pipeline::carry():194}:195}(Object(Illuminate\\Http\\Request))
#42 /Users/awangwahyu/Downloads/SI4705-KELA-main/greennovate/vendor/laravel/framework/src/Illuminate/Pipeline/Pipeline.php(219): Illuminate\\Http\\Middleware\\TrustProxies->handle(Object(Illuminate\\Http\\Request), Object(Closure))
#43 /Users/awangwahyu/Downloads/SI4705-KELA-main/greennovate/vendor/laravel/framework/src/Illuminate/Foundation/Http/Middleware/InvokeDeferredCallbacks.php(22): Illuminate\\Pipeline\\Pipeline->{closure:{closure:Illuminate\\Pipeline\\Pipeline::carry():194}:195}(Object(Illuminate\\Http\\Request))
#44 /Users/awangwahyu/Downloads/SI4705-KELA-main/greennovate/vendor/laravel/framework/src/Illuminate/Pipeline/Pipeline.php(219): Illuminate\\Foundation\\Http\\Middleware\\InvokeDeferredCallbacks->handle(Object(Illuminate\\Http\\Request), Object(Closure))
#45 /Users/awangwahyu/Downloads/SI4705-KELA-main/greennovate/vendor/laravel/framework/src/Illuminate/Http/Middleware/ValidatePathEncoding.php(26): Illuminate\\Pipeline\\Pipeline->{closure:{closure:Illuminate\\Pipeline\\Pipeline::carry():194}:195}(Object(Illuminate\\Http\\Request))
#46 /Users/awangwahyu/Downloads/SI4705-KELA-main/greennovate/vendor/laravel/framework/src/Illuminate/Pipeline/Pipeline.php(219): Illuminate\\Http\\Middleware\\ValidatePathEncoding->handle(Object(Illuminate\\Http\\Request), Object(Closure))
#47 /Users/awangwahyu/Downloads/SI4705-KELA-main/greennovate/vendor/laravel/framework/src/Illuminate/Pipeline/Pipeline.php(137): Illuminate\\Pipeline\\Pipeline->{closure:{closure:Illuminate\\Pipeline\\Pipeline::carry():194}:195}(Object(Illuminate\\Http\\Request))
#48 /Users/awangwahyu/Downloads/SI4705-KELA-main/greennovate/vendor/laravel/framework/src/Illuminate/Foundation/Http/Kernel.php(175): Illuminate\\Pipeline\\Pipeline->then(Object(Closure))
#49 /Users/awangwahyu/Downloads/SI4705-KELA-main/greennovate/vendor/laravel/framework/src/Illuminate/Foundation/Http/Kernel.php(144): Illuminate\\Foundation\\Http\\Kernel->sendRequestThroughRouter(Object(Illuminate\\Http\\Request))
#50 /Users/awangwahyu/Downloads/SI4705-KELA-main/greennovate/vendor/laravel/framework/src/Illuminate/Foundation/Application.php(1220): Illuminate\\Foundation\\Http\\Kernel->handle(Object(Illuminate\\Http\\Request))
#51 /Users/awangwahyu/Downloads/SI4705-KELA-main/greennovate/public/index.php(20): Illuminate\\Foundation\\Application->handleRequest(Object(Illuminate\\Http\\Request))
#52 /Users/awangwahyu/Downloads/SI4705-KELA-main/greennovate/vendor/laravel/framework/src/Illuminate/Foundation/resources/server.php(23): require_once('/Users/awangwah...')
#53 {main}

[previous exception] [object] (PDOException(code: 7): SQLSTATE[08006] [7] connection to server at \"ep-sweet-bonus-anb5fldu-pooler.c-6.us-east-1.aws.neon.tech\" (2600:1f18:700d:422c:f04:46d:4248:7967), port 5432 failed: ERROR:  password authentication failed for user 'neondb_owner' at /Users/awangwahyu/Downloads/SI4705-KELA-main/greennovate/vendor/laravel/framework/src/Illuminate/Database/Connectors/Connector.php:67)
[stacktrace]
#0 /Users/awangwahyu/Downloads/SI4705-KELA-main/greennovate/vendor/laravel/framework/src/Illuminate/Database/Connectors/Connector.php(67): PDO::connect('pgsql:host=ep-s...', 'neondb_owner', Object(SensitiveParameterValue), Array)
#1 /Users/awangwahyu/Downloads/SI4705-KELA-main/greennovate/vendor/laravel/framework/src/Illuminate/Database/Connectors/Connector.php(44): Illuminate\\Database\\Connectors\\Connector->createPdoConnection('pgsql:host=ep-s...', 'neondb_owner', Object(SensitiveParameterValue), Array)
#2 /Users/awangwahyu/Downloads/SI4705-KELA-main/greennovate/vendor/laravel/framework/src/Illuminate/Database/Connectors/PostgresConnector.php(35): Illuminate\\Database\\Connectors\\Connector->createConnection('pgsql:host=ep-s...', Array, Array)
#3 /Users/awangwahyu/Downloads/SI4705-KELA-main/greennovate/vendor/laravel/framework/src/Illuminate/Database/Connectors/ConnectionFactory.php(186): Illuminate\\Database\\Connectors\\PostgresConnector->connect(Array)
#4 [internal function]: Illuminate\\Database\\Connectors\\ConnectionFactory->{closure:Illuminate\\Database\\Connectors\\ConnectionFactory::createPdoResolverWithHosts():181}()
#5 /Users/awangwahyu/Downloads/SI4705-KELA-main/greennovate/vendor/laravel/framework/src/Illuminate/Database/Connection.php(1257): call_user_func(Object(Closure))
#6 /Users/awangwahyu/Downloads/SI4705-KELA-main/greennovate/vendor/laravel/framework/src/Illuminate/Database/Connection.php(525): Illuminate\\Database\\Connection->getPdo()
#7 /Users/awangwahyu/Downloads/SI4705-KELA-main/greennovate/vendor/laravel/framework/src/Illuminate/Database/Connection.php(420): Illuminate\\Database\\Connection->getPdoForSelect(false)
#8 /Users/awangwahyu/Downloads/SI4705-KELA-main/greennovate/vendor/laravel/framework/src/Illuminate/Database/Connection.php(827): Illuminate\\Database\\Connection->{closure:Illuminate\\Database\\Connection::select():411}('select * from \"...', Array)
#9 /Users/awangwahyu/Downloads/SI4705-KELA-main/greennovate/vendor/laravel/framework/src/Illuminate/Database/Connection.php(794): Illuminate\\Database\\Connection->runQueryCallback('select * from \"...', Array, Object(Closure))
#10 /Users/awangwahyu/Downloads/SI4705-KELA-main/greennovate/vendor/laravel/framework/src/Illuminate/Database/Connection.php(411): Illuminate\\Database\\Connection->run('select * from \"...', Array, Object(Closure))
#11 /Users/awangwahyu/Downloads/SI4705-KELA-main/greennovate/vendor/laravel/framework/src/Illuminate/Database/Query/Builder.php(3505): Illuminate\\Database\\Connection->select('select * from \"...', Array, false)
#12 /Users/awangwahyu/Downloads/SI4705-KELA-main/greennovate/vendor/laravel/framework/src/Illuminate/Database/Query/Builder.php(3490): Illuminate\\Database\\Query\\Builder->runSelect()
#13 /Users/awangwahyu/Downloads/SI4705-KELA-main/greennovate/vendor/laravel/framework/src/Illuminate/Database/Query/Builder.php(4080): Illuminate\\Database\\Query\\Builder->{closure:Illuminate\\Database\\Query\\Builder::get():3489}()
#14 /Users/awangwahyu/Downloads/SI4705-KELA-main/greennovate/vendor/laravel/framework/src/Illuminate/Database/Query/Builder.php(3489): Illuminate\\Database\\Query\\Builder->onceWithColumns(Array, Object(Closure))
#15 /Users/awangwahyu/Downloads/SI4705-KELA-main/greennovate/vendor/laravel/framework/src/Illuminate/Database/Concerns/BuildsQueries.php(366): Illuminate\\Database\\Query\\Builder->get(Array)
#16 /Users/awangwahyu/Downloads/SI4705-KELA-main/greennovate/vendor/laravel/framework/src/Illuminate/Database/Query/Builder.php(3412): Illuminate\\Database\\Query\\Builder->first(Array)
#17 /Users/awangwahyu/Downloads/SI4705-KELA-main/greennovate/vendor/laravel/framework/src/Illuminate/Session/DatabaseSessionHandler.php(96): Illuminate\\Database\\Query\\Builder->find('OzoMYuoiIWayfeQ...')
#18 /Users/awangwahyu/Downloads/SI4705-KELA-main/greennovate/vendor/laravel/framework/src/Illuminate/Session/Store.php(128): Illuminate\\Session\\DatabaseSessionHandler->read('OzoMYuoiIWayfeQ...')
#19 /Users/awangwahyu/Downloads/SI4705-KELA-main/greennovate/vendor/laravel/framework/src/Illuminate/Session/Store.php(116): Illuminate\\Session\\Store->readFromHandler()
#20 /Users/awangwahyu/Downloads/SI4705-KELA-main/greennovate/vendor/laravel/framework/src/Illuminate/Session/Store.php(100): Illuminate\\Session\\Store->loadSession()
#21 /Users/awangwahyu/Downloads/SI4705-KELA-main/greennovate/vendor/laravel/framework/src/Illuminate/Session/Middleware/StartSession.php(146): Illuminate\\Session\\Store->start()
#22 /Users/awangwahyu/Downloads/SI4705-KELA-main/greennovate/vendor/laravel/framework/src/Illuminate/Support/helpers.php(393): Illuminate\\Session\\Middleware\\StartSession->{closure:Illuminate\\Session\\Middleware\\StartSession::startSession():143}(Object(Illuminate\\Session\\Store))
#23 /Users/awangwahyu/Downloads/SI4705-KELA-main/greennovate/vendor/laravel/framework/src/Illuminate/Session/Middleware/StartSession.php(143): tap(Object(Illuminate\\Session\\Store), Object(Closure))
#24 /Users/awangwahyu/Downloads/SI4705-KELA-main/greennovate/vendor/laravel/framework/src/Illuminate/Session/Middleware/StartSession.php(115): Illuminate\\Session\\Middleware\\StartSession->startSession(Object(Illuminate\\Http\\Request), Object(Illuminate\\Session\\Store))
#25 /Users/awangwahyu/Downloads/SI4705-KELA-main/greennovate/vendor/laravel/framework/src/Illuminate/Session/Middleware/StartSession.php(63): Illuminate\\Session\\Middleware\\StartSession->handleStatefulRequest(Object(Illuminate\\Http\\Request), Object(Illuminate\\Session\\Store), Object(Closure))
#26 /Users/awangwahyu/Downloads/SI4705-KELA-main/greennovate/vendor/laravel/framework/src/Illuminate/Pipeline/Pipeline.php(219): Illuminate\\Session\\Middleware\\StartSession->handle(Object(Illuminate\\Http\\Request), Object(Closure))
#27 /Users/awangwahyu/Downloads/SI4705-KELA-main/greennovate/vendor/laravel/framework/src/Illuminate/Cookie/Middleware/AddQueuedCookiesToResponse.php(36): Illuminate\\Pipeline\\Pipeline->{closure:{closure:Illuminate\\Pipeline\\Pipeline::carry():194}:195}(Object(Illuminate\\Http\\Request))
#28 /Users/awangwahyu/Downloads/SI4705-KELA-main/greennovate/vendor/laravel/framework/src/Illuminate/Pipeline/Pipeline.php(219): Illuminate\\Cookie\\Middleware\\AddQueuedCookiesToResponse->handle(Object(Illuminate\\Http\\Request), Object(Closure))
#29 /Users/awangwahyu/Downloads/SI4705-KELA-main/greennovate/vendor/laravel/framework/src/Illuminate/Cookie/Middleware/EncryptCookies.php(74): Illuminate\\Pipeline\\Pipeline->{closure:{closure:Illuminate\\Pipeline\\Pipeline::carry():194}:195}(Object(Illuminate\\Http\\Request))
#30 /Users/awangwahyu/Downloads/SI4705-KELA-main/greennovate/vendor/laravel/framework/src/Illuminate/Pipeline/Pipeline.php(219): Illuminate\\Cookie\\Middleware\\EncryptCookies->handle(Object(Illuminate\\Http\\Request), Object(Closure))
#31 /Users/awangwahyu/Downloads/SI4705-KELA-main/greennovate/vendor/laravel/framework/src/Illuminate/Pipeline/Pipeline.php(137): Illuminate\\Pipeline\\Pipeline->{closure:{closure:Illuminate\\Pipeline\\Pipeline::carry():194}:195}(Object(Illuminate\\Http\\Request))
#32 /Users/awangwahyu/Downloads/SI4705-KELA-main/greennovate/vendor/laravel/framework/src/Illuminate/Routing/Router.php(821): Illuminate\\Pipeline\\Pipeline->then(Object(Closure))
#33 /Users/awangwahyu/Downloads/SI4705-KELA-main/greennovate/vendor/laravel/framework/src/Illuminate/Routing/Router.php(800): Illuminate\\Routing\\Router->runRouteWithinStack(Object(Illuminate\\Routing\\Route), Object(Illuminate\\Http\\Request))
#34 /Users/awangwahyu/Downloads/SI4705-KELA-main/greennovate/vendor/laravel/framework/src/Illuminate/Routing/Router.php(764): Illuminate\\Routing\\Router->runRoute(Object(Illuminate\\Http\\Request), Object(Illuminate\\Routing\\Route))
#35 /Users/awangwahyu/Downloads/SI4705-KELA-main/greennovate/vendor/laravel/framework/src/Illuminate/Routing/Router.php(753): Illuminate\\Routing\\Router->dispatchToRoute(Object(Illuminate\\Http\\Request))
#36 /Users/awangwahyu/Downloads/SI4705-KELA-main/greennovate/vendor/laravel/framework/src/Illuminate/Foundation/Http/Kernel.php(200): Illuminate\\Routing\\Router->dispatch(Object(Illuminate\\Http\\Request))
#37 /Users/awangwahyu/Downloads/SI4705-KELA-main/greennovate/vendor/laravel/framework/src/Illuminate/Pipeline/Pipeline.php(180): Illuminate\\Foundation\\Http\\Kernel->{closure:Illuminate\\Foundation\\Http\\Kernel::dispatchToRouter():197}(Object(Illuminate\\Http\\Request))
#38 /Users/awangwahyu/Downloads/SI4705-KELA-main/greennovate/vendor/laravel/framework/src/Illuminate/Foundation/Http/Middleware/TransformsRequest.php(21): Illuminate\\Pipeline\\Pipeline->{closure:Illuminate\\Pipeline\\Pipeline::prepareDestination():178}(Object(Illuminate\\Http\\Request))
#39 /Users/awangwahyu/Downloads/SI4705-KELA-main/greennovate/vendor/laravel/framework/src/Illuminate/Foundation/Http/Middleware/ConvertEmptyStringsToNull.php(31): Illuminate\\Foundation\\Http\\Middleware\\TransformsRequest->handle(Object(Illuminate\\Http\\Request), Object(Closure))
#40 /Users/awangwahyu/Downloads/SI4705-KELA-main/greennovate/vendor/laravel/framework/src/Illuminate/Pipeline/Pipeline.php(219): Illuminate\\Foundation\\Http\\Middleware\\ConvertEmptyStringsToNull->handle(Object(Illuminate\\Http\\Request), Object(Closure))
#41 /Users/awangwahyu/Downloads/SI4705-KELA-main/greennovate/vendor/laravel/framework/src/Illuminate/Foundation/Http/Middleware/TransformsRequest.php(21): Illuminate\\Pipeline\\Pipeline->{closure:{closure:Illuminate\\Pipeline\\Pipeline::carry():194}:195}(Object(Illuminate\\Http\\Request))
#42 /Users/awangwahyu/Downloads/SI4705-KELA-main/greennovate/vendor/laravel/framework/src/Illuminate/Foundation/Http/Middleware/TrimStrings.php(51): Illuminate\\Foundation\\Http\\Middleware\\TransformsRequest->handle(Object(Illuminate\\Http\\Request), Object(Closure))
#43 /Users/awangwahyu/Downloads/SI4705-KELA-main/greennovate/vendor/laravel/framework/src/Illuminate/Pipeline/Pipeline.php(219): Illuminate\\Foundation\\Http\\Middleware\\TrimStrings->handle(Object(Illuminate\\Http\\Request), Object(Closure))
#44 /Users/awangwahyu/Downloads/SI4705-KELA-main/greennovate/vendor/laravel/framework/src/Illuminate/Http/Middleware/ValidatePostSize.php(27): Illuminate\\Pipeline\\Pipeline->{closure:{closure:Illuminate\\Pipeline\\Pipeline::carry():194}:195}(Object(Illuminate\\Http\\Request))
#45 /Users/awangwahyu/Downloads/SI4705-KELA-main/greennovate/vendor/laravel/framework/src/Illuminate/Pipeline/Pipeline.php(219): Illuminate\\Http\\Middleware\\ValidatePostSize->handle(Object(Illuminate\\Http\\Request), Object(Closure))
#46 /Users/awangwahyu/Downloads/SI4705-KELA-main/greennovate/vendor/laravel/framework/src/Illuminate/Foundation/Http/Middleware/PreventRequestsDuringMaintenance.php(109): Illuminate\\Pipeline\\Pipeline->{closure:{closure:Illuminate\\Pipeline\\Pipeline::carry():194}:195}(Object(Illuminate\\Http\\Request))
#47 /Users/awangwahyu/Downloads/SI4705-KELA-main/greennovate/vendor/laravel/framework/src/Illuminate/Pipeline/Pipeline.php(219): Illuminate\\Foundation\\Http\\Middleware\\PreventRequestsDuringMaintenance->handle(Object(Illuminate\\Http\\Request), Object(Closure))
#48 /Users/awangwahyu/Downloads/SI4705-KELA-main/greennovate/vendor/laravel/framework/src/Illuminate/Http/Middleware/HandleCors.php(61): Illuminate\\Pipeline\\Pipeline->{closure:{closure:Illuminate\\Pipeline\\Pipeline::carry():194}:195}(Object(Illuminate\\Http\\Request))
#49 /Users/awangwahyu/Downloads/SI4705-KELA-main/greennovate/vendor/laravel/framework/src/Illuminate/Pipeline/Pipeline.php(219): Illuminate\\Http\\Middleware\\HandleCors->handle(Object(Illuminate\\Http\\Request), Object(Closure))
#50 /Users/awangwahyu/Downloads/SI4705-KELA-main/greennovate/vendor/laravel/framework/src/Illuminate/Http/Middleware/TrustProxies.php(58): Illuminate\\Pipeline\\Pipeline->{closure:{closure:Illuminate\\Pipeline\\Pipeline::carry():194}:195}(Object(Illuminate\\Http\\Request))
#51 /Users/awangwahyu/Downloads/SI4705-KELA-main/greennovate/vendor/laravel/framework/src/Illuminate/Pipeline/Pipeline.php(219): Illuminate\\Http\\Middleware\\TrustProxies->handle(Object(Illuminate\\Http\\Request), Object(Closure))
#52 /Users/awangwahyu/Downloads/SI4705-KELA-main/greennovate/vendor/laravel/framework/src/Illuminate/Foundation/Http/Middleware/InvokeDeferredCallbacks.php(22): Illuminate\\Pipeline\\Pipeline->{closure:{closure:Illuminate\\Pipeline\\Pipeline::carry():194}:195}(Object(Illuminate\\Http\\Request))
#53 /Users/awangwahyu/Downloads/SI4705-KELA-main/greennovate/vendor/laravel/framework/src/Illuminate/Pipeline/Pipeline.php(219): Illuminate\\Foundation\\Http\\Middleware\\InvokeDeferredCallbacks->handle(Object(Illuminate\\Http\\Request), Object(Closure))
#54 /Users/awangwahyu/Downloads/SI4705-KELA-main/greennovate/vendor/laravel/framework/src/Illuminate/Http/Middleware/ValidatePathEncoding.php(26): Illuminate\\Pipeline\\Pipeline->{closure:{closure:Illuminate\\Pipeline\\Pipeline::carry():194}:195}(Object(Illuminate\\Http\\Request))
#55 /Users/awangwahyu/Downloads/SI4705-KELA-main/greennovate/vendor/laravel/framework/src/Illuminate/Pipeline/Pipeline.php(219): Illuminate\\Http\\Middleware\\ValidatePathEncoding->handle(Object(Illuminate\\Http\\Request), Object(Closure))
#56 /Users/awangwahyu/Downloads/SI4705-KELA-main/greennovate/vendor/laravel/framework/src/Illuminate/Pipeline/Pipeline.php(137): Illuminate\\Pipeline\\Pipeline->{closure:{closure:Illuminate\\Pipeline\\Pipeline::carry():194}:195}(Object(Illuminate\\Http\\Request))
#57 /Users/awangwahyu/Downloads/SI4705-KELA-main/greennovate/vendor/laravel/framework/src/Illuminate/Foundation/Http/Kernel.php(175): Illuminate\\Pipeline\\Pipeline->then(Object(Closure))
#58 /Users/awangwahyu/Downloads/SI4705-KELA-main/greennovate/vendor/laravel/framework/src/Illuminate/Foundation/Http/Kernel.php(144): Illuminate\\Foundation\\Http\\Kernel->sendRequestThroughRouter(Object(Illuminate\\Http\\Request))
#59 /Users/awangwahyu/Downloads/SI4705-KELA-main/greennovate/vendor/laravel/framework/src/Illuminate/Foundation/Application.php(1220): Illuminate\\Foundation\\Http\\Kernel->handle(Object(Illuminate\\Http\\Request))
#60 /Users/awangwahyu/Downloads/SI4705-KELA-main/greennovate/public/index.php(20): Illuminate\\Foundation\\Application->handleRequest(Object(Illuminate\\Http\\Request))
#61 /Users/awangwahyu/Downloads/SI4705-KELA-main/greennovate/vendor/laravel/framework/src/Illuminate/Foundation/resources/server.php(23): require_once('/Users/awangwah...')
#62 {main}
"} 
[2026-04-21 12:05:36] local.ERROR: SQLSTATE[08006] [7] connection to server at "ep-sweet-bonus-anb5fldu-pooler.c-6.us-east-1.aws.neon.tech" (2600:1f18:700d:4211:7fef:e8e7:60f1:b2af), port 5432 failed: ERROR:  password authentication failed for user 'neondb_owner' (Connection: pgsql, Host: ep-sweet-bonus-anb5fldu-pooler.c-6.us-east-1.aws.neon.tech, Port: 5432, Database: Greenovete, SQL: select * from "sessions" where "id" = OzoMYuoiIWayfeQUtw0BRxy9EeWadHxnkqV9yNb1 limit 1) {"exception":"[object] (Illuminate\\Database\\QueryException(code: 7): SQLSTATE[08006] [7] connection to server at \"ep-sweet-bonus-anb5fldu-pooler.c-6.us-east-1.aws.neon.tech\" (2600:1f18:700d:4211:7fef:e8e7:60f1:b2af), port 5432 failed: ERROR:  password authentication failed for user 'neondb_owner' (Connection: pgsql, Host: ep-sweet-bonus-anb5fldu-pooler.c-6.us-east-1.aws.neon.tech, Port: 5432, Database: Greenovete, SQL: select * from \"sessions\" where \"id\" = OzoMYuoiIWayfeQUtw0BRxy9EeWadHxnkqV9yNb1 limit 1) at /Users/awangwahyu/Downloads/SI4705-KELA-main/greennovate/vendor/laravel/framework/src/Illuminate/Database/Connection.php:838)
[stacktrace]
#0 /Users/awangwahyu/Downloads/SI4705-KELA-main/greennovate/vendor/laravel/framework/src/Illuminate/Database/Connection.php(794): Illuminate\\Database\\Connection->runQueryCallback('select * from \"...', Array, Object(Closure))
#1 /Users/awangwahyu/Downloads/SI4705-KELA-main/greennovate/vendor/laravel/framework/src/Illuminate/Database/Connection.php(411): Illuminate\\Database\\Connection->run('select * from \"...', Array, Object(Closure))
#2 /Users/awangwahyu/Downloads/SI4705-KELA-main/greennovate/vendor/laravel/framework/src/Illuminate/Database/Query/Builder.php(3505): Illuminate\\Database\\Connection->select('select * from \"...', Array, false)
#3 /Users/awangwahyu/Downloads/SI4705-KELA-main/greennovate/vendor/laravel/framework/src/Illuminate/Database/Query/Builder.php(3490): Illuminate\\Database\\Query\\Builder->runSelect()
#4 /Users/awangwahyu/Downloads/SI4705-KELA-main/greennovate/vendor/laravel/framework/src/Illuminate/Database/Query/Builder.php(4080): Illuminate\\Database\\Query\\Builder->{closure:Illuminate\\Database\\Query\\Builder::get():3489}()
#5 /Users/awangwahyu/Downloads/SI4705-KELA-main/greennovate/vendor/laravel/framework/src/Illuminate/Database/Query/Builder.php(3489): Illuminate\\Database\\Query\\Builder->onceWithColumns(Array, Object(Closure))
#6 /Users/awangwahyu/Downloads/SI4705-KELA-main/greennovate/vendor/laravel/framework/src/Illuminate/Database/Concerns/BuildsQueries.php(366): Illuminate\\Database\\Query\\Builder->get(Array)
#7 /Users/awangwahyu/Downloads/SI4705-KELA-main/greennovate/vendor/laravel/framework/src/Illuminate/Database/Query/Builder.php(3412): Illuminate\\Database\\Query\\Builder->first(Array)
#8 /Users/awangwahyu/Downloads/SI4705-KELA-main/greennovate/vendor/laravel/framework/src/Illuminate/Session/DatabaseSessionHandler.php(96): Illuminate\\Database\\Query\\Builder->find('OzoMYuoiIWayfeQ...')
#9 /Users/awangwahyu/Downloads/SI4705-KELA-main/greennovate/vendor/laravel/framework/src/Illuminate/Session/Store.php(128): Illuminate\\Session\\DatabaseSessionHandler->read('OzoMYuoiIWayfeQ...')
#10 /Users/awangwahyu/Downloads/SI4705-KELA-main/greennovate/vendor/laravel/framework/src/Illuminate/Session/Store.php(116): Illuminate\\Session\\Store->readFromHandler()
#11 /Users/awangwahyu/Downloads/SI4705-KELA-main/greennovate/vendor/laravel/framework/src/Illuminate/Session/Store.php(100): Illuminate\\Session\\Store->loadSession()
#12 /Users/awangwahyu/Downloads/SI4705-KELA-main/greennovate/vendor/laravel/framework/src/Illuminate/Session/Middleware/StartSession.php(146): Illuminate\\Session\\Store->start()
#13 /Users/awangwahyu/Downloads/SI4705-KELA-main/greennovate/vendor/laravel/framework/src/Illuminate/Support/helpers.php(393): Illuminate\\Session\\Middleware\\StartSession->{closure:Illuminate\\Session\\Middleware\\StartSession::startSession():143}(Object(Illuminate\\Session\\Store))
#14 /Users/awangwahyu/Downloads/SI4705-KELA-main/greennovate/vendor/laravel/framework/src/Illuminate/Session/Middleware/StartSession.php(143): tap(Object(Illuminate\\Session\\Store), Object(Closure))
#15 /Users/awangwahyu/Downloads/SI4705-KELA-main/greennovate/vendor/laravel/framework/src/Illuminate/Session/Middleware/StartSession.php(115): Illuminate\\Session\\Middleware\\StartSession->startSession(Object(Illuminate\\Http\\Request), Object(Illuminate\\Session\\Store))
#16 /Users/awangwahyu/Downloads/SI4705-KELA-main/greennovate/vendor/laravel/framework/src/Illuminate/Session/Middleware/StartSession.php(63): Illuminate\\Session\\Middleware\\StartSession->handleStatefulRequest(Object(Illuminate\\Http\\Request), Object(Illuminate\\Session\\Store), Object(Closure))
#17 /Users/awangwahyu/Downloads/SI4705-KELA-main/greennovate/vendor/laravel/framework/src/Illuminate/Pipeline/Pipeline.php(219): Illuminate\\Session\\Middleware\\StartSession->handle(Object(Illuminate\\Http\\Request), Object(Closure))
#18 /Users/awangwahyu/Downloads/SI4705-KELA-main/greennovate/vendor/laravel/framework/src/Illuminate/Cookie/Middleware/AddQueuedCookiesToResponse.php(36): Illuminate\\Pipeline\\Pipeline->{closure:{closure:Illuminate\\Pipeline\\Pipeline::carry():194}:195}(Object(Illuminate\\Http\\Request))
#19 /Users/awangwahyu/Downloads/SI4705-KELA-main/greennovate/vendor/laravel/framework/src/Illuminate/Pipeline/Pipeline.php(219): Illuminate\\Cookie\\Middleware\\AddQueuedCookiesToResponse->handle(Object(Illuminate\\Http\\Request), Object(Closure))
#20 /Users/awangwahyu/Downloads/SI4705-KELA-main/greennovate/vendor/laravel/framework/src/Illuminate/Cookie/Middleware/EncryptCookies.php(74): Illuminate\\Pipeline\\Pipeline->{closure:{closure:Illuminate\\Pipeline\\Pipeline::carry():194}:195}(Object(Illuminate\\Http\\Request))
#21 /Users/awangwahyu/Downloads/SI4705-KELA-main/greennovate/vendor/laravel/framework/src/Illuminate/Pipeline/Pipeline.php(219): Illuminate\\Cookie\\Middleware\\EncryptCookies->handle(Object(Illuminate\\Http\\Request), Object(Closure))
#22 /Users/awangwahyu/Downloads/SI4705-KELA-main/greennovate/vendor/laravel/framework/src/Illuminate/Pipeline/Pipeline.php(137): Illuminate\\Pipeline\\Pipeline->{closure:{closure:Illuminate\\Pipeline\\Pipeline::carry():194}:195}(Object(Illuminate\\Http\\Request))
#23 /Users/awangwahyu/Downloads/SI4705-KELA-main/greennovate/vendor/laravel/framework/src/Illuminate/Routing/Router.php(821): Illuminate\\Pipeline\\Pipeline->then(Object(Closure))
#24 /Users/awangwahyu/Downloads/SI4705-KELA-main/greennovate/vendor/laravel/framework/src/Illuminate/Routing/Router.php(800): Illuminate\\Routing\\Router->runRouteWithinStack(Object(Illuminate\\Routing\\Route), Object(Illuminate\\Http\\Request))
#25 /Users/awangwahyu/Downloads/SI4705-KELA-main/greennovate/vendor/laravel/framework/src/Illuminate/Routing/Router.php(764): Illuminate\\Routing\\Router->runRoute(Object(Illuminate\\Http\\Request), Object(Illuminate\\Routing\\Route))
#26 /Users/awangwahyu/Downloads/SI4705-KELA-main/greennovate/vendor/laravel/framework/src/Illuminate/Routing/Router.php(753): Illuminate\\Routing\\Router->dispatchToRoute(Object(Illuminate\\Http\\Request))
#27 /Users/awangwahyu/Downloads/SI4705-KELA-main/greennovate/vendor/laravel/framework/src/Illuminate/Foundation/Http/Kernel.php(200): Illuminate\\Routing\\Router->dispatch(Object(Illuminate\\Http\\Request))
#28 /Users/awangwahyu/Downloads/SI4705-KELA-main/greennovate/vendor/laravel/framework/src/Illuminate/Pipeline/Pipeline.php(180): Illuminate\\Foundation\\Http\\Kernel->{closure:Illuminate\\Foundation\\Http\\Kernel::dispatchToRouter():197}(Object(Illuminate\\Http\\Request))
#29 /Users/awangwahyu/Downloads/SI4705-KELA-main/greennovate/vendor/laravel/framework/src/Illuminate/Foundation/Http/Middleware/TransformsRequest.php(21): Illuminate\\Pipeline\\Pipeline->{closure:Illuminate\\Pipeline\\Pipeline::prepareDestination():178}(Object(Illuminate\\Http\\Request))
#30 /Users/awangwahyu/Downloads/SI4705-KELA-main/greennovate/vendor/laravel/framework/src/Illuminate/Foundation/Http/Middleware/ConvertEmptyStringsToNull.php(31): Illuminate\\Foundation\\Http\\Middleware\\TransformsRequest->handle(Object(Illuminate\\Http\\Request), Object(Closure))
#31 /Users/awangwahyu/Downloads/SI4705-KELA-main/greennovate/vendor/laravel/framework/src/Illuminate/Pipeline/Pipeline.php(219): Illuminate\\Foundation\\Http\\Middleware\\ConvertEmptyStringsToNull->handle(Object(Illuminate\\Http\\Request), Object(Closure))
#32 /Users/awangwahyu/Downloads/SI4705-KELA-main/greennovate/vendor/laravel/framework/src/Illuminate/Foundation/Http/Middleware/TransformsRequest.php(21): Illuminate\\Pipeline\\Pipeline->{closure:{closure:Illuminate\\Pipeline\\Pipeline::carry():194}:195}(Object(Illuminate\\Http\\Request))
#33 /Users/awangwahyu/Downloads/SI4705-KELA-main/greennovate/vendor/laravel/framework/src/Illuminate/Foundation/Http/Middleware/TrimStrings.php(51): Illuminate\\Foundation\\Http\\Middleware\\TransformsRequest->handle(Object(Illuminate\\Http\\Request), Object(Closure))
#34 /Users/awangwahyu/Downloads/SI4705-KELA-main/greennovate/vendor/laravel/framework/src/Illuminate/Pipeline/Pipeline.php(219): Illuminate\\Foundation\\Http\\Middleware\\TrimStrings->handle(Object(Illuminate\\Http\\Request), Object(Closure))
#35 /Users/awangwahyu/Downloads/SI4705-KELA-main/greennovate/vendor/laravel/framework/src/Illuminate/Http/Middleware/ValidatePostSize.php(27): Illuminate\\Pipeline\\Pipeline->{closure:{closure:Illuminate\\Pipeline\\Pipeline::carry():194}:195}(Object(Illuminate\\Http\\Request))
#36 /Users/awangwahyu/Downloads/SI4705-KELA-main/greennovate/vendor/laravel/framework/src/Illuminate/Pipeline/Pipeline.php(219): Illuminate\\Http\\Middleware\\ValidatePostSize->handle(Object(Illuminate\\Http\\Request), Object(Closure))
#37 /Users/awangwahyu/Downloads/SI4705-KELA-main/greennovate/vendor/laravel/framework/src/Illuminate/Foundation/Http/Middleware/PreventRequestsDuringMaintenance.php(109): Illuminate\\Pipeline\\Pipeline->{closure:{closure:Illuminate\\Pipeline\\Pipeline::carry():194}:195}(Object(Illuminate\\Http\\Request))
#38 /Users/awangwahyu/Downloads/SI4705-KELA-main/greennovate/vendor/laravel/framework/src/Illuminate/Pipeline/Pipeline.php(219): Illuminate\\Foundation\\Http\\Middleware\\PreventRequestsDuringMaintenance->handle(Object(Illuminate\\Http\\Request), Object(Closure))
#39 /Users/awangwahyu/Downloads/SI4705-KELA-main/greennovate/vendor/laravel/framework/src/Illuminate/Http/Middleware/HandleCors.php(61): Illuminate\\Pipeline\\Pipeline->{closure:{closure:Illuminate\\Pipeline\\Pipeline::carry():194}:195}(Object(Illuminate\\Http\\Request))
#40 /Users/awangwahyu/Downloads/SI4705-KELA-main/greennovate/vendor/laravel/framework/src/Illuminate/Pipeline/Pipeline.php(219): Illuminate\\Http\\Middleware\\HandleCors->handle(Object(Illuminate\\Http\\Request), Object(Closure))
#41 /Users/awangwahyu/Downloads/SI4705-KELA-main/greennovate/vendor/laravel/framework/src/Illuminate/Http/Middleware/TrustProxies.php(58): Illuminate\\Pipeline\\Pipeline->{closure:{closure:Illuminate\\Pipeline\\Pipeline::carry():194}:195}(Object(Illuminate\\Http\\Request))
#42 /Users/awangwahyu/Downloads/SI4705-KELA-main/greennovate/vendor/laravel/framework/src/Illuminate/Pipeline/Pipeline.php(219): Illuminate\\Http\\Middleware\\TrustProxies->handle(Object(Illuminate\\Http\\Request), Object(Closure))
#43 /Users/awangwahyu/Downloads/SI4705-KELA-main/greennovate/vendor/laravel/framework/src/Illuminate/Foundation/Http/Middleware/InvokeDeferredCallbacks.php(22): Illuminate\\Pipeline\\Pipeline->{closure:{closure:Illuminate\\Pipeline\\Pipeline::carry():194}:195}(Object(Illuminate\\Http\\Request))
#44 /Users/awangwahyu/Downloads/SI4705-KELA-main/greennovate/vendor/laravel/framework/src/Illuminate/Pipeline/Pipeline.php(219): Illuminate\\Foundation\\Http\\Middleware\\InvokeDeferredCallbacks->handle(Object(Illuminate\\Http\\Request), Object(Closure))
#45 /Users/awangwahyu/Downloads/SI4705-KELA-main/greennovate/vendor/laravel/framework/src/Illuminate/Http/Middleware/ValidatePathEncoding.php(26): Illuminate\\Pipeline\\Pipeline->{closure:{closure:Illuminate\\Pipeline\\Pipeline::carry():194}:195}(Object(Illuminate\\Http\\Request))
#46 /Users/awangwahyu/Downloads/SI4705-KELA-main/greennovate/vendor/laravel/framework/src/Illuminate/Pipeline/Pipeline.php(219): Illuminate\\Http\\Middleware\\ValidatePathEncoding->handle(Object(Illuminate\\Http\\Request), Object(Closure))
#47 /Users/awangwahyu/Downloads/SI4705-KELA-main/greennovate/vendor/laravel/framework/src/Illuminate/Pipeline/Pipeline.php(137): Illuminate\\Pipeline\\Pipeline->{closure:{closure:Illuminate\\Pipeline\\Pipeline::carry():194}:195}(Object(Illuminate\\Http\\Request))
#48 /Users/awangwahyu/Downloads/SI4705-KELA-main/greennovate/vendor/laravel/framework/src/Illuminate/Foundation/Http/Kernel.php(175): Illuminate\\Pipeline\\Pipeline->then(Object(Closure))
#49 /Users/awangwahyu/Downloads/SI4705-KELA-main/greennovate/vendor/laravel/framework/src/Illuminate/Foundation/Http/Kernel.php(144): Illuminate\\Foundation\\Http\\Kernel->sendRequestThroughRouter(Object(Illuminate\\Http\\Request))
#50 /Users/awangwahyu/Downloads/SI4705-KELA-main/greennovate/vendor/laravel/framework/src/Illuminate/Foundation/Application.php(1220): Illuminate\\Foundation\\Http\\Kernel->handle(Object(Illuminate\\Http\\Request))
#51 /Users/awangwahyu/Downloads/SI4705-KELA-main/greennovate/public/index.php(20): Illuminate\\Foundation\\Application->handleRequest(Object(Illuminate\\Http\\Request))
#52 /Users/awangwahyu/Downloads/SI4705-KELA-main/greennovate/vendor/laravel/framework/src/Illuminate/Foundation/resources/server.php(23): require_once('/Users/awangwah...')
#53 {main}

[previous exception] [object] (PDOException(code: 7): SQLSTATE[08006] [7] connection to server at \"ep-sweet-bonus-anb5fldu-pooler.c-6.us-east-1.aws.neon.tech\" (2600:1f18:700d:4211:7fef:e8e7:60f1:b2af), port 5432 failed: ERROR:  password authentication failed for user 'neondb_owner' at /Users/awangwahyu/Downloads/SI4705-KELA-main/greennovate/vendor/laravel/framework/src/Illuminate/Database/Connectors/Connector.php:67)
[stacktrace]
#0 /Users/awangwahyu/Downloads/SI4705-KELA-main/greennovate/vendor/laravel/framework/src/Illuminate/Database/Connectors/Connector.php(67): PDO::connect('pgsql:host=ep-s...', 'neondb_owner', Object(SensitiveParameterValue), Array)
#1 /Users/awangwahyu/Downloads/SI4705-KELA-main/greennovate/vendor/laravel/framework/src/Illuminate/Database/Connectors/Connector.php(44): Illuminate\\Database\\Connectors\\Connector->createPdoConnection('pgsql:host=ep-s...', 'neondb_owner', Object(SensitiveParameterValue), Array)
#2 /Users/awangwahyu/Downloads/SI4705-KELA-main/greennovate/vendor/laravel/framework/src/Illuminate/Database/Connectors/PostgresConnector.php(35): Illuminate\\Database\\Connectors\\Connector->createConnection('pgsql:host=ep-s...', Array, Array)
#3 /Users/awangwahyu/Downloads/SI4705-KELA-main/greennovate/vendor/laravel/framework/src/Illuminate/Database/Connectors/ConnectionFactory.php(186): Illuminate\\Database\\Connectors\\PostgresConnector->connect(Array)
#4 [internal function]: Illuminate\\Database\\Connectors\\ConnectionFactory->{closure:Illuminate\\Database\\Connectors\\ConnectionFactory::createPdoResolverWithHosts():181}()
#5 /Users/awangwahyu/Downloads/SI4705-KELA-main/greennovate/vendor/laravel/framework/src/Illuminate/Database/Connection.php(1257): call_user_func(Object(Closure))
#6 /Users/awangwahyu/Downloads/SI4705-KELA-main/greennovate/vendor/laravel/framework/src/Illuminate/Database/Connection.php(525): Illuminate\\Database\\Connection->getPdo()
#7 /Users/awangwahyu/Downloads/SI4705-KELA-main/greennovate/vendor/laravel/framework/src/Illuminate/Database/Connection.php(420): Illuminate\\Database\\Connection->getPdoForSelect(false)
#8 /Users/awangwahyu/Downloads/SI4705-KELA-main/greennovate/vendor/laravel/framework/src/Illuminate/Database/Connection.php(827): Illuminate\\Database\\Connection->{closure:Illuminate\\Database\\Connection::select():411}('select * from \"...', Array)
#9 /Users/awangwahyu/Downloads/SI4705-KELA-main/greennovate/vendor/laravel/framework/src/Illuminate/Database/Connection.php(794): Illuminate\\Database\\Connection->runQueryCallback('select * from \"...', Array, Object(Closure))
#10 /Users/awangwahyu/Downloads/SI4705-KELA-main/greennovate/vendor/laravel/framework/src/Illuminate/Database/Connection.php(411): Illuminate\\Database\\Connection->run('select * from \"...', Array, Object(Closure))
#11 /Users/awangwahyu/Downloads/SI4705-KELA-main/greennovate/vendor/laravel/framework/src/Illuminate/Database/Query/Builder.php(3505): Illuminate\\Database\\Connection->select('select * from \"...', Array, false)
#12 /Users/awangwahyu/Downloads/SI4705-KELA-main/greennovate/vendor/laravel/framework/src/Illuminate/Database/Query/Builder.php(3490): Illuminate\\Database\\Query\\Builder->runSelect()
#13 /Users/awangwahyu/Downloads/SI4705-KELA-main/greennovate/vendor/laravel/framework/src/Illuminate/Database/Query/Builder.php(4080): Illuminate\\Database\\Query\\Builder->{closure:Illuminate\\Database\\Query\\Builder::get():3489}()
#14 /Users/awangwahyu/Downloads/SI4705-KELA-main/greennovate/vendor/laravel/framework/src/Illuminate/Database/Query/Builder.php(3489): Illuminate\\Database\\Query\\Builder->onceWithColumns(Array, Object(Closure))
#15 /Users/awangwahyu/Downloads/SI4705-KELA-main/greennovate/vendor/laravel/framework/src/Illuminate/Database/Concerns/BuildsQueries.php(366): Illuminate\\Database\\Query\\Builder->get(Array)
#16 /Users/awangwahyu/Downloads/SI4705-KELA-main/greennovate/vendor/laravel/framework/src/Illuminate/Database/Query/Builder.php(3412): Illuminate\\Database\\Query\\Builder->first(Array)
#17 /Users/awangwahyu/Downloads/SI4705-KELA-main/greennovate/vendor/laravel/framework/src/Illuminate/Session/DatabaseSessionHandler.php(96): Illuminate\\Database\\Query\\Builder->find('OzoMYuoiIWayfeQ...')
#18 /Users/awangwahyu/Downloads/SI4705-KELA-main/greennovate/vendor/laravel/framework/src/Illuminate/Session/Store.php(128): Illuminate\\Session\\DatabaseSessionHandler->read('OzoMYuoiIWayfeQ...')
#19 /Users/awangwahyu/Downloads/SI4705-KELA-main/greennovate/vendor/laravel/framework/src/Illuminate/Session/Store.php(116): Illuminate\\Session\\Store->readFromHandler()
#20 /Users/awangwahyu/Downloads/SI4705-KELA-main/greennovate/vendor/laravel/framework/src/Illuminate/Session/Store.php(100): Illuminate\\Session\\Store->loadSession()
#21 /Users/awangwahyu/Downloads/SI4705-KELA-main/greennovate/vendor/laravel/framework/src/Illuminate/Session/Middleware/StartSession.php(146): Illuminate\\Session\\Store->start()
#22 /Users/awangwahyu/Downloads/SI4705-KELA-main/greennovate/vendor/laravel/framework/src/Illuminate/Support/helpers.php(393): Illuminate\\Session\\Middleware\\StartSession->{closure:Illuminate\\Session\\Middleware\\StartSession::startSession():143}(Object(Illuminate\\Session\\Store))
#23 /Users/awangwahyu/Downloads/SI4705-KELA-main/greennovate/vendor/laravel/framework/src/Illuminate/Session/Middleware/StartSession.php(143): tap(Object(Illuminate\\Session\\Store), Object(Closure))
#24 /Users/awangwahyu/Downloads/SI4705-KELA-main/greennovate/vendor/laravel/framework/src/Illuminate/Session/Middleware/StartSession.php(115): Illuminate\\Session\\Middleware\\StartSession->startSession(Object(Illuminate\\Http\\Request), Object(Illuminate\\Session\\Store))
#25 /Users/awangwahyu/Downloads/SI4705-KELA-main/greennovate/vendor/laravel/framework/src/Illuminate/Session/Middleware/StartSession.php(63): Illuminate\\Session\\Middleware\\StartSession->handleStatefulRequest(Object(Illuminate\\Http\\Request), Object(Illuminate\\Session\\Store), Object(Closure))
#26 /Users/awangwahyu/Downloads/SI4705-KELA-main/greennovate/vendor/laravel/framework/src/Illuminate/Pipeline/Pipeline.php(219): Illuminate\\Session\\Middleware\\StartSession->handle(Object(Illuminate\\Http\\Request), Object(Closure))
#27 /Users/awangwahyu/Downloads/SI4705-KELA-main/greennovate/vendor/laravel/framework/src/Illuminate/Cookie/Middleware/AddQueuedCookiesToResponse.php(36): Illuminate\\Pipeline\\Pipeline->{closure:{closure:Illuminate\\Pipeline\\Pipeline::carry():194}:195}(Object(Illuminate\\Http\\Request))
#28 /Users/awangwahyu/Downloads/SI4705-KELA-main/greennovate/vendor/laravel/framework/src/Illuminate/Pipeline/Pipeline.php(219): Illuminate\\Cookie\\Middleware\\AddQueuedCookiesToResponse->handle(Object(Illuminate\\Http\\Request), Object(Closure))
#29 /Users/awangwahyu/Downloads/SI4705-KELA-main/greennovate/vendor/laravel/framework/src/Illuminate/Cookie/Middleware/EncryptCookies.php(74): Illuminate\\Pipeline\\Pipeline->{closure:{closure:Illuminate\\Pipeline\\Pipeline::carry():194}:195}(Object(Illuminate\\Http\\Request))
#30 /Users/awangwahyu/Downloads/SI4705-KELA-main/greennovate/vendor/laravel/framework/src/Illuminate/Pipeline/Pipeline.php(219): Illuminate\\Cookie\\Middleware\\EncryptCookies->handle(Object(Illuminate\\Http\\Request), Object(Closure))
#31 /Users/awangwahyu/Downloads/SI4705-KELA-main/greennovate/vendor/laravel/framework/src/Illuminate/Pipeline/Pipeline.php(137): Illuminate\\Pipeline\\Pipeline->{closure:{closure:Illuminate\\Pipeline\\Pipeline::carry():194}:195}(Object(Illuminate\\Http\\Request))
#32 /Users/awangwahyu/Downloads/SI4705-KELA-main/greennovate/vendor/laravel/framework/src/Illuminate/Routing/Router.php(821): Illuminate\\Pipeline\\Pipeline->then(Object(Closure))
#33 /Users/awangwahyu/Downloads/SI4705-KELA-main/greennovate/vendor/laravel/framework/src/Illuminate/Routing/Router.php(800): Illuminate\\Routing\\Router->runRouteWithinStack(Object(Illuminate\\Routing\\Route), Object(Illuminate\\Http\\Request))
#34 /Users/awangwahyu/Downloads/SI4705-KELA-main/greennovate/vendor/laravel/framework/src/Illuminate/Routing/Router.php(764): Illuminate\\Routing\\Router->runRoute(Object(Illuminate\\Http\\Request), Object(Illuminate\\Routing\\Route))
#35 /Users/awangwahyu/Downloads/SI4705-KELA-main/greennovate/vendor/laravel/framework/src/Illuminate/Routing/Router.php(753): Illuminate\\Routing\\Router->dispatchToRoute(Object(Illuminate\\Http\\Request))
#36 /Users/awangwahyu/Downloads/SI4705-KELA-main/greennovate/vendor/laravel/framework/src/Illuminate/Foundation/Http/Kernel.php(200): Illuminate\\Routing\\Router->dispatch(Object(Illuminate\\Http\\Request))
#37 /Users/awangwahyu/Downloads/SI4705-KELA-main/greennovate/vendor/laravel/framework/src/Illuminate/Pipeline/Pipeline.php(180): Illuminate\\Foundation\\Http\\Kernel->{closure:Illuminate\\Foundation\\Http\\Kernel::dispatchToRouter():197}(Object(Illuminate\\Http\\Request))
#38 /Users/awangwahyu/Downloads/SI4705-KELA-main/greennovate/vendor/laravel/framework/src/Illuminate/Foundation/Http/Middleware/TransformsRequest.php(21): Illuminate\\Pipeline\\Pipeline->{closure:Illuminate\\Pipeline\\Pipeline::prepareDestination():178}(Object(Illuminate\\Http\\Request))
#39 /Users/awangwahyu/Downloads/SI4705-KELA-main/greennovate/vendor/laravel/framework/src/Illuminate/Foundation/Http/Middleware/ConvertEmptyStringsToNull.php(31): Illuminate\\Foundation\\Http\\Middleware\\TransformsRequest->handle(Object(Illuminate\\Http\\Request), Object(Closure))
#40 /Users/awangwahyu/Downloads/SI4705-KELA-main/greennovate/vendor/laravel/framework/src/Illuminate/Pipeline/Pipeline.php(219): Illuminate\\Foundation\\Http\\Middleware\\ConvertEmptyStringsToNull->handle(Object(Illuminate\\Http\\Request), Object(Closure))
#41 /Users/awangwahyu/Downloads/SI4705-KELA-main/greennovate/vendor/laravel/framework/src/Illuminate/Foundation/Http/Middleware/TransformsRequest.php(21): Illuminate\\Pipeline\\Pipeline->{closure:{closure:Illuminate\\Pipeline\\Pipeline::carry():194}:195}(Object(Illuminate\\Http\\Request))
#42 /Users/awangwahyu/Downloads/SI4705-KELA-main/greennovate/vendor/laravel/framework/src/Illuminate/Foundation/Http/Middleware/TrimStrings.php(51): Illuminate\\Foundation\\Http\\Middleware\\TransformsRequest->handle(Object(Illuminate\\Http\\Request), Object(Closure))
#43 /Users/awangwahyu/Downloads/SI4705-KELA-main/greennovate/vendor/laravel/framework/src/Illuminate/Pipeline/Pipeline.php(219): Illuminate\\Foundation\\Http\\Middleware\\TrimStrings->handle(Object(Illuminate\\Http\\Request), Object(Closure))
#44 /Users/awangwahyu/Downloads/SI4705-KELA-main/greennovate/vendor/laravel/framework/src/Illuminate/Http/Middleware/ValidatePostSize.php(27): Illuminate\\Pipeline\\Pipeline->{closure:{closure:Illuminate\\Pipeline\\Pipeline::carry():194}:195}(Object(Illuminate\\Http\\Request))
#45 /Users/awangwahyu/Downloads/SI4705-KELA-main/greennovate/vendor/laravel/framework/src/Illuminate/Pipeline/Pipeline.php(219): Illuminate\\Http\\Middleware\\ValidatePostSize->handle(Object(Illuminate\\Http\\Request), Object(Closure))
#46 /Users/awangwahyu/Downloads/SI4705-KELA-main/greennovate/vendor/laravel/framework/src/Illuminate/Foundation/Http/Middleware/PreventRequestsDuringMaintenance.php(109): Illuminate\\Pipeline\\Pipeline->{closure:{closure:Illuminate\\Pipeline\\Pipeline::carry():194}:195}(Object(Illuminate\\Http\\Request))
#47 /Users/awangwahyu/Downloads/SI4705-KELA-main/greennovate/vendor/laravel/framework/src/Illuminate/Pipeline/Pipeline.php(219): Illuminate\\Foundation\\Http\\Middleware\\PreventRequestsDuringMaintenance->handle(Object(Illuminate\\Http\\Request), Object(Closure))
#48 /Users/awangwahyu/Downloads/SI4705-KELA-main/greennovate/vendor/laravel/framework/src/Illuminate/Http/Middleware/HandleCors.php(61): Illuminate\\Pipeline\\Pipeline->{closure:{closure:Illuminate\\Pipeline\\Pipeline::carry():194}:195}(Object(Illuminate\\Http\\Request))
#49 /Users/awangwahyu/Downloads/SI4705-KELA-main/greennovate/vendor/laravel/framework/src/Illuminate/Pipeline/Pipeline.php(219): Illuminate\\Http\\Middleware\\HandleCors->handle(Object(Illuminate\\Http\\Request), Object(Closure))
#50 /Users/awangwahyu/Downloads/SI4705-KELA-main/greennovate/vendor/laravel/framework/src/Illuminate/Http/Middleware/TrustProxies.php(58): Illuminate\\Pipeline\\Pipeline->{closure:{closure:Illuminate\\Pipeline\\Pipeline::carry():194}:195}(Object(Illuminate\\Http\\Request))
#51 /Users/awangwahyu/Downloads/SI4705-KELA-main/greennovate/vendor/laravel/framework/src/Illuminate/Pipeline/Pipeline.php(219): Illuminate\\Http\\Middleware\\TrustProxies->handle(Object(Illuminate\\Http\\Request), Object(Closure))
#52 /Users/awangwahyu/Downloads/SI4705-KELA-main/greennovate/vendor/laravel/framework/src/Illuminate/Foundation/Http/Middleware/InvokeDeferredCallbacks.php(22): Illuminate\\Pipeline\\Pipeline->{closure:{closure:Illuminate\\Pipeline\\Pipeline::carry():194}:195}(Object(Illuminate\\Http\\Request))
#53 /Users/awangwahyu/Downloads/SI4705-KELA-main/greennovate/vendor/laravel/framework/src/Illuminate/Pipeline/Pipeline.php(219): Illuminate\\Foundation\\Http\\Middleware\\InvokeDeferredCallbacks->handle(Object(Illuminate\\Http\\Request), Object(Closure))
#54 /Users/awangwahyu/Downloads/SI4705-KELA-main/greennovate/vendor/laravel/framework/src/Illuminate/Http/Middleware/ValidatePathEncoding.php(26): Illuminate\\Pipeline\\Pipeline->{closure:{closure:Illuminate\\Pipeline\\Pipeline::carry():194}:195}(Object(Illuminate\\Http\\Request))
#55 /Users/awangwahyu/Downloads/SI4705-KELA-main/greennovate/vendor/laravel/framework/src/Illuminate/Pipeline/Pipeline.php(219): Illuminate\\Http\\Middleware\\ValidatePathEncoding->handle(Object(Illuminate\\Http\\Request), Object(Closure))
#56 /Users/awangwahyu/Downloads/SI4705-KELA-main/greennovate/vendor/laravel/framework/src/Illuminate/Pipeline/Pipeline.php(137): Illuminate\\Pipeline\\Pipeline->{closure:{closure:Illuminate\\Pipeline\\Pipeline::carry():194}:195}(Object(Illuminate\\Http\\Request))
#57 /Users/awangwahyu/Downloads/SI4705-KELA-main/greennovate/vendor/laravel/framework/src/Illuminate/Foundation/Http/Kernel.php(175): Illuminate\\Pipeline\\Pipeline->then(Object(Closure))
#58 /Users/awangwahyu/Downloads/SI4705-KELA-main/greennovate/vendor/laravel/framework/src/Illuminate/Foundation/Http/Kernel.php(144): Illuminate\\Foundation\\Http\\Kernel->sendRequestThroughRouter(Object(Illuminate\\Http\\Request))
#59 /Users/awangwahyu/Downloads/SI4705-KELA-main/greennovate/vendor/laravel/framework/src/Illuminate/Foundation/Application.php(1220): Illuminate\\Foundation\\Http\\Kernel->handle(Object(Illuminate\\Http\\Request))
#60 /Users/awangwahyu/Downloads/SI4705-KELA-main/greennovate/public/index.php(20): Illuminate\\Foundation\\Application->handleRequest(Object(Illuminate\\Http\\Request))
#61 /Users/awangwahyu/Downloads/SI4705-KELA-main/greennovate/vendor/laravel/framework/src/Illuminate/Foundation/resources/server.php(23): require_once('/Users/awangwah...')
#62 {main}
"} 
[2026-04-21 12:07:17] local.ERROR: SQLSTATE[08006] [7] connection to server at "ep-sweet-bonus-anb5fldu-pooler.c-6.us-east-1.aws.neon.tech" (2600:1f18:700d:4211:7fef:e8e7:60f1:b2af), port 5432 failed: ERROR:  password authentication failed for user 'neondb_owner' (Connection: pgsql, Host: ep-sweet-bonus-anb5fldu-pooler.c-6.us-east-1.aws.neon.tech, Port: 5432, Database: Greenovete, SQL: select exists (select 1 from pg_class c, pg_namespace n where n.nspname = current_schema() and c.relname = 'migrations' and c.relkind in ('r', 'p') and n.oid = c.relnamespace)) {"exception":"[object] (Illuminate\\Database\\QueryException(code: 7): SQLSTATE[08006] [7] connection to server at \"ep-sweet-bonus-anb5fldu-pooler.c-6.us-east-1.aws.neon.tech\" (2600:1f18:700d:4211:7fef:e8e7:60f1:b2af), port 5432 failed: ERROR:  password authentication failed for user 'neondb_owner' (Connection: pgsql, Host: ep-sweet-bonus-anb5fldu-pooler.c-6.us-east-1.aws.neon.tech, Port: 5432, Database: Greenovete, SQL: select exists (select 1 from pg_class c, pg_namespace n where n.nspname = current_schema() and c.relname = 'migrations' and c.relkind in ('r', 'p') and n.oid = c.relnamespace)) at /Users/awangwahyu/Downloads/SI4705-KELA-main/greennovate/vendor/laravel/framework/src/Illuminate/Database/Connection.php:838)
[stacktrace]
#0 /Users/awangwahyu/Downloads/SI4705-KELA-main/greennovate/vendor/laravel/framework/src/Illuminate/Database/Connection.php(794): Illuminate\\Database\\Connection->runQueryCallback('select exists (...', Array, Object(Closure))
#1 /Users/awangwahyu/Downloads/SI4705-KELA-main/greennovate/vendor/laravel/framework/src/Illuminate/Database/Connection.php(411): Illuminate\\Database\\Connection->run('select exists (...', Array, Object(Closure))
#2 /Users/awangwahyu/Downloads/SI4705-KELA-main/greennovate/vendor/laravel/framework/src/Illuminate/Database/Connection.php(357): Illuminate\\Database\\Connection->select('select exists (...', Array, true)
#3 /Users/awangwahyu/Downloads/SI4705-KELA-main/greennovate/vendor/laravel/framework/src/Illuminate/Database/Connection.php(374): Illuminate\\Database\\Connection->selectOne('select exists (...', Array, true)
#4 /Users/awangwahyu/Downloads/SI4705-KELA-main/greennovate/vendor/laravel/framework/src/Illuminate/Database/Schema/Builder.php(176): Illuminate\\Database\\Connection->scalar('select exists (...')
#5 /Users/awangwahyu/Downloads/SI4705-KELA-main/greennovate/vendor/laravel/framework/src/Illuminate/Database/Migrations/DatabaseMigrationRepository.php(185): Illuminate\\Database\\Schema\\Builder->hasTable('migrations')
#6 /Users/awangwahyu/Downloads/SI4705-KELA-main/greennovate/vendor/laravel/framework/src/Illuminate/Database/Migrations/Migrator.php(758): Illuminate\\Database\\Migrations\\DatabaseMigrationRepository->repositoryExists()
#7 /Users/awangwahyu/Downloads/SI4705-KELA-main/greennovate/vendor/laravel/framework/src/Illuminate/Database/Console/Migrations/MigrateCommand.php(164): Illuminate\\Database\\Migrations\\Migrator->repositoryExists()
#8 /Users/awangwahyu/Downloads/SI4705-KELA-main/greennovate/vendor/laravel/framework/src/Illuminate/Support/helpers.php(328): Illuminate\\Database\\Console\\Migrations\\MigrateCommand->{closure:Illuminate\\Database\\Console\\Migrations\\MigrateCommand::repositoryExists():164}(1)
#9 /Users/awangwahyu/Downloads/SI4705-KELA-main/greennovate/vendor/laravel/framework/src/Illuminate/Database/Console/Migrations/MigrateCommand.php(164): retry(1, Object(Closure), 0, Object(Closure))
#10 /Users/awangwahyu/Downloads/SI4705-KELA-main/greennovate/vendor/laravel/framework/src/Illuminate/Database/Console/Migrations/MigrateCommand.php(140): Illuminate\\Database\\Console\\Migrations\\MigrateCommand->repositoryExists()
#11 /Users/awangwahyu/Downloads/SI4705-KELA-main/greennovate/vendor/laravel/framework/src/Illuminate/Database/Console/Migrations/MigrateCommand.php(110): Illuminate\\Database\\Console\\Migrations\\MigrateCommand->prepareDatabase()
#12 /Users/awangwahyu/Downloads/SI4705-KELA-main/greennovate/vendor/laravel/framework/src/Illuminate/Database/Migrations/Migrator.php(671): Illuminate\\Database\\Console\\Migrations\\MigrateCommand->{closure:Illuminate\\Database\\Console\\Migrations\\MigrateCommand::runMigrations():109}()
#13 /Users/awangwahyu/Downloads/SI4705-KELA-main/greennovate/vendor/laravel/framework/src/Illuminate/Database/Console/Migrations/MigrateCommand.php(109): Illuminate\\Database\\Migrations\\Migrator->usingConnection(NULL, Object(Closure))
#14 /Users/awangwahyu/Downloads/SI4705-KELA-main/greennovate/vendor/laravel/framework/src/Illuminate/Database/Console/Migrations/MigrateCommand.php(88): Illuminate\\Database\\Console\\Migrations\\MigrateCommand->runMigrations()
#15 /Users/awangwahyu/Downloads/SI4705-KELA-main/greennovate/vendor/laravel/framework/src/Illuminate/Container/BoundMethod.php(36): Illuminate\\Database\\Console\\Migrations\\MigrateCommand->handle()
#16 /Users/awangwahyu/Downloads/SI4705-KELA-main/greennovate/vendor/laravel/framework/src/Illuminate/Container/Util.php(43): Illuminate\\Container\\BoundMethod::{closure:Illuminate\\Container\\BoundMethod::call():35}()
#17 /Users/awangwahyu/Downloads/SI4705-KELA-main/greennovate/vendor/laravel/framework/src/Illuminate/Container/BoundMethod.php(96): Illuminate\\Container\\Util::unwrapIfClosure(Object(Closure))
#18 /Users/awangwahyu/Downloads/SI4705-KELA-main/greennovate/vendor/laravel/framework/src/Illuminate/Container/BoundMethod.php(35): Illuminate\\Container\\BoundMethod::callBoundMethod(Object(Illuminate\\Foundation\\Application), Array, Object(Closure))
#19 /Users/awangwahyu/Downloads/SI4705-KELA-main/greennovate/vendor/laravel/framework/src/Illuminate/Container/Container.php(799): Illuminate\\Container\\BoundMethod::call(Object(Illuminate\\Foundation\\Application), Array, Array, NULL)
#20 /Users/awangwahyu/Downloads/SI4705-KELA-main/greennovate/vendor/laravel/framework/src/Illuminate/Console/Command.php(211): Illuminate\\Container\\Container->call(Array)
#21 /Users/awangwahyu/Downloads/SI4705-KELA-main/greennovate/vendor/symfony/console/Command/Command.php(341): Illuminate\\Console\\Command->execute(Object(Symfony\\Component\\Console\\Input\\ArgvInput), Object(Illuminate\\Console\\OutputStyle))
#22 /Users/awangwahyu/Downloads/SI4705-KELA-main/greennovate/vendor/laravel/framework/src/Illuminate/Console/Command.php(180): Symfony\\Component\\Console\\Command\\Command->run(Object(Symfony\\Component\\Console\\Input\\ArgvInput), Object(Illuminate\\Console\\OutputStyle))
#23 /Users/awangwahyu/Downloads/SI4705-KELA-main/greennovate/vendor/symfony/console/Application.php(1117): Illuminate\\Console\\Command->run(Object(Symfony\\Component\\Console\\Input\\ArgvInput), Object(Symfony\\Component\\Console\\Output\\ConsoleOutput))
#24 /Users/awangwahyu/Downloads/SI4705-KELA-main/greennovate/vendor/symfony/console/Application.php(356): Symfony\\Component\\Console\\Application->doRunCommand(Object(Illuminate\\Database\\Console\\Migrations\\MigrateCommand), Object(Symfony\\Component\\Console\\Input\\ArgvInput), Object(Symfony\\Component\\Console\\Output\\ConsoleOutput))
#25 /Users/awangwahyu/Downloads/SI4705-KELA-main/greennovate/vendor/symfony/console/Application.php(195): Symfony\\Component\\Console\\Application->doRun(Object(Symfony\\Component\\Console\\Input\\ArgvInput), Object(Symfony\\Component\\Console\\Output\\ConsoleOutput))
#26 /Users/awangwahyu/Downloads/SI4705-KELA-main/greennovate/vendor/laravel/framework/src/Illuminate/Foundation/Console/Kernel.php(198): Symfony\\Component\\Console\\Application->run(Object(Symfony\\Component\\Console\\Input\\ArgvInput), Object(Symfony\\Component\\Console\\Output\\ConsoleOutput))
#27 /Users/awangwahyu/Downloads/SI4705-KELA-main/greennovate/vendor/laravel/framework/src/Illuminate/Foundation/Application.php(1235): Illuminate\\Foundation\\Console\\Kernel->handle(Object(Symfony\\Component\\Console\\Input\\ArgvInput), Object(Symfony\\Component\\Console\\Output\\ConsoleOutput))
#28 /Users/awangwahyu/Downloads/SI4705-KELA-main/greennovate/artisan(16): Illuminate\\Foundation\\Application->handleCommand(Object(Symfony\\Component\\Console\\Input\\ArgvInput))
#29 {main}

[previous exception] [object] (PDOException(code: 7): SQLSTATE[08006] [7] connection to server at \"ep-sweet-bonus-anb5fldu-pooler.c-6.us-east-1.aws.neon.tech\" (2600:1f18:700d:4211:7fef:e8e7:60f1:b2af), port 5432 failed: ERROR:  password authentication failed for user 'neondb_owner' at /Users/awangwahyu/Downloads/SI4705-KELA-main/greennovate/vendor/laravel/framework/src/Illuminate/Database/Connectors/Connector.php:67)
[stacktrace]
#0 /Users/awangwahyu/Downloads/SI4705-KELA-main/greennovate/vendor/laravel/framework/src/Illuminate/Database/Connectors/Connector.php(67): PDO::connect('pgsql:host=ep-s...', 'neondb_owner', Object(SensitiveParameterValue), Array)
#1 /Users/awangwahyu/Downloads/SI4705-KELA-main/greennovate/vendor/laravel/framework/src/Illuminate/Database/Connectors/Connector.php(44): Illuminate\\Database\\Connectors\\Connector->createPdoConnection('pgsql:host=ep-s...', 'neondb_owner', Object(SensitiveParameterValue), Array)
#2 /Users/awangwahyu/Downloads/SI4705-KELA-main/greennovate/vendor/laravel/framework/src/Illuminate/Database/Connectors/PostgresConnector.php(35): Illuminate\\Database\\Connectors\\Connector->createConnection('pgsql:host=ep-s...', Array, Array)
#3 /Users/awangwahyu/Downloads/SI4705-KELA-main/greennovate/vendor/laravel/framework/src/Illuminate/Database/Connectors/ConnectionFactory.php(186): Illuminate\\Database\\Connectors\\PostgresConnector->connect(Array)
#4 [internal function]: Illuminate\\Database\\Connectors\\ConnectionFactory->{closure:Illuminate\\Database\\Connectors\\ConnectionFactory::createPdoResolverWithHosts():181}()
#5 /Users/awangwahyu/Downloads/SI4705-KELA-main/greennovate/vendor/laravel/framework/src/Illuminate/Database/Connection.php(1257): call_user_func(Object(Closure))
#6 /Users/awangwahyu/Downloads/SI4705-KELA-main/greennovate/vendor/laravel/framework/src/Illuminate/Database/Connection.php(1295): Illuminate\\Database\\Connection->getPdo()
#7 /Users/awangwahyu/Downloads/SI4705-KELA-main/greennovate/vendor/laravel/framework/src/Illuminate/Database/Connection.php(525): Illuminate\\Database\\Connection->getReadPdo()
#8 /Users/awangwahyu/Downloads/SI4705-KELA-main/greennovate/vendor/laravel/framework/src/Illuminate/Database/Connection.php(420): Illuminate\\Database\\Connection->getPdoForSelect(true)
#9 /Users/awangwahyu/Downloads/SI4705-KELA-main/greennovate/vendor/laravel/framework/src/Illuminate/Database/Connection.php(827): Illuminate\\Database\\Connection->{closure:Illuminate\\Database\\Connection::select():411}('select exists (...', Array)
#10 /Users/awangwahyu/Downloads/SI4705-KELA-main/greennovate/vendor/laravel/framework/src/Illuminate/Database/Connection.php(794): Illuminate\\Database\\Connection->runQueryCallback('select exists (...', Array, Object(Closure))
#11 /Users/awangwahyu/Downloads/SI4705-KELA-main/greennovate/vendor/laravel/framework/src/Illuminate/Database/Connection.php(411): Illuminate\\Database\\Connection->run('select exists (...', Array, Object(Closure))
#12 /Users/awangwahyu/Downloads/SI4705-KELA-main/greennovate/vendor/laravel/framework/src/Illuminate/Database/Connection.php(357): Illuminate\\Database\\Connection->select('select exists (...', Array, true)
#13 /Users/awangwahyu/Downloads/SI4705-KELA-main/greennovate/vendor/laravel/framework/src/Illuminate/Database/Connection.php(374): Illuminate\\Database\\Connection->selectOne('select exists (...', Array, true)
#14 /Users/awangwahyu/Downloads/SI4705-KELA-main/greennovate/vendor/laravel/framework/src/Illuminate/Database/Schema/Builder.php(176): Illuminate\\Database\\Connection->scalar('select exists (...')
#15 /Users/awangwahyu/Downloads/SI4705-KELA-main/greennovate/vendor/laravel/framework/src/Illuminate/Database/Migrations/DatabaseMigrationRepository.php(185): Illuminate\\Database\\Schema\\Builder->hasTable('migrations')
#16 /Users/awangwahyu/Downloads/SI4705-KELA-main/greennovate/vendor/laravel/framework/src/Illuminate/Database/Migrations/Migrator.php(758): Illuminate\\Database\\Migrations\\DatabaseMigrationRepository->repositoryExists()
#17 /Users/awangwahyu/Downloads/SI4705-KELA-main/greennovate/vendor/laravel/framework/src/Illuminate/Database/Console/Migrations/MigrateCommand.php(164): Illuminate\\Database\\Migrations\\Migrator->repositoryExists()
#18 /Users/awangwahyu/Downloads/SI4705-KELA-main/greennovate/vendor/laravel/framework/src/Illuminate/Support/helpers.php(328): Illuminate\\Database\\Console\\Migrations\\MigrateCommand->{closure:Illuminate\\Database\\Console\\Migrations\\MigrateCommand::repositoryExists():164}(1)
#19 /Users/awangwahyu/Downloads/SI4705-KELA-main/greennovate/vendor/laravel/framework/src/Illuminate/Database/Console/Migrations/MigrateCommand.php(164): retry(1, Object(Closure), 0, Object(Closure))
#20 /Users/awangwahyu/Downloads/SI4705-KELA-main/greennovate/vendor/laravel/framework/src/Illuminate/Database/Console/Migrations/MigrateCommand.php(140): Illuminate\\Database\\Console\\Migrations\\MigrateCommand->repositoryExists()
#21 /Users/awangwahyu/Downloads/SI4705-KELA-main/greennovate/vendor/laravel/framework/src/Illuminate/Database/Console/Migrations/MigrateCommand.php(110): Illuminate\\Database\\Console\\Migrations\\MigrateCommand->prepareDatabase()
#22 /Users/awangwahyu/Downloads/SI4705-KELA-main/greennovate/vendor/laravel/framework/src/Illuminate/Database/Migrations/Migrator.php(671): Illuminate\\Database\\Console\\Migrations\\MigrateCommand->{closure:Illuminate\\Database\\Console\\Migrations\\MigrateCommand::runMigrations():109}()
#23 /Users/awangwahyu/Downloads/SI4705-KELA-main/greennovate/vendor/laravel/framework/src/Illuminate/Database/Console/Migrations/MigrateCommand.php(109): Illuminate\\Database\\Migrations\\Migrator->usingConnection(NULL, Object(Closure))
#24 /Users/awangwahyu/Downloads/SI4705-KELA-main/greennovate/vendor/laravel/framework/src/Illuminate/Database/Console/Migrations/MigrateCommand.php(88): Illuminate\\Database\\Console\\Migrations\\MigrateCommand->runMigrations()
#25 /Users/awangwahyu/Downloads/SI4705-KELA-main/greennovate/vendor/laravel/framework/src/Illuminate/Container/BoundMethod.php(36): Illuminate\\Database\\Console\\Migrations\\MigrateCommand->handle()
#26 /Users/awangwahyu/Downloads/SI4705-KELA-main/greennovate/vendor/laravel/framework/src/Illuminate/Container/Util.php(43): Illuminate\\Container\\BoundMethod::{closure:Illuminate\\Container\\BoundMethod::call():35}()
#27 /Users/awangwahyu/Downloads/SI4705-KELA-main/greennovate/vendor/laravel/framework/src/Illuminate/Container/BoundMethod.php(96): Illuminate\\Container\\Util::unwrapIfClosure(Object(Closure))
#28 /Users/awangwahyu/Downloads/SI4705-KELA-main/greennovate/vendor/laravel/framework/src/Illuminate/Container/BoundMethod.php(35): Illuminate\\Container\\BoundMethod::callBoundMethod(Object(Illuminate\\Foundation\\Application), Array, Object(Closure))
#29 /Users/awangwahyu/Downloads/SI4705-KELA-main/greennovate/vendor/laravel/framework/src/Illuminate/Container/Container.php(799): Illuminate\\Container\\BoundMethod::call(Object(Illuminate\\Foundation\\Application), Array, Array, NULL)
#30 /Users/awangwahyu/Downloads/SI4705-KELA-main/greennovate/vendor/laravel/framework/src/Illuminate/Console/Command.php(211): Illuminate\\Container\\Container->call(Array)
#31 /Users/awangwahyu/Downloads/SI4705-KELA-main/greennovate/vendor/symfony/console/Command/Command.php(341): Illuminate\\Console\\Command->execute(Object(Symfony\\Component\\Console\\Input\\ArgvInput), Object(Illuminate\\Console\\OutputStyle))
#32 /Users/awangwahyu/Downloads/SI4705-KELA-main/greennovate/vendor/laravel/framework/src/Illuminate/Console/Command.php(180): Symfony\\Component\\Console\\Command\\Command->run(Object(Symfony\\Component\\Console\\Input\\ArgvInput), Object(Illuminate\\Console\\OutputStyle))
#33 /Users/awangwahyu/Downloads/SI4705-KELA-main/greennovate/vendor/symfony/console/Application.php(1117): Illuminate\\Console\\Command->run(Object(Symfony\\Component\\Console\\Input\\ArgvInput), Object(Symfony\\Component\\Console\\Output\\ConsoleOutput))
#34 /Users/awangwahyu/Downloads/SI4705-KELA-main/greennovate/vendor/symfony/console/Application.php(356): Symfony\\Component\\Console\\Application->doRunCommand(Object(Illuminate\\Database\\Console\\Migrations\\MigrateCommand), Object(Symfony\\Component\\Console\\Input\\ArgvInput), Object(Symfony\\Component\\Console\\Output\\ConsoleOutput))
#35 /Users/awangwahyu/Downloads/SI4705-KELA-main/greennovate/vendor/symfony/console/Application.php(195): Symfony\\Component\\Console\\Application->doRun(Object(Symfony\\Component\\Console\\Input\\ArgvInput), Object(Symfony\\Component\\Console\\Output\\ConsoleOutput))
#36 /Users/awangwahyu/Downloads/SI4705-KELA-main/greennovate/vendor/laravel/framework/src/Illuminate/Foundation/Console/Kernel.php(198): Symfony\\Component\\Console\\Application->run(Object(Symfony\\Component\\Console\\Input\\ArgvInput), Object(Symfony\\Component\\Console\\Output\\ConsoleOutput))
#37 /Users/awangwahyu/Downloads/SI4705-KELA-main/greennovate/vendor/laravel/framework/src/Illuminate/Foundation/Application.php(1235): Illuminate\\Foundation\\Console\\Kernel->handle(Object(Symfony\\Component\\Console\\Input\\ArgvInput), Object(Symfony\\Component\\Console\\Output\\ConsoleOutput))
#38 /Users/awangwahyu/Downloads/SI4705-KELA-main/greennovate/artisan(16): Illuminate\\Foundation\\Application->handleCommand(Object(Symfony\\Component\\Console\\Input\\ArgvInput))
#39 {main}
"} 
[2026-04-22 02:25:55] local.ERROR: Maximum execution time of 30 seconds exceeded {"exception":"[object] (Symfony\\Component\\ErrorHandler\\Error\\FatalError(code: 0): Maximum execution time of 30 seconds exceeded at /Users/awangwahyu/Downloads/SI4705-KELA-main/greennovate/vendor/laravel/framework/src/Illuminate/Database/Connectors/Connector.php:67)
[stacktrace]
#0 {main}
"} 
