[2026-05-15 18:23:55] local.ERROR: SQLSTATE[42P01]: Undefined table: 7 ERROR:  relation "jenis_pohons" does not exist
LINE 1: select count(*) as aggregate from "jenis_pohons" where "stat...
                                          ^ (Connection: pgsql, Host: ep-sweet-bonus-anb5fldu-pooler.c-6.us-east-1.aws.neon.tech, Port: 5432, Database: Greenovete, SQL: select count(*) as aggregate from "jenis_pohons" where "status" = active and "jenis_pohons"."deleted_at" is null) {"userId":4,"exception":"[object] (Illuminate\\Database\\QueryException(code: 42P01): SQLSTATE[42P01]: Undefined table: 7 ERROR:  relation \"jenis_pohons\" does not exist
LINE 1: select count(*) as aggregate from \"jenis_pohons\" where \"stat...
                                          ^ (Connection: pgsql, Host: ep-sweet-bonus-anb5fldu-pooler.c-6.us-east-1.aws.neon.tech, Port: 5432, Database: Greenovete, SQL: select count(*) as aggregate from \"jenis_pohons\" where \"status\" = active and \"jenis_pohons\".\"deleted_at\" is null) at C:/PPL-SI4705-KelA/greennovate/SI4705-KELA-main/greennovate/vendor/laravel/framework/src/Illuminate/Database/Connection.php:838)
[stacktrace]
#0 C:/PPL-SI4705-KelA/greennovate/SI4705-KELA-main/greennovate/vendor/laravel/framework/src/Illuminate/Database/Connection.php(794): Illuminate/Database/Connection->runQueryCallback('select count(*)...', Array, Object(Closure))
#1 C:/PPL-SI4705-KelA/greennovate/SI4705-KELA-main/greennovate/vendor/laravel/framework/src/Illuminate/Database/Connection.php(411): Illuminate/Database/Connection->run('select count(*)...', Array, Object(Closure))
#2 C:/PPL-SI4705-KelA/greennovate/SI4705-KELA-main/greennovate/vendor/laravel/framework/src/Illuminate/Database/Query/Builder.php(3505): Illuminate/Database/Connection->select('select count(*)...', Array, true)
#3 C:/PPL-SI4705-KelA/greennovate/SI4705-KELA-main/greennovate/vendor/laravel/framework/src/Illuminate/Database/Query/Builder.php(3490): Illuminate/Database/Query/Builder->runSelect()
#4 C:/PPL-SI4705-KelA/greennovate/SI4705-KELA-main/greennovate/vendor/laravel/framework/src/Illuminate/Database/Query/Builder.php(4080): Illuminate/Database/Query/Builder->Illuminate/Database/Query/{closure}()
#5 C:/PPL-SI4705-KelA/greennovate/SI4705-KELA-main/greennovate/vendor/laravel/framework/src/Illuminate/Database/Query/Builder.php(3489): Illuminate/Database/Query/Builder->onceWithColumns(Array, Object(Closure))
#6 C:/PPL-SI4705-KelA/greennovate/SI4705-KELA-main/greennovate/vendor/laravel/framework/src/Illuminate/Database/Query/Builder.php(3684): Illuminate/Database/Query/Builder->get()
#7 C:/PPL-SI4705-KelA/greennovate/SI4705-KELA-main/greennovate/vendor/laravel/framework/src/Illuminate/Database/Query/Builder.php(3643): Illuminate/Database/Query/Builder->runPaginationCountQuery(Array)
#8 C:/PPL-SI4705-KelA/greennovate/SI4705-KELA-main/greennovate/vendor/laravel/framework/src/Illuminate/Database/Eloquent/Builder.php(1120): Illuminate/Database/Query/Builder->getCountForPagination()
#9 C:/PPL-SI4705-KelA/greennovate/SI4705-KELA-main/greennovate/app/Http/Controllers/Admin/JenisPohonController.php(51): Illuminate/Database/Eloquent/Builder->paginate(20)
#10 C:/PPL-SI4705-KelA/greennovate/SI4705-KELA-main/greennovate/vendor/laravel/framework/src/Illuminate/Routing/ControllerDispatcher.php(46): App/Http/Controllers/Admin/JenisPohonController->index(Object(Illuminate/Http/Request))
#11 C:/PPL-SI4705-KelA/greennovate/SI4705-KELA-main/greennovate/vendor/laravel/framework/src/Illuminate/Routing/Route.php(265): Illuminate/Routing/ControllerDispatcher->dispatch(Object(Illuminate/Routing/Route), Object(App/Http/Controllers/Admin/JenisPohonController), 'index')
#12 C:/PPL-SI4705-KelA/greennovate/SI4705-KELA-main/greennovate/vendor/laravel/framework/src/Illuminate/Routing/Route.php(211): Illuminate/Routing/Route->runController()
#13 C:/PPL-SI4705-KelA/greennovate/SI4705-KELA-main/greennovate/vendor/laravel/framework/src/Illuminate/Routing/Router.php(822): Illuminate/Routing/Route->run()
#14 C:/PPL-SI4705-KelA/greennovate/SI4705-KELA-main/greennovate/vendor/laravel/framework/src/Illuminate/Pipeline/Pipeline.php(180): Illuminate/Routing/Router->Illuminate/Routing/{closure}(Object(Illuminate/Http/Request))
#15 C:/PPL-SI4705-KelA/greennovate/SI4705-KELA-main/greennovate/app/Http/Middleware/IsAdmin.php(22): Illuminate/Pipeline/Pipeline->Illuminate/Pipeline/{closure}(Object(Illuminate/Http/Request))
#16 C:/PPL-SI4705-KelA/greennovate/SI4705-KELA-main/greennovate/vendor/laravel/framework/src/Illuminate/Pipeline/Pipeline.php(219): App/Http/Middleware/IsAdmin->handle(Object(Illuminate/Http/Request), Object(Closure))
#17 C:/PPL-SI4705-KelA/greennovate/SI4705-KELA-main/greennovate/app/Http/Middleware/CheckActive.php(29): Illuminate/Pipeline/Pipeline->Illuminate/Pipeline/{closure}(Object(Illuminate/Http/Request))
#18 C:/PPL-SI4705-KelA/greennovate/SI4705-KELA-main/greennovate/vendor/laravel/framework/src/Illuminate/Pipeline/Pipeline.php(219): App/Http/Middleware/CheckActive->handle(Object(Illuminate/Http/Request), Object(Closure))
#19 C:/PPL-SI4705-KelA/greennovate/SI4705-KELA-main/greennovate/app/Http/Middleware/SetLocale.php(39): Illuminate/Pipeline/Pipeline->Illuminate/Pipeline/{closure}(Object(Illuminate/Http/Request))
#20 C:/PPL-SI4705-KelA/greennovate/SI4705-KELA-main/greennovate/vendor/laravel/framework/src/Illuminate/Pipeline/Pipeline.php(219): App/Http/Middleware/SetLocale->handle(Object(Illuminate/Http/Request), Object(Closure))
#21 C:/PPL-SI4705-KelA/greennovate/SI4705-KELA-main/greennovate/vendor/laravel/framework/src/Illuminate/Routing/Middleware/SubstituteBindings.php(50): Illuminate/Pipeline/Pipeline->Illuminate/Pipeline/{closure}(Object(Illuminate/Http/Request))
#22 C:/PPL-SI4705-KelA/greennovate/SI4705-KELA-main/greennovate/vendor/laravel/framework/src/Illuminate/Pipeline/Pipeline.php(219): Illuminate/Routing/Middleware/SubstituteBindings->handle(Object(Illuminate/Http/Request), Object(Closure))
#23 C:/PPL-SI4705-KelA/greennovate/SI4705-KELA-main/greennovate/vendor/laravel/framework/src/Illuminate/Auth/Middleware/Authenticate.php(63): Illuminate/Pipeline/Pipeline->Illuminate/Pipeline/{closure}(Object(Illuminate/Http/Request))
#24 C:/PPL-SI4705-KelA/greennovate/SI4705-KELA-main/greennovate/vendor/laravel/framework/src/Illuminate/Pipeline/Pipeline.php(219): Illuminate/Auth/Middleware/Authenticate->handle(Object(Illuminate/Http/Request), Object(Closure))
#25 C:/PPL-SI4705-KelA/greennovate/SI4705-KELA-main/greennovate/vendor/laravel/framework/src/Illuminate/Foundation/Http/Middleware/VerifyCsrfToken.php(87): Illuminate/Pipeline/Pipeline->Illuminate/Pipeline/{closure}(Object(Illuminate/Http/Request))
#26 C:/PPL-SI4705-KelA/greennovate/SI4705-KELA-main/greennovate/vendor/laravel/framework/src/Illuminate/Pipeline/Pipeline.php(219): Illuminate/Foundation/Http/Middleware/VerifyCsrfToken->handle(Object(Illuminate/Http/Request), Object(Closure))
#27 C:/PPL-SI4705-KelA/greennovate/SI4705-KELA-main/greennovate/vendor/laravel/framework/src/Illuminate/View/Middleware/ShareErrorsFromSession.php(48): Illuminate/Pipeline/Pipeline->Illuminate/Pipeline/{closure}(Object(Illuminate/Http/Request))
#28 C:/PPL-SI4705-KelA/greennovate/SI4705-KELA-main/greennovate/vendor/laravel/framework/src/Illuminate/Pipeline/Pipeline.php(219): Illuminate/View/Middleware/ShareErrorsFromSession->handle(Object(Illuminate/Http/Request), Object(Closure))
#29 C:/PPL-SI4705-KelA/greennovate/SI4705-KELA-main/greennovate/vendor/laravel/framework/src/Illuminate/Session/Middleware/StartSession.php(120): Illuminate/Pipeline/Pipeline->Illuminate/Pipeline/{closure}(Object(Illuminate/Http/Request))
#30 C:/PPL-SI4705-KelA/greennovate/SI4705-KELA-main/greennovate/vendor/laravel/framework/src/Illuminate/Session/Middleware/StartSession.php(63): Illuminate/Session/Middleware/StartSession->handleStatefulRequest(Object(Illuminate/Http/Request), Object(Illuminate/Session/Store), Object(Closure))
#31 C:/PPL-SI4705-KelA/greennovate/SI4705-KELA-main/greennovate/vendor/laravel/framework/src/Illuminate/Pipeline/Pipeline.php(219): Illuminate/Session/Middleware/StartSession->handle(Object(Illuminate/Http/Request), Object(Closure))
#32 C:/PPL-SI4705-KelA/greennovate/SI4705-KELA-main/greennovate/vendor/laravel/framework/src/Illuminate/Cookie/Middleware/AddQueuedCookiesToResponse.php(36): Illuminate/Pipeline/Pipeline->Illuminate/Pipeline/{closure}(Object(Illuminate/Http/Request))
#33 C:/PPL-SI4705-KelA/greennovate/SI4705-KELA-main/greennovate/vendor/laravel/framework/src/Illuminate/Pipeline/Pipeline.php(219): Illuminate/Cookie/Middleware/AddQueuedCookiesToResponse->handle(Object(Illuminate/Http/Request), Object(Closure))
#34 C:/PPL-SI4705-KelA/greennovate/SI4705-KELA-main/greennovate/vendor/laravel/framework/src/Illuminate/Cookie/Middleware/EncryptCookies.php(74): Illuminate/Pipeline/Pipeline->Illuminate/Pipeline/{closure}(Object(Illuminate/Http/Request))
#35 C:/PPL-SI4705-KelA/greennovate/SI4705-KELA-main/greennovate/vendor/laravel/framework/src/Illuminate/Pipeline/Pipeline.php(219): Illuminate/Cookie/Middleware/EncryptCookies->handle(Object(Illuminate/Http/Request), Object(Closure))
#36 C:/PPL-SI4705-KelA/greennovate/SI4705-KELA-main/greennovate/vendor/laravel/framework/src/Illuminate/Pipeline/Pipeline.php(137): Illuminate/Pipeline/Pipeline->Illuminate/Pipeline/{closure}(Object(Illuminate/Http/Request))
#37 C:/PPL-SI4705-KelA/greennovate/SI4705-KELA-main/greennovate/vendor/laravel/framework/src/Illuminate/Routing/Router.php(821): Illuminate/Pipeline/Pipeline->then(Object(Closure))
#38 C:/PPL-SI4705-KelA/greennovate/SI4705-KELA-main/greennovate/vendor/laravel/framework/src/Illuminate/Routing/Router.php(800): Illuminate/Routing/Router->runRouteWithinStack(Object(Illuminate/Routing/Route), Object(Illuminate/Http/Request))
#39 C:/PPL-SI4705-KelA/greennovate/SI4705-KELA-main/greennovate/vendor/laravel/framework/src/Illuminate/Routing/Router.php(764): Illuminate/Routing/Router->runRoute(Object(Illuminate/Http/Request), Object(Illuminate/Routing/Route))
#40 C:/PPL-SI4705-KelA/greennovate/SI4705-KELA-main/greennovate/vendor/laravel/framework/src/Illuminate/Routing/Router.php(753): Illuminate/Routing/Router->dispatchToRoute(Object(Illuminate/Http/Request))
#41 C:/PPL-SI4705-KelA/greennovate/SI4705-KELA-main/greennovate/vendor/laravel/framework/src/Illuminate/Foundation/Http/Kernel.php(200): Illuminate/Routing/Router->dispatch(Object(Illuminate/Http/Request))
#42 C:/PPL-SI4705-KelA/greennovate/SI4705-KELA-main/greennovate/vendor/laravel/framework/src/Illuminate/Pipeline/Pipeline.php(180): Illuminate/Foundation/Http/Kernel->Illuminate/Foundation/Http/{closure}(Object(Illuminate/Http/Request))
#43 C:/PPL-SI4705-KelA/greennovate/SI4705-KELA-main/greennovate/vendor/laravel/framework/src/Illuminate/Foundation/Http/Middleware/TransformsRequest.php(21): Illuminate/Pipeline/Pipeline->Illuminate/Pipeline/{closure}(Object(Illuminate/Http/Request))
#44 C:/PPL-SI4705-KelA/greennovate/SI4705-KELA-main/greennovate/vendor/laravel/framework/src/Illuminate/Foundation/Http/Middleware/ConvertEmptyStringsToNull.php(31): Illuminate/Foundation/Http/Middleware/TransformsRequest->handle(Object(Illuminate/Http/Request), Object(Closure))
#45 C:/PPL-SI4705-KelA/greennovate/SI4705-KELA-main/greennovate/vendor/laravel/framework/src/Illuminate/Pipeline/Pipeline.php(219): Illuminate/Foundation/Http/Middleware/ConvertEmptyStringsToNull->handle(Object(Illuminate/Http/Request), Object(Closure))
#46 C:/PPL-SI4705-KelA/greennovate/SI4705-KELA-main/greennovate/vendor/laravel/framework/src/Illuminate/Foundation/Http/Middleware/TransformsRequest.php(21): Illuminate/Pipeline/Pipeline->Illuminate/Pipeline/{closure}(Object(Illuminate/Http/Request))
#47 C:/PPL-SI4705-KelA/greennovate/SI4705-KELA-main/greennovate/vendor/laravel/framework/src/Illuminate/Foundation/Http/Middleware/TrimStrings.php(51): Illuminate/Foundation/Http/Middleware/TransformsRequest->handle(Object(Illuminate/Http/Request), Object(Closure))
#48 C:/PPL-SI4705-KelA/greennovate/SI4705-KELA-main/greennovate/vendor/laravel/framework/src/Illuminate/Pipeline/Pipeline.php(219): Illuminate/Foundation/Http/Middleware/TrimStrings->handle(Object(Illuminate/Http/Request), Object(Closure))
#49 C:/PPL-SI4705-KelA/greennovate/SI4705-KELA-main/greennovate/vendor/laravel/framework/src/Illuminate/Http/Middleware/ValidatePostSize.php(27): Illuminate/Pipeline/Pipeline->Illuminate/Pipeline/{closure}(Object(Illuminate/Http/Request))
#50 C:/PPL-SI4705-KelA/greennovate/SI4705-KELA-main/greennovate/vendor/laravel/framework/src/Illuminate/Pipeline/Pipeline.php(219): Illuminate/Http/Middleware/ValidatePostSize->handle(Object(Illuminate/Http/Request), Object(Closure))
#51 C:/PPL-SI4705-KelA/greennovate/SI4705-KELA-main/greennovate/vendor/laravel/framework/src/Illuminate/Foundation/Http/Middleware/PreventRequestsDuringMaintenance.php(109): Illuminate/Pipeline/Pipeline->Illuminate/Pipeline/{closure}(Object(Illuminate/Http/Request))
#52 C:/PPL-SI4705-KelA/greennovate/SI4705-KELA-main/greennovate/vendor/laravel/framework/src/Illuminate/Pipeline/Pipeline.php(219): Illuminate/Foundation/Http/Middleware/PreventRequestsDuringMaintenance->handle(Object(Illuminate/Http/Request), Object(Closure))
#53 C:/PPL-SI4705-KelA/greennovate/SI4705-KELA-main/greennovate/vendor/laravel/framework/src/Illuminate/Http/Middleware/HandleCors.php(61): Illuminate/Pipeline/Pipeline->Illuminate/Pipeline/{closure}(Object(Illuminate/Http/Request))
#54 C:/PPL-SI4705-KelA/greennovate/SI4705-KELA-main/greennovate/vendor/laravel/framework/src/Illuminate/Pipeline/Pipeline.php(219): Illuminate/Http/Middleware/HandleCors->handle(Object(Illuminate/Http/Request), Object(Closure))
#55 C:/PPL-SI4705-KelA/greennovate/SI4705-KELA-main/greennovate/vendor/laravel/framework/src/Illuminate/Http/Middleware/TrustProxies.php(58): Illuminate/Pipeline/Pipeline->Illuminate/Pipeline/{closure}(Object(Illuminate/Http/Request))
#56 C:/PPL-SI4705-KelA/greennovate/SI4705-KELA-main/greennovate/vendor/laravel/framework/src/Illuminate/Pipeline/Pipeline.php(219): Illuminate/Http/Middleware/TrustProxies->handle(Object(Illuminate/Http/Request), Object(Closure))
#57 C:/PPL-SI4705-KelA/greennovate/SI4705-KELA-main/greennovate/vendor/laravel/framework/src/Illuminate/Foundation/Http/Middleware/InvokeDeferredCallbacks.php(22): Illuminate/Pipeline/Pipeline->Illuminate/Pipeline/{closure}(Object(Illuminate/Http/Request))
#58 C:/PPL-SI4705-KelA/greennovate/SI4705-KELA-main/greennovate/vendor/laravel/framework/src/Illuminate/Pipeline/Pipeline.php(219): Illuminate/Foundation/Http/Middleware/InvokeDeferredCallbacks->handle(Object(Illuminate/Http/Request), Object(Closure))
#59 C:/PPL-SI4705-KelA/greennovate/SI4705-KELA-main/greennovate/vendor/laravel/framework/src/Illuminate/Http/Middleware/ValidatePathEncoding.php(26): Illuminate/Pipeline/Pipeline->Illuminate/Pipeline/{closure}(Object(Illuminate/Http/Request))
#60 C:/PPL-SI4705-KelA/greennovate/SI4705-KELA-main/greennovate/vendor/laravel/framework/src/Illuminate/Pipeline/Pipeline.php(219): Illuminate/Http/Middleware/ValidatePathEncoding->handle(Object(Illuminate/Http/Request), Object(Closure))
#61 C:/PPL-SI4705-KelA/greennovate/SI4705-KELA-main/greennovate/vendor/laravel/framework/src/Illuminate/Pipeline/Pipeline.php(137): Illuminate/Pipeline/Pipeline->Illuminate/Pipeline/{closure}(Object(Illuminate/Http/Request))
#62 C:/PPL-SI4705-KelA/greennovate/SI4705-KELA-main/greennovate/vendor/laravel/framework/src/Illuminate/Foundation/Http/Kernel.php(175): Illuminate/Pipeline/Pipeline->then(Object(Closure))
#63 C:/PPL-SI4705-KelA/greennovate/SI4705-KELA-main/greennovate/vendor/laravel/framework/src/Illuminate/Foundation/Http/Kernel.php(144): Illuminate/Foundation/Http/Kernel->sendRequestThroughRouter(Object(Illuminate/Http/Request))
#64 C:/PPL-SI4705-KelA/greennovate/SI4705-KELA-main/greennovate/vendor/laravel/framework/src/Illuminate/Foundation/Application.php(1220): Illuminate/Foundation/Http/Kernel->handle(Object(Illuminate/Http/Request))
#65 C:/PPL-SI4705-KelA/greennovate/SI4705-KELA-main/greennovate/public/index.php(20): Illuminate/Foundation/Application->handleRequest(Object(Illuminate/Http/Request))
#66 C:/PPL-SI4705-KelA/greennovate/SI4705-KELA-main/greennovate/vendor/laravel/framework/src/Illuminate/Foundation/resources/server.php(23): require_once('C://PPL-SI4705-K...')
#67 {main}

[previous exception] [object] (PDOException(code: 42P01): SQLSTATE[42P01]: Undefined table: 7 ERROR:  relation \"jenis_pohons\" does not exist
LINE 1: select count(*) as aggregate from \"jenis_pohons\" where \"stat...
                                          ^ at C:/PPL-SI4705-KelA/greennovate/SI4705-KELA-main/greennovate/vendor/laravel/framework/src/Illuminate/Database/Connection.php:425)
[stacktrace]
#0 C:/PPL-SI4705-KelA/greennovate/SI4705-KELA-main/greennovate/vendor/laravel/framework/src/Illuminate/Database/Connection.php(425): PDOStatement->execute()
#1 C:/PPL-SI4705-KelA/greennovate/SI4705-KELA-main/greennovate/vendor/laravel/framework/src/Illuminate/Database/Connection.php(827): Illuminate/Database/Connection->Illuminate/Database/{closure}('select count(*)...', Array)
#2 C:/PPL-SI4705-KelA/greennovate/SI4705-KELA-main/greennovate/vendor/laravel/framework/src/Illuminate/Database/Connection.php(794): Illuminate/Database/Connection->runQueryCallback('select count(*)...', Array, Object(Closure))
#3 C:/PPL-SI4705-KelA/greennovate/SI4705-KELA-main/greennovate/vendor/laravel/framework/src/Illuminate/Database/Connection.php(411): Illuminate/Database/Connection->run('select count(*)...', Array, Object(Closure))
#4 C:/PPL-SI4705-KelA/greennovate/SI4705-KELA-main/greennovate/vendor/laravel/framework/src/Illuminate/Database/Query/Builder.php(3505): Illuminate/Database/Connection->select('select count(*)...', Array, true)
#5 C:/PPL-SI4705-KelA/greennovate/SI4705-KELA-main/greennovate/vendor/laravel/framework/src/Illuminate/Database/Query/Builder.php(3490): Illuminate/Database/Query/Builder->runSelect()
#6 C:/PPL-SI4705-KelA/greennovate/SI4705-KELA-main/greennovate/vendor/laravel/framework/src/Illuminate/Database/Query/Builder.php(4080): Illuminate/Database/Query/Builder->Illuminate/Database/Query/{closure}()
#7 C:/PPL-SI4705-KelA/greennovate/SI4705-KELA-main/greennovate/vendor/laravel/framework/src/Illuminate/Database/Query/Builder.php(3489): Illuminate/Database/Query/Builder->onceWithColumns(Array, Object(Closure))
#8 C:/PPL-SI4705-KelA/greennovate/SI4705-KELA-main/greennovate/vendor/laravel/framework/src/Illuminate/Database/Query/Builder.php(3684): Illuminate/Database/Query/Builder->get()
#9 C:/PPL-SI4705-KelA/greennovate/SI4705-KELA-main/greennovate/vendor/laravel/framework/src/Illuminate/Database/Query/Builder.php(3643): Illuminate/Database/Query/Builder->runPaginationCountQuery(Array)
#10 C:/PPL-SI4705-KelA/greennovate/SI4705-KELA-main/greennovate/vendor/laravel/framework/src/Illuminate/Database/Eloquent/Builder.php(1120): Illuminate/Database/Query/Builder->getCountForPagination()
#11 C:/PPL-SI4705-KelA/greennovate/SI4705-KELA-main/greennovate/app/Http/Controllers/Admin/JenisPohonController.php(51): Illuminate/Database/Eloquent/Builder->paginate(20)
#12 C:/PPL-SI4705-KelA/greennovate/SI4705-KELA-main/greennovate/vendor/laravel/framework/src/Illuminate/Routing/ControllerDispatcher.php(46): App/Http/Controllers/Admin/JenisPohonController->index(Object(Illuminate/Http/Request))
#13 C:/PPL-SI4705-KelA/greennovate/SI4705-KELA-main/greennovate/vendor/laravel/framework/src/Illuminate/Routing/Route.php(265): Illuminate/Routing/ControllerDispatcher->dispatch(Object(Illuminate/Routing/Route), Object(App/Http/Controllers/Admin/JenisPohonController), 'index')
#14 C:/PPL-SI4705-KelA/greennovate/SI4705-KELA-main/greennovate/vendor/laravel/framework/src/Illuminate/Routing/Route.php(211): Illuminate/Routing/Route->runController()
#15 C:/PPL-SI4705-KelA/greennovate/SI4705-KELA-main/greennovate/vendor/laravel/framework/src/Illuminate/Routing/Router.php(822): Illuminate/Routing/Route->run()
#16 C:/PPL-SI4705-KelA/greennovate/SI4705-KELA-main/greennovate/vendor/laravel/framework/src/Illuminate/Pipeline/Pipeline.php(180): Illuminate/Routing/Router->Illuminate/Routing/{closure}(Object(Illuminate/Http/Request))
#17 C:/PPL-SI4705-KelA/greennovate/SI4705-KELA-main/greennovate/app/Http/Middleware/IsAdmin.php(22): Illuminate/Pipeline/Pipeline->Illuminate/Pipeline/{closure}(Object(Illuminate/Http/Request))
#18 C:/PPL-SI4705-KelA/greennovate/SI4705-KELA-main/greennovate/vendor/laravel/framework/src/Illuminate/Pipeline/Pipeline.php(219): App/Http/Middleware/IsAdmin->handle(Object(Illuminate/Http/Request), Object(Closure))
#19 C:/PPL-SI4705-KelA/greennovate/SI4705-KELA-main/greennovate/app/Http/Middleware/CheckActive.php(29): Illuminate/Pipeline/Pipeline->Illuminate/Pipeline/{closure}(Object(Illuminate/Http/Request))
#20 C:/PPL-SI4705-KelA/greennovate/SI4705-KELA-main/greennovate/vendor/laravel/framework/src/Illuminate/Pipeline/Pipeline.php(219): App/Http/Middleware/CheckActive->handle(Object(Illuminate/Http/Request), Object(Closure))
#21 C:/PPL-SI4705-KelA/greennovate/SI4705-KELA-main/greennovate/app/Http/Middleware/SetLocale.php(39): Illuminate/Pipeline/Pipeline->Illuminate/Pipeline/{closure}(Object(Illuminate/Http/Request))
#22 C:/PPL-SI4705-KelA/greennovate/SI4705-KELA-main/greennovate/vendor/laravel/framework/src/Illuminate/Pipeline/Pipeline.php(219): App/Http/Middleware/SetLocale->handle(Object(Illuminate/Http/Request), Object(Closure))
#23 C:/PPL-SI4705-KelA/greennovate/SI4705-KELA-main/greennovate/vendor/laravel/framework/src/Illuminate/Routing/Middleware/SubstituteBindings.php(50): Illuminate/Pipeline/Pipeline->Illuminate/Pipeline/{closure}(Object(Illuminate/Http/Request))
#24 C:/PPL-SI4705-KelA/greennovate/SI4705-KELA-main/greennovate/vendor/laravel/framework/src/Illuminate/Pipeline/Pipeline.php(219): Illuminate/Routing/Middleware/SubstituteBindings->handle(Object(Illuminate/Http/Request), Object(Closure))
#25 C:/PPL-SI4705-KelA/greennovate/SI4705-KELA-main/greennovate/vendor/laravel/framework/src/Illuminate/Auth/Middleware/Authenticate.php(63): Illuminate/Pipeline/Pipeline->Illuminate/Pipeline/{closure}(Object(Illuminate/Http/Request))
#26 C:/PPL-SI4705-KelA/greennovate/SI4705-KELA-main/greennovate/vendor/laravel/framework/src/Illuminate/Pipeline/Pipeline.php(219): Illuminate/Auth/Middleware/Authenticate->handle(Object(Illuminate/Http/Request), Object(Closure))
#27 C:/PPL-SI4705-KelA/greennovate/SI4705-KELA-main/greennovate/vendor/laravel/framework/src/Illuminate/Foundation/Http/Middleware/VerifyCsrfToken.php(87): Illuminate/Pipeline/Pipeline->Illuminate/Pipeline/{closure}(Object(Illuminate/Http/Request))
#28 C:/PPL-SI4705-KelA/greennovate/SI4705-KELA-main/greennovate/vendor/laravel/framework/src/Illuminate/Pipeline/Pipeline.php(219): Illuminate/Foundation/Http/Middleware/VerifyCsrfToken->handle(Object(Illuminate/Http/Request), Object(Closure))
#29 C:/PPL-SI4705-KelA/greennovate/SI4705-KELA-main/greennovate/vendor/laravel/framework/src/Illuminate/View/Middleware/ShareErrorsFromSession.php(48): Illuminate/Pipeline/Pipeline->Illuminate/Pipeline/{closure}(Object(Illuminate/Http/Request))
#30 C:/PPL-SI4705-KelA/greennovate/SI4705-KELA-main/greennovate/vendor/laravel/framework/src/Illuminate/Pipeline/Pipeline.php(219): Illuminate/View/Middleware/ShareErrorsFromSession->handle(Object(Illuminate/Http/Request), Object(Closure))
#31 C:/PPL-SI4705-KelA/greennovate/SI4705-KELA-main/greennovate/vendor/laravel/framework/src/Illuminate/Session/Middleware/StartSession.php(120): Illuminate/Pipeline/Pipeline->Illuminate/Pipeline/{closure}(Object(Illuminate/Http/Request))
#32 C:/PPL-SI4705-KelA/greennovate/SI4705-KELA-main/greennovate/vendor/laravel/framework/src/Illuminate/Session/Middleware/StartSession.php(63): Illuminate/Session/Middleware/StartSession->handleStatefulRequest(Object(Illuminate/Http/Request), Object(Illuminate/Session/Store), Object(Closure))
#33 C:/PPL-SI4705-KelA/greennovate/SI4705-KELA-main/greennovate/vendor/laravel/framework/src/Illuminate/Pipeline/Pipeline.php(219): Illuminate/Session/Middleware/StartSession->handle(Object(Illuminate/Http/Request), Object(Closure))
#34 C:/PPL-SI4705-KelA/greennovate/SI4705-KELA-main/greennovate/vendor/laravel/framework/src/Illuminate/Cookie/Middleware/AddQueuedCookiesToResponse.php(36): Illuminate/Pipeline/Pipeline->Illuminate/Pipeline/{closure}(Object(Illuminate/Http/Request))
#35 C:/PPL-SI4705-KelA/greennovate/SI4705-KELA-main/greennovate/vendor/laravel/framework/src/Illuminate/Pipeline/Pipeline.php(219): Illuminate/Cookie/Middleware/AddQueuedCookiesToResponse->handle(Object(Illuminate/Http/Request), Object(Closure))
#36 C:/PPL-SI4705-KelA/greennovate/SI4705-KELA-main/greennovate/vendor/laravel/framework/src/Illuminate/Cookie/Middleware/EncryptCookies.php(74): Illuminate/Pipeline/Pipeline->Illuminate/Pipeline/{closure}(Object(Illuminate/Http/Request))
#37 C:/PPL-SI4705-KelA/greennovate/SI4705-KELA-main/greennovate/vendor/laravel/framework/src/Illuminate/Pipeline/Pipeline.php(219): Illuminate/Cookie/Middleware/EncryptCookies->handle(Object(Illuminate/Http/Request), Object(Closure))
#38 C:/PPL-SI4705-KelA/greennovate/SI4705-KELA-main/greennovate/vendor/laravel/framework/src/Illuminate/Pipeline/Pipeline.php(137): Illuminate/Pipeline/Pipeline->Illuminate/Pipeline/{closure}(Object(Illuminate/Http/Request))
#39 C:/PPL-SI4705-KelA/greennovate/SI4705-KELA-main/greennovate/vendor/laravel/framework/src/Illuminate/Routing/Router.php(821): Illuminate/Pipeline/Pipeline->then(Object(Closure))
#40 C:/PPL-SI4705-KelA/greennovate/SI4705-KELA-main/greennovate/vendor/laravel/framework/src/Illuminate/Routing/Router.php(800): Illuminate/Routing/Router->runRouteWithinStack(Object(Illuminate/Routing/Route), Object(Illuminate/Http/Request))
#41 C:/PPL-SI4705-KelA/greennovate/SI4705-KELA-main/greennovate/vendor/laravel/framework/src/Illuminate/Routing/Router.php(764): Illuminate/Routing/Router->runRoute(Object(Illuminate/Http/Request), Object(Illuminate/Routing/Route))
#42 C:/PPL-SI4705-KelA/greennovate/SI4705-KELA-main/greennovate/vendor/laravel/framework/src/Illuminate/Routing/Router.php(753): Illuminate/Routing/Router->dispatchToRoute(Object(Illuminate/Http/Request))
#43 C:/PPL-SI4705-KelA/greennovate/SI4705-KELA-main/greennovate/vendor/laravel/framework/src/Illuminate/Foundation/Http/Kernel.php(200): Illuminate/Routing/Router->dispatch(Object(Illuminate/Http/Request))
#44 C:/PPL-SI4705-KelA/greennovate/SI4705-KELA-main/greennovate/vendor/laravel/framework/src/Illuminate/Pipeline/Pipeline.php(180): Illuminate/Foundation/Http/Kernel->Illuminate/Foundation/Http/{closure}(Object(Illuminate/Http/Request))
#45 C:/PPL-SI4705-KelA/greennovate/SI4705-KELA-main/greennovate/vendor/laravel/framework/src/Illuminate/Foundation/Http/Middleware/TransformsRequest.php(21): Illuminate/Pipeline/Pipeline->Illuminate/Pipeline/{closure}(Object(Illuminate/Http/Request))
#46 C:/PPL-SI4705-KelA/greennovate/SI4705-KELA-main/greennovate/vendor/laravel/framework/src/Illuminate/Foundation/Http/Middleware/ConvertEmptyStringsToNull.php(31): Illuminate/Foundation/Http/Middleware/TransformsRequest->handle(Object(Illuminate/Http/Request), Object(Closure))
#47 C:/PPL-SI4705-KelA/greennovate/SI4705-KELA-main/greennovate/vendor/laravel/framework/src/Illuminate/Pipeline/Pipeline.php(219): Illuminate/Foundation/Http/Middleware/ConvertEmptyStringsToNull->handle(Object(Illuminate/Http/Request), Object(Closure))
#48 C:/PPL-SI4705-KelA/greennovate/SI4705-KELA-main/greennovate/vendor/laravel/framework/src/Illuminate/Foundation/Http/Middleware/TransformsRequest.php(21): Illuminate/Pipeline/Pipeline->Illuminate/Pipeline/{closure}(Object(Illuminate/Http/Request))
#49 C:/PPL-SI4705-KelA/greennovate/SI4705-KELA-main/greennovate/vendor/laravel/framework/src/Illuminate/Foundation/Http/Middleware/TrimStrings.php(51): Illuminate/Foundation/Http/Middleware/TransformsRequest->handle(Object(Illuminate/Http/Request), Object(Closure))
#50 C:/PPL-SI4705-KelA/greennovate/SI4705-KELA-main/greennovate/vendor/laravel/framework/src/Illuminate/Pipeline/Pipeline.php(219): Illuminate/Foundation/Http/Middleware/TrimStrings->handle(Object(Illuminate/Http/Request), Object(Closure))
#51 C:/PPL-SI4705-KelA/greennovate/SI4705-KELA-main/greennovate/vendor/laravel/framework/src/Illuminate/Http/Middleware/ValidatePostSize.php(27): Illuminate/Pipeline/Pipeline->Illuminate/Pipeline/{closure}(Object(Illuminate/Http/Request))
#52 C:/PPL-SI4705-KelA/greennovate/SI4705-KELA-main/greennovate/vendor/laravel/framework/src/Illuminate/Pipeline/Pipeline.php(219): Illuminate/Http/Middleware/ValidatePostSize->handle(Object(Illuminate/Http/Request), Object(Closure))
#53 C:/PPL-SI4705-KelA/greennovate/SI4705-KELA-main/greennovate/vendor/laravel/framework/src/Illuminate/Foundation/Http/Middleware/PreventRequestsDuringMaintenance.php(109): Illuminate/Pipeline/Pipeline->Illuminate/Pipeline/{closure}(Object(Illuminate/Http/Request))
#54 C:/PPL-SI4705-KelA/greennovate/SI4705-KELA-main/greennovate/vendor/laravel/framework/src/Illuminate/Pipeline/Pipeline.php(219): Illuminate/Foundation/Http/Middleware/PreventRequestsDuringMaintenance->handle(Object(Illuminate/Http/Request), Object(Closure))
#55 C:/PPL-SI4705-KelA/greennovate/SI4705-KELA-main/greennovate/vendor/laravel/framework/src/Illuminate/Http/Middleware/HandleCors.php(61): Illuminate/Pipeline/Pipeline->Illuminate/Pipeline/{closure}(Object(Illuminate/Http/Request))
#56 C:/PPL-SI4705-KelA/greennovate/SI4705-KELA-main/greennovate/vendor/laravel/framework/src/Illuminate/Pipeline/Pipeline.php(219): Illuminate/Http/Middleware/HandleCors->handle(Object(Illuminate/Http/Request), Object(Closure))
#57 C:/PPL-SI4705-KelA/greennovate/SI4705-KELA-main/greennovate/vendor/laravel/framework/src/Illuminate/Http/Middleware/TrustProxies.php(58): Illuminate/Pipeline/Pipeline->Illuminate/Pipeline/{closure}(Object(Illuminate/Http/Request))
#58 C:/PPL-SI4705-KelA/greennovate/SI4705-KELA-main/greennovate/vendor/laravel/framework/src/Illuminate/Pipeline/Pipeline.php(219): Illuminate/Http/Middleware/TrustProxies->handle(Object(Illuminate/Http/Request), Object(Closure))
#59 C:/PPL-SI4705-KelA/greennovate/SI4705-KELA-main/greennovate/vendor/laravel/framework/src/Illuminate/Foundation/Http/Middleware/InvokeDeferredCallbacks.php(22): Illuminate/Pipeline/Pipeline->Illuminate/Pipeline/{closure}(Object(Illuminate/Http/Request))
#60 C:/PPL-SI4705-KelA/greennovate/SI4705-KELA-main/greennovate/vendor/laravel/framework/src/Illuminate/Pipeline/Pipeline.php(219): Illuminate/Foundation/Http/Middleware/InvokeDeferredCallbacks->handle(Object(Illuminate/Http/Request), Object(Closure))
#61 C:/PPL-SI4705-KelA/greennovate/SI4705-KELA-main/greennovate/vendor/laravel/framework/src/Illuminate/Http/Middleware/ValidatePathEncoding.php(26): Illuminate/Pipeline/Pipeline->Illuminate/Pipeline/{closure}(Object(Illuminate/Http/Request))
#62 C:/PPL-SI4705-KelA/greennovate/SI4705-KELA-main/greennovate/vendor/laravel/framework/src/Illuminate/Pipeline/Pipeline.php(219): Illuminate/Http/Middleware/ValidatePathEncoding->handle(Object(Illuminate/Http/Request), Object(Closure))
#63 C:/PPL-SI4705-KelA/greennovate/SI4705-KELA-main/greennovate/vendor/laravel/framework/src/Illuminate/Pipeline/Pipeline.php(137): Illuminate/Pipeline/Pipeline->Illuminate/Pipeline/{closure}(Object(Illuminate/Http/Request))
#64 C:/PPL-SI4705-KelA/greennovate/SI4705-KELA-main/greennovate/vendor/laravel/framework/src/Illuminate/Foundation/Http/Kernel.php(175): Illuminate/Pipeline/Pipeline->then(Object(Closure))
#65 C:/PPL-SI4705-KelA/greennovate/SI4705-KELA-main/greennovate/vendor/laravel/framework/src/Illuminate/Foundation/Http/Kernel.php(144): Illuminate/Foundation/Http/Kernel->sendRequestThroughRouter(Object(Illuminate/Http/Request))
#66 C:/PPL-SI4705-KelA/greennovate/SI4705-KELA-main/greennovate/vendor/laravel/framework/src/Illuminate/Foundation/Application.php(1220): Illuminate/Foundation/Http/Kernel->handle(Object(Illuminate/Http/Request))
#67 C:/PPL-SI4705-KelA/greennovate/SI4705-KELA-main/greennovate/public/index.php(20): Illuminate/Foundation/Application->handleRequest(Object(Illuminate/Http/Request))
#68 C:/PPL-SI4705-KelA/greennovate/SI4705-KELA-main/greennovate/vendor/laravel/framework/src/Illuminate/Foundation/resources/server.php(23): require_once('C://PPL-SI4705-K...')
#69 {main}
"} 
[2026-05-17 14:30:48] local.ERROR: SQLSTATE[42883]: Undefined function: 7 ERROR:  function field(character varying, unknown, unknown, unknown, unknown) does not exist
LINE 1: ...= $1 and "kegiatan"."deleted_at" is null order by FIELD(stat...
                                                             ^
HINT:  No function matches the given name and argument types. You might need to add explicit type casts. (Connection: pgsql, Host: ep-sweet-bonus-anb5fldu-pooler.c-6.us-east-1.aws.neon.tech, Port: 5432, Database: Greenovete, SQL: select * from "kegiatan" where "petugas_id" = 2 and "kegiatan"."deleted_at" is null order by FIELD(status, 'Berlangsung', 'Persiapan', 'Selesai', 'Dibatalkan'), "tanggal" asc limit 20 offset 0) {"userId":2,"exception":"[object] (Illuminate\\Database\\QueryException(code: 42883): SQLSTATE[42883]: Undefined function: 7 ERROR:  function field(character varying, unknown, unknown, unknown, unknown) does not exist
LINE 1: ...= $1 and \"kegiatan\".\"deleted_at\" is null order by FIELD(stat...
                                                             ^
HINT:  No function matches the given name and argument types. You might need to add explicit type casts. (Connection: pgsql, Host: ep-sweet-bonus-anb5fldu-pooler.c-6.us-east-1.aws.neon.tech, Port: 5432, Database: Greenovete, SQL: select * from \"kegiatan\" where \"petugas_id\" = 2 and \"kegiatan\".\"deleted_at\" is null order by FIELD(status, 'Berlangsung', 'Persiapan', 'Selesai', 'Dibatalkan'), \"tanggal\" asc limit 20 offset 0) at C:/PPL-SI4705-KelA/greennovate/SI4705-KELA-main/greennovate/vendor/laravel/framework/src/Illuminate/Database/Connection.php:838)
[stacktrace]
#0 C:/PPL-SI4705-KelA/greennovate/SI4705-KELA-main/greennovate/vendor/laravel/framework/src/Illuminate/Database/Connection.php(794): Illuminate/Database/Connection->runQueryCallback('select * from \"...', Array, Object(Closure))
#1 C:/PPL-SI4705-KelA/greennovate/SI4705-KELA-main/greennovate/vendor/laravel/framework/src/Illuminate/Database/Connection.php(411): Illuminate/Database/Connection->run('select * from \"...', Array, Object(Closure))
#2 C:/PPL-SI4705-KelA/greennovate/SI4705-KELA-main/greennovate/vendor/laravel/framework/src/Illuminate/Database/Query/Builder.php(3505): Illuminate/Database/Connection->select('select * from \"...', Array, true)
#3 C:/PPL-SI4705-KelA/greennovate/SI4705-KELA-main/greennovate/vendor/laravel/framework/src/Illuminate/Database/Query/Builder.php(3490): Illuminate/Database/Query/Builder->runSelect()
#4 C:/PPL-SI4705-KelA/greennovate/SI4705-KELA-main/greennovate/vendor/laravel/framework/src/Illuminate/Database/Query/Builder.php(4080): Illuminate/Database/Query/Builder->Illuminate/Database/Query/{closure}()
#5 C:/PPL-SI4705-KelA/greennovate/SI4705-KELA-main/greennovate/vendor/laravel/framework/src/Illuminate/Database/Query/Builder.php(3489): Illuminate/Database/Query/Builder->onceWithColumns(Array, Object(Closure))
#6 C:/PPL-SI4705-KelA/greennovate/SI4705-KELA-main/greennovate/vendor/laravel/framework/src/Illuminate/Database/Eloquent/Builder.php(902): Illuminate/Database/Query/Builder->get(Array)
#7 C:/PPL-SI4705-KelA/greennovate/SI4705-KELA-main/greennovate/vendor/laravel/framework/src/Illuminate/Database/Eloquent/Builder.php(884): Illuminate/Database/Eloquent/Builder->getModels(Array)
#8 C:/PPL-SI4705-KelA/greennovate/SI4705-KELA-main/greennovate/vendor/laravel/framework/src/Illuminate/Database/Eloquent/Builder.php(1125): Illuminate/Database/Eloquent/Builder->get(Array)
#9 C:/PPL-SI4705-KelA/greennovate/SI4705-KELA-main/greennovate/app/Http/Controllers/Petugas/PetugasDashboardController.php(103): Illuminate/Database/Eloquent/Builder->paginate(20)
#10 C:/PPL-SI4705-KelA/greennovate/SI4705-KELA-main/greennovate/vendor/laravel/framework/src/Illuminate/Routing/ControllerDispatcher.php(46): App/Http/Controllers/Petugas/PetugasDashboardController->allActivities(Object(Illuminate/Http/Request))
#11 C:/PPL-SI4705-KelA/greennovate/SI4705-KELA-main/greennovate/vendor/laravel/framework/src/Illuminate/Routing/Route.php(265): Illuminate/Routing/ControllerDispatcher->dispatch(Object(Illuminate/Routing/Route), Object(App/Http/Controllers/Petugas/PetugasDashboardController), 'allActivities')
#12 C:/PPL-SI4705-KelA/greennovate/SI4705-KELA-main/greennovate/vendor/laravel/framework/src/Illuminate/Routing/Route.php(211): Illuminate/Routing/Route->runController()
#13 C:/PPL-SI4705-KelA/greennovate/SI4705-KELA-main/greennovate/vendor/laravel/framework/src/Illuminate/Routing/Router.php(822): Illuminate/Routing/Route->run()
#14 C:/PPL-SI4705-KelA/greennovate/SI4705-KELA-main/greennovate/vendor/laravel/framework/src/Illuminate/Pipeline/Pipeline.php(180): Illuminate/Routing/Router->Illuminate/Routing/{closure}(Object(Illuminate/Http/Request))
#15 C:/PPL-SI4705-KelA/greennovate/SI4705-KELA-main/greennovate/app/Http/Middleware/IsPetugas.php(19): Illuminate/Pipeline/Pipeline->Illuminate/Pipeline/{closure}(Object(Illuminate/Http/Request))
#16 C:/PPL-SI4705-KelA/greennovate/SI4705-KELA-main/greennovate/vendor/laravel/framework/src/Illuminate/Pipeline/Pipeline.php(219): App/Http/Middleware/IsPetugas->handle(Object(Illuminate/Http/Request), Object(Closure))
#17 C:/PPL-SI4705-KelA/greennovate/SI4705-KELA-main/greennovate/app/Http/Middleware/CheckActive.php(29): Illuminate/Pipeline/Pipeline->Illuminate/Pipeline/{closure}(Object(Illuminate/Http/Request))
#18 C:/PPL-SI4705-KelA/greennovate/SI4705-KELA-main/greennovate/vendor/laravel/framework/src/Illuminate/Pipeline/Pipeline.php(219): App/Http/Middleware/CheckActive->handle(Object(Illuminate/Http/Request), Object(Closure))
#19 C:/PPL-SI4705-KelA/greennovate/SI4705-KELA-main/greennovate/app/Http/Middleware/SetLocale.php(39): Illuminate/Pipeline/Pipeline->Illuminate/Pipeline/{closure}(Object(Illuminate/Http/Request))
#20 C:/PPL-SI4705-KelA/greennovate/SI4705-KELA-main/greennovate/vendor/laravel/framework/src/Illuminate/Pipeline/Pipeline.php(219): App/Http/Middleware/SetLocale->handle(Object(Illuminate/Http/Request), Object(Closure))
#21 C:/PPL-SI4705-KelA/greennovate/SI4705-KELA-main/greennovate/vendor/laravel/framework/src/Illuminate/Routing/Middleware/SubstituteBindings.php(50): Illuminate/Pipeline/Pipeline->Illuminate/Pipeline/{closure}(Object(Illuminate/Http/Request))
#22 C:/PPL-SI4705-KelA/greennovate/SI4705-KELA-main/greennovate/vendor/laravel/framework/src/Illuminate/Pipeline/Pipeline.php(219): Illuminate/Routing/Middleware/SubstituteBindings->handle(Object(Illuminate/Http/Request), Object(Closure))
#23 C:/PPL-SI4705-KelA/greennovate/SI4705-KELA-main/greennovate/vendor/laravel/framework/src/Illuminate/Auth/Middleware/Authenticate.php(63): Illuminate/Pipeline/Pipeline->Illuminate/Pipeline/{closure}(Object(Illuminate/Http/Request))
#24 C:/PPL-SI4705-KelA/greennovate/SI4705-KELA-main/greennovate/vendor/laravel/framework/src/Illuminate/Pipeline/Pipeline.php(219): Illuminate/Auth/Middleware/Authenticate->handle(Object(Illuminate/Http/Request), Object(Closure))
#25 C:/PPL-SI4705-KelA/greennovate/SI4705-KELA-main/greennovate/vendor/laravel/framework/src/Illuminate/Foundation/Http/Middleware/VerifyCsrfToken.php(87): Illuminate/Pipeline/Pipeline->Illuminate/Pipeline/{closure}(Object(Illuminate/Http/Request))
#26 C:/PPL-SI4705-KelA/greennovate/SI4705-KELA-main/greennovate/vendor/laravel/framework/src/Illuminate/Pipeline/Pipeline.php(219): Illuminate/Foundation/Http/Middleware/VerifyCsrfToken->handle(Object(Illuminate/Http/Request), Object(Closure))
#27 C:/PPL-SI4705-KelA/greennovate/SI4705-KELA-main/greennovate/vendor/laravel/framework/src/Illuminate/View/Middleware/ShareErrorsFromSession.php(48): Illuminate/Pipeline/Pipeline->Illuminate/Pipeline/{closure}(Object(Illuminate/Http/Request))
#28 C:/PPL-SI4705-KelA/greennovate/SI4705-KELA-main/greennovate/vendor/laravel/framework/src/Illuminate/Pipeline/Pipeline.php(219): Illuminate/View/Middleware/ShareErrorsFromSession->handle(Object(Illuminate/Http/Request), Object(Closure))
#29 C:/PPL-SI4705-KelA/greennovate/SI4705-KELA-main/greennovate/vendor/laravel/framework/src/Illuminate/Session/Middleware/StartSession.php(120): Illuminate/Pipeline/Pipeline->Illuminate/Pipeline/{closure}(Object(Illuminate/Http/Request))
#30 C:/PPL-SI4705-KelA/greennovate/SI4705-KELA-main/greennovate/vendor/laravel/framework/src/Illuminate/Session/Middleware/StartSession.php(63): Illuminate/Session/Middleware/StartSession->handleStatefulRequest(Object(Illuminate/Http/Request), Object(Illuminate/Session/Store), Object(Closure))
#31 C:/PPL-SI4705-KelA/greennovate/SI4705-KELA-main/greennovate/vendor/laravel/framework/src/Illuminate/Pipeline/Pipeline.php(219): Illuminate/Session/Middleware/StartSession->handle(Object(Illuminate/Http/Request), Object(Closure))
#32 C:/PPL-SI4705-KelA/greennovate/SI4705-KELA-main/greennovate/vendor/laravel/framework/src/Illuminate/Cookie/Middleware/AddQueuedCookiesToResponse.php(36): Illuminate/Pipeline/Pipeline->Illuminate/Pipeline/{closure}(Object(Illuminate/Http/Request))
#33 C:/PPL-SI4705-KelA/greennovate/SI4705-KELA-main/greennovate/vendor/laravel/framework/src/Illuminate/Pipeline/Pipeline.php(219): Illuminate/Cookie/Middleware/AddQueuedCookiesToResponse->handle(Object(Illuminate/Http/Request), Object(Closure))
#34 C:/PPL-SI4705-KelA/greennovate/SI4705-KELA-main/greennovate/vendor/laravel/framework/src/Illuminate/Cookie/Middleware/EncryptCookies.php(74): Illuminate/Pipeline/Pipeline->Illuminate/Pipeline/{closure}(Object(Illuminate/Http/Request))
#35 C:/PPL-SI4705-KelA/greennovate/SI4705-KELA-main/greennovate/vendor/laravel/framework/src/Illuminate/Pipeline/Pipeline.php(219): Illuminate/Cookie/Middleware/EncryptCookies->handle(Object(Illuminate/Http/Request), Object(Closure))
#36 C:/PPL-SI4705-KelA/greennovate/SI4705-KELA-main/greennovate/vendor/laravel/framework/src/Illuminate/Pipeline/Pipeline.php(137): Illuminate/Pipeline/Pipeline->Illuminate/Pipeline/{closure}(Object(Illuminate/Http/Request))
#37 C:/PPL-SI4705-KelA/greennovate/SI4705-KELA-main/greennovate/vendor/laravel/framework/src/Illuminate/Routing/Router.php(821): Illuminate/Pipeline/Pipeline->then(Object(Closure))
#38 C:/PPL-SI4705-KelA/greennovate/SI4705-KELA-main/greennovate/vendor/laravel/framework/src/Illuminate/Routing/Router.php(800): Illuminate/Routing/Router->runRouteWithinStack(Object(Illuminate/Routing/Route), Object(Illuminate/Http/Request))
#39 C:/PPL-SI4705-KelA/greennovate/SI4705-KELA-main/greennovate/vendor/laravel/framework/src/Illuminate/Routing/Router.php(764): Illuminate/Routing/Router->runRoute(Object(Illuminate/Http/Request), Object(Illuminate/Routing/Route))
#40 C:/PPL-SI4705-KelA/greennovate/SI4705-KELA-main/greennovate/vendor/laravel/framework/src/Illuminate/Routing/Router.php(753): Illuminate/Routing/Router->dispatchToRoute(Object(Illuminate/Http/Request))
#41 C:/PPL-SI4705-KelA/greennovate/SI4705-KELA-main/greennovate/vendor/laravel/framework/src/Illuminate/Foundation/Http/Kernel.php(200): Illuminate/Routing/Router->dispatch(Object(Illuminate/Http/Request))
#42 C:/PPL-SI4705-KelA/greennovate/SI4705-KELA-main/greennovate/vendor/laravel/framework/src/Illuminate/Pipeline/Pipeline.php(180): Illuminate/Foundation/Http/Kernel->Illuminate/Foundation/Http/{closure}(Object(Illuminate/Http/Request))
#43 C:/PPL-SI4705-KelA/greennovate/SI4705-KELA-main/greennovate/vendor/laravel/framework/src/Illuminate/Foundation/Http/Middleware/TransformsRequest.php(21): Illuminate/Pipeline/Pipeline->Illuminate/Pipeline/{closure}(Object(Illuminate/Http/Request))
#44 C:/PPL-SI4705-KelA/greennovate/SI4705-KELA-main/greennovate/vendor/laravel/framework/src/Illuminate/Foundation/Http/Middleware/ConvertEmptyStringsToNull.php(31): Illuminate/Foundation/Http/Middleware/TransformsRequest->handle(Object(Illuminate/Http/Request), Object(Closure))
#45 C:/PPL-SI4705-KelA/greennovate/SI4705-KELA-main/greennovate/vendor/laravel/framework/src/Illuminate/Pipeline/Pipeline.php(219): Illuminate/Foundation/Http/Middleware/ConvertEmptyStringsToNull->handle(Object(Illuminate/Http/Request), Object(Closure))
#46 C:/PPL-SI4705-KelA/greennovate/SI4705-KELA-main/greennovate/vendor/laravel/framework/src/Illuminate/Foundation/Http/Middleware/TransformsRequest.php(21): Illuminate/Pipeline/Pipeline->Illuminate/Pipeline/{closure}(Object(Illuminate/Http/Request))
#47 C:/PPL-SI4705-KelA/greennovate/SI4705-KELA-main/greennovate/vendor/laravel/framework/src/Illuminate/Foundation/Http/Middleware/TrimStrings.php(51): Illuminate/Foundation/Http/Middleware/TransformsRequest->handle(Object(Illuminate/Http/Request), Object(Closure))
#48 C:/PPL-SI4705-KelA/greennovate/SI4705-KELA-main/greennovate/vendor/laravel/framework/src/Illuminate/Pipeline/Pipeline.php(219): Illuminate/Foundation/Http/Middleware/TrimStrings->handle(Object(Illuminate/Http/Request), Object(Closure))
#49 C:/PPL-SI4705-KelA/greennovate/SI4705-KELA-main/greennovate/vendor/laravel/framework/src/Illuminate/Http/Middleware/ValidatePostSize.php(27): Illuminate/Pipeline/Pipeline->Illuminate/Pipeline/{closure}(Object(Illuminate/Http/Request))
#50 C:/PPL-SI4705-KelA/greennovate/SI4705-KELA-main/greennovate/vendor/laravel/framework/src/Illuminate/Pipeline/Pipeline.php(219): Illuminate/Http/Middleware/ValidatePostSize->handle(Object(Illuminate/Http/Request), Object(Closure))
#51 C:/PPL-SI4705-KelA/greennovate/SI4705-KELA-main/greennovate/vendor/laravel/framework/src/Illuminate/Foundation/Http/Middleware/PreventRequestsDuringMaintenance.php(109): Illuminate/Pipeline/Pipeline->Illuminate/Pipeline/{closure}(Object(Illuminate/Http/Request))
#52 C:/PPL-SI4705-KelA/greennovate/SI4705-KELA-main/greennovate/vendor/laravel/framework/src/Illuminate/Pipeline/Pipeline.php(219): Illuminate/Foundation/Http/Middleware/PreventRequestsDuringMaintenance->handle(Object(Illuminate/Http/Request), Object(Closure))
#53 C:/PPL-SI4705-KelA/greennovate/SI4705-KELA-main/greennovate/vendor/laravel/framework/src/Illuminate/Http/Middleware/HandleCors.php(61): Illuminate/Pipeline/Pipeline->Illuminate/Pipeline/{closure}(Object(Illuminate/Http/Request))
#54 C:/PPL-SI4705-KelA/greennovate/SI4705-KELA-main/greennovate/vendor/laravel/framework/src/Illuminate/Pipeline/Pipeline.php(219): Illuminate/Http/Middleware/HandleCors->handle(Object(Illuminate/Http/Request), Object(Closure))
#55 C:/PPL-SI4705-KelA/greennovate/SI4705-KELA-main/greennovate/vendor/laravel/framework/src/Illuminate/Http/Middleware/TrustProxies.php(58): Illuminate/Pipeline/Pipeline->Illuminate/Pipeline/{closure}(Object(Illuminate/Http/Request))
#56 C:/PPL-SI4705-KelA/greennovate/SI4705-KELA-main/greennovate/vendor/laravel/framework/src/Illuminate/Pipeline/Pipeline.php(219): Illuminate/Http/Middleware/TrustProxies->handle(Object(Illuminate/Http/Request), Object(Closure))
#57 C:/PPL-SI4705-KelA/greennovate/SI4705-KELA-main/greennovate/vendor/laravel/framework/src/Illuminate/Foundation/Http/Middleware/InvokeDeferredCallbacks.php(22): Illuminate/Pipeline/Pipeline->Illuminate/Pipeline/{closure}(Object(Illuminate/Http/Request))
#58 C:/PPL-SI4705-KelA/greennovate/SI4705-KELA-main/greennovate/vendor/laravel/framework/src/Illuminate/Pipeline/Pipeline.php(219): Illuminate/Foundation/Http/Middleware/InvokeDeferredCallbacks->handle(Object(Illuminate/Http/Request), Object(Closure))
#59 C:/PPL-SI4705-KelA/greennovate/SI4705-KELA-main/greennovate/vendor/laravel/framework/src/Illuminate/Http/Middleware/ValidatePathEncoding.php(26): Illuminate/Pipeline/Pipeline->Illuminate/Pipeline/{closure}(Object(Illuminate/Http/Request))
#60 C:/PPL-SI4705-KelA/greennovate/SI4705-KELA-main/greennovate/vendor/laravel/framework/src/Illuminate/Pipeline/Pipeline.php(219): Illuminate/Http/Middleware/ValidatePathEncoding->handle(Object(Illuminate/Http/Request), Object(Closure))
#61 C:/PPL-SI4705-KelA/greennovate/SI4705-KELA-main/greennovate/vendor/laravel/framework/src/Illuminate/Pipeline/Pipeline.php(137): Illuminate/Pipeline/Pipeline->Illuminate/Pipeline/{closure}(Object(Illuminate/Http/Request))
#62 C:/PPL-SI4705-KelA/greennovate/SI4705-KELA-main/greennovate/vendor/laravel/framework/src/Illuminate/Foundation/Http/Kernel.php(175): Illuminate/Pipeline/Pipeline->then(Object(Closure))
#63 C:/PPL-SI4705-KelA/greennovate/SI4705-KELA-main/greennovate/vendor/laravel/framework/src/Illuminate/Foundation/Http/Kernel.php(144): Illuminate/Foundation/Http/Kernel->sendRequestThroughRouter(Object(Illuminate/Http/Request))
#64 C:/PPL-SI4705-KelA/greennovate/SI4705-KELA-main/greennovate/vendor/laravel/framework/src/Illuminate/Foundation/Application.php(1220): Illuminate/Foundation/Http/Kernel->handle(Object(Illuminate/Http/Request))
#65 C:/PPL-SI4705-KelA/greennovate/SI4705-KELA-main/greennovate/public/index.php(20): Illuminate/Foundation/Application->handleRequest(Object(Illuminate/Http/Request))
#66 C:/PPL-SI4705-KelA/greennovate/SI4705-KELA-main/greennovate/vendor/laravel/framework/src/Illuminate/Foundation/resources/server.php(23): require_once('C://PPL-SI4705-K...')
#67 {main}

[previous exception] [object] (PDOException(code: 42883): SQLSTATE[42883]: Undefined function: 7 ERROR:  function field(character varying, unknown, unknown, unknown, unknown) does not exist
LINE 1: ...= $1 and \"kegiatan\".\"deleted_at\" is null order by FIELD(stat...
                                                             ^
HINT:  No function matches the given name and argument types. You might need to add explicit type casts. at C:/PPL-SI4705-KelA/greennovate/SI4705-KELA-main/greennovate/vendor/laravel/framework/src/Illuminate/Database/Connection.php:425)
[stacktrace]
#0 C:/PPL-SI4705-KelA/greennovate/SI4705-KELA-main/greennovate/vendor/laravel/framework/src/Illuminate/Database/Connection.php(425): PDOStatement->execute()
#1 C:/PPL-SI4705-KelA/greennovate/SI4705-KELA-main/greennovate/vendor/laravel/framework/src/Illuminate/Database/Connection.php(827): Illuminate/Database/Connection->Illuminate/Database/{closure}('select * from \"...', Array)
#2 C:/PPL-SI4705-KelA/greennovate/SI4705-KELA-main/greennovate/vendor/laravel/framework/src/Illuminate/Database/Connection.php(794): Illuminate/Database/Connection->runQueryCallback('select * from \"...', Array, Object(Closure))
#3 C:/PPL-SI4705-KelA/greennovate/SI4705-KELA-main/greennovate/vendor/laravel/framework/src/Illuminate/Database/Connection.php(411): Illuminate/Database/Connection->run('select * from \"...', Array, Object(Closure))
#4 C:/PPL-SI4705-KelA/greennovate/SI4705-KELA-main/greennovate/vendor/laravel/framework/src/Illuminate/Database/Query/Builder.php(3505): Illuminate/Database/Connection->select('select * from \"...', Array, true)
#5 C:/PPL-SI4705-KelA/greennovate/SI4705-KELA-main/greennovate/vendor/laravel/framework/src/Illuminate/Database/Query/Builder.php(3490): Illuminate/Database/Query/Builder->runSelect()
#6 C:/PPL-SI4705-KelA/greennovate/SI4705-KELA-main/greennovate/vendor/laravel/framework/src/Illuminate/Database/Query/Builder.php(4080): Illuminate/Database/Query/Builder->Illuminate/Database/Query/{closure}()
#7 C:/PPL-SI4705-KelA/greennovate/SI4705-KELA-main/greennovate/vendor/laravel/framework/src/Illuminate/Database/Query/Builder.php(3489): Illuminate/Database/Query/Builder->onceWithColumns(Array, Object(Closure))
#8 C:/PPL-SI4705-KelA/greennovate/SI4705-KELA-main/greennovate/vendor/laravel/framework/src/Illuminate/Database/Eloquent/Builder.php(902): Illuminate/Database/Query/Builder->get(Array)
#9 C:/PPL-SI4705-KelA/greennovate/SI4705-KELA-main/greennovate/vendor/laravel/framework/src/Illuminate/Database/Eloquent/Builder.php(884): Illuminate/Database/Eloquent/Builder->getModels(Array)
#10 C:/PPL-SI4705-KelA/greennovate/SI4705-KELA-main/greennovate/vendor/laravel/framework/src/Illuminate/Database/Eloquent/Builder.php(1125): Illuminate/Database/Eloquent/Builder->get(Array)
#11 C:/PPL-SI4705-KelA/greennovate/SI4705-KELA-main/greennovate/app/Http/Controllers/Petugas/PetugasDashboardController.php(103): Illuminate/Database/Eloquent/Builder->paginate(20)
#12 C:/PPL-SI4705-KelA/greennovate/SI4705-KELA-main/greennovate/vendor/laravel/framework/src/Illuminate/Routing/ControllerDispatcher.php(46): App/Http/Controllers/Petugas/PetugasDashboardController->allActivities(Object(Illuminate/Http/Request))
#13 C:/PPL-SI4705-KelA/greennovate/SI4705-KELA-main/greennovate/vendor/laravel/framework/src/Illuminate/Routing/Route.php(265): Illuminate/Routing/ControllerDispatcher->dispatch(Object(Illuminate/Routing/Route), Object(App/Http/Controllers/Petugas/PetugasDashboardController), 'allActivities')
#14 C:/PPL-SI4705-KelA/greennovate/SI4705-KELA-main/greennovate/vendor/laravel/framework/src/Illuminate/Routing/Route.php(211): Illuminate/Routing/Route->runController()
#15 C:/PPL-SI4705-KelA/greennovate/SI4705-KELA-main/greennovate/vendor/laravel/framework/src/Illuminate/Routing/Router.php(822): Illuminate/Routing/Route->run()
#16 C:/PPL-SI4705-KelA/greennovate/SI4705-KELA-main/greennovate/vendor/laravel/framework/src/Illuminate/Pipeline/Pipeline.php(180): Illuminate/Routing/Router->Illuminate/Routing/{closure}(Object(Illuminate/Http/Request))
#17 C:/PPL-SI4705-KelA/greennovate/SI4705-KELA-main/greennovate/app/Http/Middleware/IsPetugas.php(19): Illuminate/Pipeline/Pipeline->Illuminate/Pipeline/{closure}(Object(Illuminate/Http/Request))
#18 C:/PPL-SI4705-KelA/greennovate/SI4705-KELA-main/greennovate/vendor/laravel/framework/src/Illuminate/Pipeline/Pipeline.php(219): App/Http/Middleware/IsPetugas->handle(Object(Illuminate/Http/Request), Object(Closure))
#19 C:/PPL-SI4705-KelA/greennovate/SI4705-KELA-main/greennovate/app/Http/Middleware/CheckActive.php(29): Illuminate/Pipeline/Pipeline->Illuminate/Pipeline/{closure}(Object(Illuminate/Http/Request))
#20 C:/PPL-SI4705-KelA/greennovate/SI4705-KELA-main/greennovate/vendor/laravel/framework/src/Illuminate/Pipeline/Pipeline.php(219): App/Http/Middleware/CheckActive->handle(Object(Illuminate/Http/Request), Object(Closure))
#21 C:/PPL-SI4705-KelA/greennovate/SI4705-KELA-main/greennovate/app/Http/Middleware/SetLocale.php(39): Illuminate/Pipeline/Pipeline->Illuminate/Pipeline/{closure}(Object(Illuminate/Http/Request))
#22 C:/PPL-SI4705-KelA/greennovate/SI4705-KELA-main/greennovate/vendor/laravel/framework/src/Illuminate/Pipeline/Pipeline.php(219): App/Http/Middleware/SetLocale->handle(Object(Illuminate/Http/Request), Object(Closure))
#23 C:/PPL-SI4705-KelA/greennovate/SI4705-KELA-main/greennovate/vendor/laravel/framework/src/Illuminate/Routing/Middleware/SubstituteBindings.php(50): Illuminate/Pipeline/Pipeline->Illuminate/Pipeline/{closure}(Object(Illuminate/Http/Request))
#24 C:/PPL-SI4705-KelA/greennovate/SI4705-KELA-main/greennovate/vendor/laravel/framework/src/Illuminate/Pipeline/Pipeline.php(219): Illuminate/Routing/Middleware/SubstituteBindings->handle(Object(Illuminate/Http/Request), Object(Closure))
#25 C:/PPL-SI4705-KelA/greennovate/SI4705-KELA-main/greennovate/vendor/laravel/framework/src/Illuminate/Auth/Middleware/Authenticate.php(63): Illuminate/Pipeline/Pipeline->Illuminate/Pipeline/{closure}(Object(Illuminate/Http/Request))
#26 C:/PPL-SI4705-KelA/greennovate/SI4705-KELA-main/greennovate/vendor/laravel/framework/src/Illuminate/Pipeline/Pipeline.php(219): Illuminate/Auth/Middleware/Authenticate->handle(Object(Illuminate/Http/Request), Object(Closure))
#27 C:/PPL-SI4705-KelA/greennovate/SI4705-KELA-main/greennovate/vendor/laravel/framework/src/Illuminate/Foundation/Http/Middleware/VerifyCsrfToken.php(87): Illuminate/Pipeline/Pipeline->Illuminate/Pipeline/{closure}(Object(Illuminate/Http/Request))
#28 C:/PPL-SI4705-KelA/greennovate/SI4705-KELA-main/greennovate/vendor/laravel/framework/src/Illuminate/Pipeline/Pipeline.php(219): Illuminate/Foundation/Http/Middleware/VerifyCsrfToken->handle(Object(Illuminate/Http/Request), Object(Closure))
#29 C:/PPL-SI4705-KelA/greennovate/SI4705-KELA-main/greennovate/vendor/laravel/framework/src/Illuminate/View/Middleware/ShareErrorsFromSession.php(48): Illuminate/Pipeline/Pipeline->Illuminate/Pipeline/{closure}(Object(Illuminate/Http/Request))
#30 C:/PPL-SI4705-KelA/greennovate/SI4705-KELA-main/greennovate/vendor/laravel/framework/src/Illuminate/Pipeline/Pipeline.php(219): Illuminate/View/Middleware/ShareErrorsFromSession->handle(Object(Illuminate/Http/Request), Object(Closure))
#31 C:/PPL-SI4705-KelA/greennovate/SI4705-KELA-main/greennovate/vendor/laravel/framework/src/Illuminate/Session/Middleware/StartSession.php(120): Illuminate/Pipeline/Pipeline->Illuminate/Pipeline/{closure}(Object(Illuminate/Http/Request))
#32 C:/PPL-SI4705-KelA/greennovate/SI4705-KELA-main/greennovate/vendor/laravel/framework/src/Illuminate/Session/Middleware/StartSession.php(63): Illuminate/Session/Middleware/StartSession->handleStatefulRequest(Object(Illuminate/Http/Request), Object(Illuminate/Session/Store), Object(Closure))
#33 C:/PPL-SI4705-KelA/greennovate/SI4705-KELA-main/greennovate/vendor/laravel/framework/src/Illuminate/Pipeline/Pipeline.php(219): Illuminate/Session/Middleware/StartSession->handle(Object(Illuminate/Http/Request), Object(Closure))
#34 C:/PPL-SI4705-KelA/greennovate/SI4705-KELA-main/greennovate/vendor/laravel/framework/src/Illuminate/Cookie/Middleware/AddQueuedCookiesToResponse.php(36): Illuminate/Pipeline/Pipeline->Illuminate/Pipeline/{closure}(Object(Illuminate/Http/Request))
#35 C:/PPL-SI4705-KelA/greennovate/SI4705-KELA-main/greennovate/vendor/laravel/framework/src/Illuminate/Pipeline/Pipeline.php(219): Illuminate/Cookie/Middleware/AddQueuedCookiesToResponse->handle(Object(Illuminate/Http/Request), Object(Closure))
#36 C:/PPL-SI4705-KelA/greennovate/SI4705-KELA-main/greennovate/vendor/laravel/framework/src/Illuminate/Cookie/Middleware/EncryptCookies.php(74): Illuminate/Pipeline/Pipeline->Illuminate/Pipeline/{closure}(Object(Illuminate/Http/Request))
#37 C:/PPL-SI4705-KelA/greennovate/SI4705-KELA-main/greennovate/vendor/laravel/framework/src/Illuminate/Pipeline/Pipeline.php(219): Illuminate/Cookie/Middleware/EncryptCookies->handle(Object(Illuminate/Http/Request), Object(Closure))
#38 C:/PPL-SI4705-KelA/greennovate/SI4705-KELA-main/greennovate/vendor/laravel/framework/src/Illuminate/Pipeline/Pipeline.php(137): Illuminate/Pipeline/Pipeline->Illuminate/Pipeline/{closure}(Object(Illuminate/Http/Request))
#39 C:/PPL-SI4705-KelA/greennovate/SI4705-KELA-main/greennovate/vendor/laravel/framework/src/Illuminate/Routing/Router.php(821): Illuminate/Pipeline/Pipeline->then(Object(Closure))
#40 C:/PPL-SI4705-KelA/greennovate/SI4705-KELA-main/greennovate/vendor/laravel/framework/src/Illuminate/Routing/Router.php(800): Illuminate/Routing/Router->runRouteWithinStack(Object(Illuminate/Routing/Route), Object(Illuminate/Http/Request))
#41 C:/PPL-SI4705-KelA/greennovate/SI4705-KELA-main/greennovate/vendor/laravel/framework/src/Illuminate/Routing/Router.php(764): Illuminate/Routing/Router->runRoute(Object(Illuminate/Http/Request), Object(Illuminate/Routing/Route))
#42 C:/PPL-SI4705-KelA/greennovate/SI4705-KELA-main/greennovate/vendor/laravel/framework/src/Illuminate/Routing/Router.php(753): Illuminate/Routing/Router->dispatchToRoute(Object(Illuminate/Http/Request))
#43 C:/PPL-SI4705-KelA/greennovate/SI4705-KELA-main/greennovate/vendor/laravel/framework/src/Illuminate/Foundation/Http/Kernel.php(200): Illuminate/Routing/Router->dispatch(Object(Illuminate/Http/Request))
#44 C:/PPL-SI4705-KelA/greennovate/SI4705-KELA-main/greennovate/vendor/laravel/framework/src/Illuminate/Pipeline/Pipeline.php(180): Illuminate/Foundation/Http/Kernel->Illuminate/Foundation/Http/{closure}(Object(Illuminate/Http/Request))
#45 C:/PPL-SI4705-KelA/greennovate/SI4705-KELA-main/greennovate/vendor/laravel/framework/src/Illuminate/Foundation/Http/Middleware/TransformsRequest.php(21): Illuminate/Pipeline/Pipeline->Illuminate/Pipeline/{closure}(Object(Illuminate/Http/Request))
#46 C:/PPL-SI4705-KelA/greennovate/SI4705-KELA-main/greennovate/vendor/laravel/framework/src/Illuminate/Foundation/Http/Middleware/ConvertEmptyStringsToNull.php(31): Illuminate/Foundation/Http/Middleware/TransformsRequest->handle(Object(Illuminate/Http/Request), Object(Closure))
#47 C:/PPL-SI4705-KelA/greennovate/SI4705-KELA-main/greennovate/vendor/laravel/framework/src/Illuminate/Pipeline/Pipeline.php(219): Illuminate/Foundation/Http/Middleware/ConvertEmptyStringsToNull->handle(Object(Illuminate/Http/Request), Object(Closure))
#48 C:/PPL-SI4705-KelA/greennovate/SI4705-KELA-main/greennovate/vendor/laravel/framework/src/Illuminate/Foundation/Http/Middleware/TransformsRequest.php(21): Illuminate/Pipeline/Pipeline->Illuminate/Pipeline/{closure}(Object(Illuminate/Http/Request))
#49 C:/PPL-SI4705-KelA/greennovate/SI4705-KELA-main/greennovate/vendor/laravel/framework/src/Illuminate/Foundation/Http/Middleware/TrimStrings.php(51): Illuminate/Foundation/Http/Middleware/TransformsRequest->handle(Object(Illuminate/Http/Request), Object(Closure))
#50 C:/PPL-SI4705-KelA/greennovate/SI4705-KELA-main/greennovate/vendor/laravel/framework/src/Illuminate/Pipeline/Pipeline.php(219): Illuminate/Foundation/Http/Middleware/TrimStrings->handle(Object(Illuminate/Http/Request), Object(Closure))
#51 C:/PPL-SI4705-KelA/greennovate/SI4705-KELA-main/greennovate/vendor/laravel/framework/src/Illuminate/Http/Middleware/ValidatePostSize.php(27): Illuminate/Pipeline/Pipeline->Illuminate/Pipeline/{closure}(Object(Illuminate/Http/Request))
#52 C:/PPL-SI4705-KelA/greennovate/SI4705-KELA-main/greennovate/vendor/laravel/framework/src/Illuminate/Pipeline/Pipeline.php(219): Illuminate/Http/Middleware/ValidatePostSize->handle(Object(Illuminate/Http/Request), Object(Closure))
#53 C:/PPL-SI4705-KelA/greennovate/SI4705-KELA-main/greennovate/vendor/laravel/framework/src/Illuminate/Foundation/Http/Middleware/PreventRequestsDuringMaintenance.php(109): Illuminate/Pipeline/Pipeline->Illuminate/Pipeline/{closure}(Object(Illuminate/Http/Request))
#54 C:/PPL-SI4705-KelA/greennovate/SI4705-KELA-main/greennovate/vendor/laravel/framework/src/Illuminate/Pipeline/Pipeline.php(219): Illuminate/Foundation/Http/Middleware/PreventRequestsDuringMaintenance->handle(Object(Illuminate/Http/Request), Object(Closure))
#55 C:/PPL-SI4705-KelA/greennovate/SI4705-KELA-main/greennovate/vendor/laravel/framework/src/Illuminate/Http/Middleware/HandleCors.php(61): Illuminate/Pipeline/Pipeline->Illuminate/Pipeline/{closure}(Object(Illuminate/Http/Request))
#56 C:/PPL-SI4705-KelA/greennovate/SI4705-KELA-main/greennovate/vendor/laravel/framework/src/Illuminate/Pipeline/Pipeline.php(219): Illuminate/Http/Middleware/HandleCors->handle(Object(Illuminate/Http/Request), Object(Closure))
#57 C:/PPL-SI4705-KelA/greennovate/SI4705-KELA-main/greennovate/vendor/laravel/framework/src/Illuminate/Http/Middleware/TrustProxies.php(58): Illuminate/Pipeline/Pipeline->Illuminate/Pipeline/{closure}(Object(Illuminate/Http/Request))
#58 C:/PPL-SI4705-KelA/greennovate/SI4705-KELA-main/greennovate/vendor/laravel/framework/src/Illuminate/Pipeline/Pipeline.php(219): Illuminate/Http/Middleware/TrustProxies->handle(Object(Illuminate/Http/Request), Object(Closure))
#59 C:/PPL-SI4705-KelA/greennovate/SI4705-KELA-main/greennovate/vendor/laravel/framework/src/Illuminate/Foundation/Http/Middleware/InvokeDeferredCallbacks.php(22): Illuminate/Pipeline/Pipeline->Illuminate/Pipeline/{closure}(Object(Illuminate/Http/Request))
#60 C:/PPL-SI4705-KelA/greennovate/SI4705-KELA-main/greennovate/vendor/laravel/framework/src/Illuminate/Pipeline/Pipeline.php(219): Illuminate/Foundation/Http/Middleware/InvokeDeferredCallbacks->handle(Object(Illuminate/Http/Request), Object(Closure))
#61 C:/PPL-SI4705-KelA/greennovate/SI4705-KELA-main/greennovate/vendor/laravel/framework/src/Illuminate/Http/Middleware/ValidatePathEncoding.php(26): Illuminate/Pipeline/Pipeline->Illuminate/Pipeline/{closure}(Object(Illuminate/Http/Request))
#62 C:/PPL-SI4705-KelA/greennovate/SI4705-KELA-main/greennovate/vendor/laravel/framework/src/Illuminate/Pipeline/Pipeline.php(219): Illuminate/Http/Middleware/ValidatePathEncoding->handle(Object(Illuminate/Http/Request), Object(Closure))
#63 C:/PPL-SI4705-KelA/greennovate/SI4705-KELA-main/greennovate/vendor/laravel/framework/src/Illuminate/Pipeline/Pipeline.php(137): Illuminate/Pipeline/Pipeline->Illuminate/Pipeline/{closure}(Object(Illuminate/Http/Request))
#64 C:/PPL-SI4705-KelA/greennovate/SI4705-KELA-main/greennovate/vendor/laravel/framework/src/Illuminate/Foundation/Http/Kernel.php(175): Illuminate/Pipeline/Pipeline->then(Object(Closure))
#65 C:/PPL-SI4705-KelA/greennovate/SI4705-KELA-main/greennovate/vendor/laravel/framework/src/Illuminate/Foundation/Http/Kernel.php(144): Illuminate/Foundation/Http/Kernel->sendRequestThroughRouter(Object(Illuminate/Http/Request))
#66 C:/PPL-SI4705-KelA/greennovate/SI4705-KELA-main/greennovate/vendor/laravel/framework/src/Illuminate/Foundation/Application.php(1220): Illuminate/Foundation/Http/Kernel->handle(Object(Illuminate/Http/Request))
#67 C:/PPL-SI4705-KelA/greennovate/SI4705-KELA-main/greennovate/public/index.php(20): Illuminate/Foundation/Application->handleRequest(Object(Illuminate/Http/Request))
#68 C:/PPL-SI4705-KelA/greennovate/SI4705-KELA-main/greennovate/vendor/laravel/framework/src/Illuminate/Foundation/resources/server.php(23): require_once('C://PPL-SI4705-K...')
#69 {main}
"} 
[2026-05-18 16:12:06] local.ERROR: SQLSTATE[42P01]: Undefined table: 7 ERROR:  relation "sessions" does not exist
LINE 1: select * from "sessions" where "id" = $1 limit 1
                      ^ (Connection: pgsql, Host: ep-sweet-bonus-anb5fldu-pooler.c-6.us-east-1.aws.neon.tech, Port: 5432, Database: Greenovete, SQL: select * from "sessions" where "id" = FSzwU2LkVR0L8PZFHWwD0gvUHNWJWKXGFAuY1PPG limit 1) {"exception":"[object] (Illuminate\\Database\\QueryException(code: 42P01): SQLSTATE[42P01]: Undefined table: 7 ERROR:  relation \"sessions\" does not exist
LINE 1: select * from \"sessions\" where \"id\" = $1 limit 1
                      ^ (Connection: pgsql, Host: ep-sweet-bonus-anb5fldu-pooler.c-6.us-east-1.aws.neon.tech, Port: 5432, Database: Greenovete, SQL: select * from \"sessions\" where \"id\" = FSzwU2LkVR0L8PZFHWwD0gvUHNWJWKXGFAuY1PPG limit 1) at C:/PPL-SI4705-KelA/greennovate/SI4705-KELA-main/greennovate/vendor/laravel/framework/src/Illuminate/Database/Connection.php:838)
[stacktrace]
#0 C:/PPL-SI4705-KelA/greennovate/SI4705-KELA-main/greennovate/vendor/laravel/framework/src/Illuminate/Database/Connection.php(794): Illuminate/Database/Connection->runQueryCallback('select * from \"...', Array, Object(Closure))
#1 C:/PPL-SI4705-KelA/greennovate/SI4705-KELA-main/greennovate/vendor/laravel/framework/src/Illuminate/Database/Connection.php(411): Illuminate/Database/Connection->run('select * from \"...', Array, Object(Closure))
#2 C:/PPL-SI4705-KelA/greennovate/SI4705-KELA-main/greennovate/vendor/laravel/framework/src/Illuminate/Database/Query/Builder.php(3505): Illuminate/Database/Connection->select('select * from \"...', Array, false)
#3 C:/PPL-SI4705-KelA/greennovate/SI4705-KELA-main/greennovate/vendor/laravel/framework/src/Illuminate/Database/Query/Builder.php(3490): Illuminate/Database/Query/Builder->runSelect()
#4 C:/PPL-SI4705-KelA/greennovate/SI4705-KELA-main/greennovate/vendor/laravel/framework/src/Illuminate/Database/Query/Builder.php(4080): Illuminate/Database/Query/Builder->Illuminate/Database/Query/{closure}()
#5 C:/PPL-SI4705-KelA/greennovate/SI4705-KELA-main/greennovate/vendor/laravel/framework/src/Illuminate/Database/Query/Builder.php(3489): Illuminate/Database/Query/Builder->onceWithColumns(Array, Object(Closure))
#6 C:/PPL-SI4705-KelA/greennovate/SI4705-KELA-main/greennovate/vendor/laravel/framework/src/Illuminate/Database/Concerns/BuildsQueries.php(366): Illuminate/Database/Query/Builder->get(Array)
#7 C:/PPL-SI4705-KelA/greennovate/SI4705-KELA-main/greennovate/vendor/laravel/framework/src/Illuminate/Database/Query/Builder.php(3412): Illuminate/Database/Query/Builder->first(Array)
#8 C:/PPL-SI4705-KelA/greennovate/SI4705-KELA-main/greennovate/vendor/laravel/framework/src/Illuminate/Session/DatabaseSessionHandler.php(96): Illuminate/Database/Query/Builder->find('FSzwU2LkVR0L8PZ...')
#9 C:/PPL-SI4705-KelA/greennovate/SI4705-KELA-main/greennovate/vendor/laravel/framework/src/Illuminate/Session/Store.php(128): Illuminate/Session/DatabaseSessionHandler->read('FSzwU2LkVR0L8PZ...')
#10 C:/PPL-SI4705-KelA/greennovate/SI4705-KELA-main/greennovate/vendor/laravel/framework/src/Illuminate/Session/Store.php(116): Illuminate/Session/Store->readFromHandler()
#11 C:/PPL-SI4705-KelA/greennovate/SI4705-KELA-main/greennovate/vendor/laravel/framework/src/Illuminate/Session/Store.php(100): Illuminate/Session/Store->loadSession()
#12 C:/PPL-SI4705-KelA/greennovate/SI4705-KELA-main/greennovate/vendor/laravel/framework/src/Illuminate/Session/Middleware/StartSession.php(146): Illuminate/Session/Store->start()
#13 C:/PPL-SI4705-KelA/greennovate/SI4705-KELA-main/greennovate/vendor/laravel/framework/src/Illuminate/Support/helpers.php(393): Illuminate/Session/Middleware/StartSession->Illuminate/Session/Middleware/{closure}(Object(Illuminate/Session/Store))
#14 C:/PPL-SI4705-KelA/greennovate/SI4705-KELA-main/greennovate/vendor/laravel/framework/src/Illuminate/Session/Middleware/StartSession.php(143): tap(Object(Illuminate/Session/Store), Object(Closure))
#15 C:/PPL-SI4705-KelA/greennovate/SI4705-KELA-main/greennovate/vendor/laravel/framework/src/Illuminate/Session/Middleware/StartSession.php(115): Illuminate/Session/Middleware/StartSession->startSession(Object(Illuminate/Http/Request), Object(Illuminate/Session/Store))
#16 C:/PPL-SI4705-KelA/greennovate/SI4705-KELA-main/greennovate/vendor/laravel/framework/src/Illuminate/Session/Middleware/StartSession.php(63): Illuminate/Session/Middleware/StartSession->handleStatefulRequest(Object(Illuminate/Http/Request), Object(Illuminate/Session/Store), Object(Closure))
#17 C:/PPL-SI4705-KelA/greennovate/SI4705-KELA-main/greennovate/vendor/laravel/framework/src/Illuminate/Pipeline/Pipeline.php(219): Illuminate/Session/Middleware/StartSession->handle(Object(Illuminate/Http/Request), Object(Closure))
#18 C:/PPL-SI4705-KelA/greennovate/SI4705-KELA-main/greennovate/vendor/laravel/framework/src/Illuminate/Cookie/Middleware/AddQueuedCookiesToResponse.php(36): Illuminate/Pipeline/Pipeline->Illuminate/Pipeline/{closure}(Object(Illuminate/Http/Request))
#19 C:/PPL-SI4705-KelA/greennovate/SI4705-KELA-main/greennovate/vendor/laravel/framework/src/Illuminate/Pipeline/Pipeline.php(219): Illuminate/Cookie/Middleware/AddQueuedCookiesToResponse->handle(Object(Illuminate/Http/Request), Object(Closure))
#20 C:/PPL-SI4705-KelA/greennovate/SI4705-KELA-main/greennovate/vendor/laravel/framework/src/Illuminate/Cookie/Middleware/EncryptCookies.php(74): Illuminate/Pipeline/Pipeline->Illuminate/Pipeline/{closure}(Object(Illuminate/Http/Request))
#21 C:/PPL-SI4705-KelA/greennovate/SI4705-KELA-main/greennovate/vendor/laravel/framework/src/Illuminate/Pipeline/Pipeline.php(219): Illuminate/Cookie/Middleware/EncryptCookies->handle(Object(Illuminate/Http/Request), Object(Closure))
#22 C:/PPL-SI4705-KelA/greennovate/SI4705-KELA-main/greennovate/vendor/laravel/framework/src/Illuminate/Pipeline/Pipeline.php(137): Illuminate/Pipeline/Pipeline->Illuminate/Pipeline/{closure}(Object(Illuminate/Http/Request))
#23 C:/PPL-SI4705-KelA/greennovate/SI4705-KELA-main/greennovate/vendor/laravel/framework/src/Illuminate/Routing/Router.php(821): Illuminate/Pipeline/Pipeline->then(Object(Closure))
#24 C:/PPL-SI4705-KelA/greennovate/SI4705-KELA-main/greennovate/vendor/laravel/framework/src/Illuminate/Routing/Router.php(800): Illuminate/Routing/Router->runRouteWithinStack(Object(Illuminate/Routing/Route), Object(Illuminate/Http/Request))
#25 C:/PPL-SI4705-KelA/greennovate/SI4705-KELA-main/greennovate/vendor/laravel/framework/src/Illuminate/Routing/Router.php(764): Illuminate/Routing/Router->runRoute(Object(Illuminate/Http/Request), Object(Illuminate/Routing/Route))
#26 C:/PPL-SI4705-KelA/greennovate/SI4705-KELA-main/greennovate/vendor/laravel/framework/src/Illuminate/Routing/Router.php(753): Illuminate/Routing/Router->dispatchToRoute(Object(Illuminate/Http/Request))
#27 C:/PPL-SI4705-KelA/greennovate/SI4705-KELA-main/greennovate/vendor/laravel/framework/src/Illuminate/Foundation/Http/Kernel.php(200): Illuminate/Routing/Router->dispatch(Object(Illuminate/Http/Request))
#28 C:/PPL-SI4705-KelA/greennovate/SI4705-KELA-main/greennovate/vendor/laravel/framework/src/Illuminate/Pipeline/Pipeline.php(180): Illuminate/Foundation/Http/Kernel->Illuminate/Foundation/Http/{closure}(Object(Illuminate/Http/Request))
#29 C:/PPL-SI4705-KelA/greennovate/SI4705-KELA-main/greennovate/vendor/laravel/framework/src/Illuminate/Foundation/Http/Middleware/TransformsRequest.php(21): Illuminate/Pipeline/Pipeline->Illuminate/Pipeline/{closure}(Object(Illuminate/Http/Request))
#30 C:/PPL-SI4705-KelA/greennovate/SI4705-KELA-main/greennovate/vendor/laravel/framework/src/Illuminate/Foundation/Http/Middleware/ConvertEmptyStringsToNull.php(31): Illuminate/Foundation/Http/Middleware/TransformsRequest->handle(Object(Illuminate/Http/Request), Object(Closure))
#31 C:/PPL-SI4705-KelA/greennovate/SI4705-KELA-main/greennovate/vendor/laravel/framework/src/Illuminate/Pipeline/Pipeline.php(219): Illuminate/Foundation/Http/Middleware/ConvertEmptyStringsToNull->handle(Object(Illuminate/Http/Request), Object(Closure))
#32 C:/PPL-SI4705-KelA/greennovate/SI4705-KELA-main/greennovate/vendor/laravel/framework/src/Illuminate/Foundation/Http/Middleware/TransformsRequest.php(21): Illuminate/Pipeline/Pipeline->Illuminate/Pipeline/{closure}(Object(Illuminate/Http/Request))
#33 C:/PPL-SI4705-KelA/greennovate/SI4705-KELA-main/greennovate/vendor/laravel/framework/src/Illuminate/Foundation/Http/Middleware/TrimStrings.php(51): Illuminate/Foundation/Http/Middleware/TransformsRequest->handle(Object(Illuminate/Http/Request), Object(Closure))
#34 C:/PPL-SI4705-KelA/greennovate/SI4705-KELA-main/greennovate/vendor/laravel/framework/src/Illuminate/Pipeline/Pipeline.php(219): Illuminate/Foundation/Http/Middleware/TrimStrings->handle(Object(Illuminate/Http/Request), Object(Closure))
#35 C:/PPL-SI4705-KelA/greennovate/SI4705-KELA-main/greennovate/vendor/laravel/framework/src/Illuminate/Http/Middleware/ValidatePostSize.php(27): Illuminate/Pipeline/Pipeline->Illuminate/Pipeline/{closure}(Object(Illuminate/Http/Request))
#36 C:/PPL-SI4705-KelA/greennovate/SI4705-KELA-main/greennovate/vendor/laravel/framework/src/Illuminate/Pipeline/Pipeline.php(219): Illuminate/Http/Middleware/ValidatePostSize->handle(Object(Illuminate/Http/Request), Object(Closure))
#37 C:/PPL-SI4705-KelA/greennovate/SI4705-KELA-main/greennovate/vendor/laravel/framework/src/Illuminate/Foundation/Http/Middleware/PreventRequestsDuringMaintenance.php(109): Illuminate/Pipeline/Pipeline->Illuminate/Pipeline/{closure}(Object(Illuminate/Http/Request))
#38 C:/PPL-SI4705-KelA/greennovate/SI4705-KELA-main/greennovate/vendor/laravel/framework/src/Illuminate/Pipeline/Pipeline.php(219): Illuminate/Foundation/Http/Middleware/PreventRequestsDuringMaintenance->handle(Object(Illuminate/Http/Request), Object(Closure))
#39 C:/PPL-SI4705-KelA/greennovate/SI4705-KELA-main/greennovate/vendor/laravel/framework/src/Illuminate/Http/Middleware/HandleCors.php(61): Illuminate/Pipeline/Pipeline->Illuminate/Pipeline/{closure}(Object(Illuminate/Http/Request))
#40 C:/PPL-SI4705-KelA/greennovate/SI4705-KELA-main/greennovate/vendor/laravel/framework/src/Illuminate/Pipeline/Pipeline.php(219): Illuminate/Http/Middleware/HandleCors->handle(Object(Illuminate/Http/Request), Object(Closure))
#41 C:/PPL-SI4705-KelA/greennovate/SI4705-KELA-main/greennovate/vendor/laravel/framework/src/Illuminate/Http/Middleware/TrustProxies.php(58): Illuminate/Pipeline/Pipeline->Illuminate/Pipeline/{closure}(Object(Illuminate/Http/Request))
#42 C:/PPL-SI4705-KelA/greennovate/SI4705-KELA-main/greennovate/vendor/laravel/framework/src/Illuminate/Pipeline/Pipeline.php(219): Illuminate/Http/Middleware/TrustProxies->handle(Object(Illuminate/Http/Request), Object(Closure))
#43 C:/PPL-SI4705-KelA/greennovate/SI4705-KELA-main/greennovate/vendor/laravel/framework/src/Illuminate/Foundation/Http/Middleware/InvokeDeferredCallbacks.php(22): Illuminate/Pipeline/Pipeline->Illuminate/Pipeline/{closure}(Object(Illuminate/Http/Request))
#44 C:/PPL-SI4705-KelA/greennovate/SI4705-KELA-main/greennovate/vendor/laravel/framework/src/Illuminate/Pipeline/Pipeline.php(219): Illuminate/Foundation/Http/Middleware/InvokeDeferredCallbacks->handle(Object(Illuminate/Http/Request), Object(Closure))
#45 C:/PPL-SI4705-KelA/greennovate/SI4705-KELA-main/greennovate/vendor/laravel/framework/src/Illuminate/Http/Middleware/ValidatePathEncoding.php(26): Illuminate/Pipeline/Pipeline->Illuminate/Pipeline/{closure}(Object(Illuminate/Http/Request))
#46 C:/PPL-SI4705-KelA/greennovate/SI4705-KELA-main/greennovate/vendor/laravel/framework/src/Illuminate/Pipeline/Pipeline.php(219): Illuminate/Http/Middleware/ValidatePathEncoding->handle(Object(Illuminate/Http/Request), Object(Closure))
#47 C:/PPL-SI4705-KelA/greennovate/SI4705-KELA-main/greennovate/vendor/laravel/framework/src/Illuminate/Pipeline/Pipeline.php(137): Illuminate/Pipeline/Pipeline->Illuminate/Pipeline/{closure}(Object(Illuminate/Http/Request))
#48 C:/PPL-SI4705-KelA/greennovate/SI4705-KELA-main/greennovate/vendor/laravel/framework/src/Illuminate/Foundation/Http/Kernel.php(175): Illuminate/Pipeline/Pipeline->then(Object(Closure))
#49 C:/PPL-SI4705-KelA/greennovate/SI4705-KELA-main/greennovate/vendor/laravel/framework/src/Illuminate/Foundation/Http/Kernel.php(144): Illuminate/Foundation/Http/Kernel->sendRequestThroughRouter(Object(Illuminate/Http/Request))
#50 C:/PPL-SI4705-KelA/greennovate/SI4705-KELA-main/greennovate/vendor/laravel/framework/src/Illuminate/Foundation/Application.php(1220): Illuminate/Foundation/Http/Kernel->handle(Object(Illuminate/Http/Request))
#51 C:/PPL-SI4705-KelA/greennovate/SI4705-KELA-main/greennovate/public/index.php(20): Illuminate/Foundation/Application->handleRequest(Object(Illuminate/Http/Request))
#52 C:/PPL-SI4705-KelA/greennovate/SI4705-KELA-main/greennovate/vendor/laravel/framework/src/Illuminate/Foundation/resources/server.php(23): require_once('C://PPL-SI4705-K...')
#53 {main}

[previous exception] [object] (PDOException(code: 42P01): SQLSTATE[42P01]: Undefined table: 7 ERROR:  relation \"sessions\" does not exist
LINE 1: select * from \"sessions\" where \"id\" = $1 limit 1
                      ^ at C:/PPL-SI4705-KelA/greennovate/SI4705-KELA-main/greennovate/vendor/laravel/framework/src/Illuminate/Database/Connection.php:425)
[stacktrace]
#0 C:/PPL-SI4705-KelA/greennovate/SI4705-KELA-main/greennovate/vendor/laravel/framework/src/Illuminate/Database/Connection.php(425): PDOStatement->execute()
#1 C:/PPL-SI4705-KelA/greennovate/SI4705-KELA-main/greennovate/vendor/laravel/framework/src/Illuminate/Database/Connection.php(827): Illuminate/Database/Connection->Illuminate/Database/{closure}('select * from \"...', Array)
#2 C:/PPL-SI4705-KelA/greennovate/SI4705-KELA-main/greennovate/vendor/laravel/framework/src/Illuminate/Database/Connection.php(794): Illuminate/Database/Connection->runQueryCallback('select * from \"...', Array, Object(Closure))
#3 C:/PPL-SI4705-KelA/greennovate/SI4705-KELA-main/greennovate/vendor/laravel/framework/src/Illuminate/Database/Connection.php(411): Illuminate/Database/Connection->run('select * from \"...', Array, Object(Closure))
#4 C:/PPL-SI4705-KelA/greennovate/SI4705-KELA-main/greennovate/vendor/laravel/framework/src/Illuminate/Database/Query/Builder.php(3505): Illuminate/Database/Connection->select('select * from \"...', Array, false)
#5 C:/PPL-SI4705-KelA/greennovate/SI4705-KELA-main/greennovate/vendor/laravel/framework/src/Illuminate/Database/Query/Builder.php(3490): Illuminate/Database/Query/Builder->runSelect()
#6 C:/PPL-SI4705-KelA/greennovate/SI4705-KELA-main/greennovate/vendor/laravel/framework/src/Illuminate/Database/Query/Builder.php(4080): Illuminate/Database/Query/Builder->Illuminate/Database/Query/{closure}()
#7 C:/PPL-SI4705-KelA/greennovate/SI4705-KELA-main/greennovate/vendor/laravel/framework/src/Illuminate/Database/Query/Builder.php(3489): Illuminate/Database/Query/Builder->onceWithColumns(Array, Object(Closure))
#8 C:/PPL-SI4705-KelA/greennovate/SI4705-KELA-main/greennovate/vendor/laravel/framework/src/Illuminate/Database/Concerns/BuildsQueries.php(366): Illuminate/Database/Query/Builder->get(Array)
#9 C:/PPL-SI4705-KelA/greennovate/SI4705-KELA-main/greennovate/vendor/laravel/framework/src/Illuminate/Database/Query/Builder.php(3412): Illuminate/Database/Query/Builder->first(Array)
#10 C:/PPL-SI4705-KelA/greennovate/SI4705-KELA-main/greennovate/vendor/laravel/framework/src/Illuminate/Session/DatabaseSessionHandler.php(96): Illuminate/Database/Query/Builder->find('FSzwU2LkVR0L8PZ...')
#11 C:/PPL-SI4705-KelA/greennovate/SI4705-KELA-main/greennovate/vendor/laravel/framework/src/Illuminate/Session/Store.php(128): Illuminate/Session/DatabaseSessionHandler->read('FSzwU2LkVR0L8PZ...')
#12 C:/PPL-SI4705-KelA/greennovate/SI4705-KELA-main/greennovate/vendor/laravel/framework/src/Illuminate/Session/Store.php(116): Illuminate/Session/Store->readFromHandler()
#13 C:/PPL-SI4705-KelA/greennovate/SI4705-KELA-main/greennovate/vendor/laravel/framework/src/Illuminate/Session/Store.php(100): Illuminate/Session/Store->loadSession()
#14 C:/PPL-SI4705-KelA/greennovate/SI4705-KELA-main/greennovate/vendor/laravel/framework/src/Illuminate/Session/Middleware/StartSession.php(146): Illuminate/Session/Store->start()
#15 C:/PPL-SI4705-KelA/greennovate/SI4705-KELA-main/greennovate/vendor/laravel/framework/src/Illuminate/Support/helpers.php(393): Illuminate/Session/Middleware/StartSession->Illuminate/Session/Middleware/{closure}(Object(Illuminate/Session/Store))
#16 C:/PPL-SI4705-KelA/greennovate/SI4705-KELA-main/greennovate/vendor/laravel/framework/src/Illuminate/Session/Middleware/StartSession.php(143): tap(Object(Illuminate/Session/Store), Object(Closure))
#17 C:/PPL-SI4705-KelA/greennovate/SI4705-KELA-main/greennovate/vendor/laravel/framework/src/Illuminate/Session/Middleware/StartSession.php(115): Illuminate/Session/Middleware/StartSession->startSession(Object(Illuminate/Http/Request), Object(Illuminate/Session/Store))
#18 C:/PPL-SI4705-KelA/greennovate/SI4705-KELA-main/greennovate/vendor/laravel/framework/src/Illuminate/Session/Middleware/StartSession.php(63): Illuminate/Session/Middleware/StartSession->handleStatefulRequest(Object(Illuminate/Http/Request), Object(Illuminate/Session/Store), Object(Closure))
#19 C:/PPL-SI4705-KelA/greennovate/SI4705-KELA-main/greennovate/vendor/laravel/framework/src/Illuminate/Pipeline/Pipeline.php(219): Illuminate/Session/Middleware/StartSession->handle(Object(Illuminate/Http/Request), Object(Closure))
#20 C:/PPL-SI4705-KelA/greennovate/SI4705-KELA-main/greennovate/vendor/laravel/framework/src/Illuminate/Cookie/Middleware/AddQueuedCookiesToResponse.php(36): Illuminate/Pipeline/Pipeline->Illuminate/Pipeline/{closure}(Object(Illuminate/Http/Request))
#21 C:/PPL-SI4705-KelA/greennovate/SI4705-KELA-main/greennovate/vendor/laravel/framework/src/Illuminate/Pipeline/Pipeline.php(219): Illuminate/Cookie/Middleware/AddQueuedCookiesToResponse->handle(Object(Illuminate/Http/Request), Object(Closure))
#22 C:/PPL-SI4705-KelA/greennovate/SI4705-KELA-main/greennovate/vendor/laravel/framework/src/Illuminate/Cookie/Middleware/EncryptCookies.php(74): Illuminate/Pipeline/Pipeline->Illuminate/Pipeline/{closure}(Object(Illuminate/Http/Request))
#23 C:/PPL-SI4705-KelA/greennovate/SI4705-KELA-main/greennovate/vendor/laravel/framework/src/Illuminate/Pipeline/Pipeline.php(219): Illuminate/Cookie/Middleware/EncryptCookies->handle(Object(Illuminate/Http/Request), Object(Closure))
#24 C:/PPL-SI4705-KelA/greennovate/SI4705-KELA-main/greennovate/vendor/laravel/framework/src/Illuminate/Pipeline/Pipeline.php(137): Illuminate/Pipeline/Pipeline->Illuminate/Pipeline/{closure}(Object(Illuminate/Http/Request))
#25 C:/PPL-SI4705-KelA/greennovate/SI4705-KELA-main/greennovate/vendor/laravel/framework/src/Illuminate/Routing/Router.php(821): Illuminate/Pipeline/Pipeline->then(Object(Closure))
#26 C:/PPL-SI4705-KelA/greennovate/SI4705-KELA-main/greennovate/vendor/laravel/framework/src/Illuminate/Routing/Router.php(800): Illuminate/Routing/Router->runRouteWithinStack(Object(Illuminate/Routing/Route), Object(Illuminate/Http/Request))
#27 C:/PPL-SI4705-KelA/greennovate/SI4705-KELA-main/greennovate/vendor/laravel/framework/src/Illuminate/Routing/Router.php(764): Illuminate/Routing/Router->runRoute(Object(Illuminate/Http/Request), Object(Illuminate/Routing/Route))
#28 C:/PPL-SI4705-KelA/greennovate/SI4705-KELA-main/greennovate/vendor/laravel/framework/src/Illuminate/Routing/Router.php(753): Illuminate/Routing/Router->dispatchToRoute(Object(Illuminate/Http/Request))
#29 C:/PPL-SI4705-KelA/greennovate/SI4705-KELA-main/greennovate/vendor/laravel/framework/src/Illuminate/Foundation/Http/Kernel.php(200): Illuminate/Routing/Router->dispatch(Object(Illuminate/Http/Request))
#30 C:/PPL-SI4705-KelA/greennovate/SI4705-KELA-main/greennovate/vendor/laravel/framework/src/Illuminate/Pipeline/Pipeline.php(180): Illuminate/Foundation/Http/Kernel->Illuminate/Foundation/Http/{closure}(Object(Illuminate/Http/Request))
#31 C:/PPL-SI4705-KelA/greennovate/SI4705-KELA-main/greennovate/vendor/laravel/framework/src/Illuminate/Foundation/Http/Middleware/TransformsRequest.php(21): Illuminate/Pipeline/Pipeline->Illuminate/Pipeline/{closure}(Object(Illuminate/Http/Request))
#32 C:/PPL-SI4705-KelA/greennovate/SI4705-KELA-main/greennovate/vendor/laravel/framework/src/Illuminate/Foundation/Http/Middleware/ConvertEmptyStringsToNull.php(31): Illuminate/Foundation/Http/Middleware/TransformsRequest->handle(Object(Illuminate/Http/Request), Object(Closure))
#33 C:/PPL-SI4705-KelA/greennovate/SI4705-KELA-main/greennovate/vendor/laravel/framework/src/Illuminate/Pipeline/Pipeline.php(219): Illuminate/Foundation/Http/Middleware/ConvertEmptyStringsToNull->handle(Object(Illuminate/Http/Request), Object(Closure))
#34 C:/PPL-SI4705-KelA/greennovate/SI4705-KELA-main/greennovate/vendor/laravel/framework/src/Illuminate/Foundation/Http/Middleware/TransformsRequest.php(21): Illuminate/Pipeline/Pipeline->Illuminate/Pipeline/{closure}(Object(Illuminate/Http/Request))
#35 C:/PPL-SI4705-KelA/greennovate/SI4705-KELA-main/greennovate/vendor/laravel/framework/src/Illuminate/Foundation/Http/Middleware/TrimStrings.php(51): Illuminate/Foundation/Http/Middleware/TransformsRequest->handle(Object(Illuminate/Http/Request), Object(Closure))
#36 C:/PPL-SI4705-KelA/greennovate/SI4705-KELA-main/greennovate/vendor/laravel/framework/src/Illuminate/Pipeline/Pipeline.php(219): Illuminate/Foundation/Http/Middleware/TrimStrings->handle(Object(Illuminate/Http/Request), Object(Closure))
#37 C:/PPL-SI4705-KelA/greennovate/SI4705-KELA-main/greennovate/vendor/laravel/framework/src/Illuminate/Http/Middleware/ValidatePostSize.php(27): Illuminate/Pipeline/Pipeline->Illuminate/Pipeline/{closure}(Object(Illuminate/Http/Request))
#38 C:/PPL-SI4705-KelA/greennovate/SI4705-KELA-main/greennovate/vendor/laravel/framework/src/Illuminate/Pipeline/Pipeline.php(219): Illuminate/Http/Middleware/ValidatePostSize->handle(Object(Illuminate/Http/Request), Object(Closure))
#39 C:/PPL-SI4705-KelA/greennovate/SI4705-KELA-main/greennovate/vendor/laravel/framework/src/Illuminate/Foundation/Http/Middleware/PreventRequestsDuringMaintenance.php(109): Illuminate/Pipeline/Pipeline->Illuminate/Pipeline/{closure}(Object(Illuminate/Http/Request))
#40 C:/PPL-SI4705-KelA/greennovate/SI4705-KELA-main/greennovate/vendor/laravel/framework/src/Illuminate/Pipeline/Pipeline.php(219): Illuminate/Foundation/Http/Middleware/PreventRequestsDuringMaintenance->handle(Object(Illuminate/Http/Request), Object(Closure))
#41 C:/PPL-SI4705-KelA/greennovate/SI4705-KELA-main/greennovate/vendor/laravel/framework/src/Illuminate/Http/Middleware/HandleCors.php(61): Illuminate/Pipeline/Pipeline->Illuminate/Pipeline/{closure}(Object(Illuminate/Http/Request))
#42 C:/PPL-SI4705-KelA/greennovate/SI4705-KELA-main/greennovate/vendor/laravel/framework/src/Illuminate/Pipeline/Pipeline.php(219): Illuminate/Http/Middleware/HandleCors->handle(Object(Illuminate/Http/Request), Object(Closure))
#43 C:/PPL-SI4705-KelA/greennovate/SI4705-KELA-main/greennovate/vendor/laravel/framework/src/Illuminate/Http/Middleware/TrustProxies.php(58): Illuminate/Pipeline/Pipeline->Illuminate/Pipeline/{closure}(Object(Illuminate/Http/Request))
#44 C:/PPL-SI4705-KelA/greennovate/SI4705-KELA-main/greennovate/vendor/laravel/framework/src/Illuminate/Pipeline/Pipeline.php(219): Illuminate/Http/Middleware/TrustProxies->handle(Object(Illuminate/Http/Request), Object(Closure))
#45 C:/PPL-SI4705-KelA/greennovate/SI4705-KELA-main/greennovate/vendor/laravel/framework/src/Illuminate/Foundation/Http/Middleware/InvokeDeferredCallbacks.php(22): Illuminate/Pipeline/Pipeline->Illuminate/Pipeline/{closure}(Object(Illuminate/Http/Request))
#46 C:/PPL-SI4705-KelA/greennovate/SI4705-KELA-main/greennovate/vendor/laravel/framework/src/Illuminate/Pipeline/Pipeline.php(219): Illuminate/Foundation/Http/Middleware/InvokeDeferredCallbacks->handle(Object(Illuminate/Http/Request), Object(Closure))
#47 C:/PPL-SI4705-KelA/greennovate/SI4705-KELA-main/greennovate/vendor/laravel/framework/src/Illuminate/Http/Middleware/ValidatePathEncoding.php(26): Illuminate/Pipeline/Pipeline->Illuminate/Pipeline/{closure}(Object(Illuminate/Http/Request))
#48 C:/PPL-SI4705-KelA/greennovate/SI4705-KELA-main/greennovate/vendor/laravel/framework/src/Illuminate/Pipeline/Pipeline.php(219): Illuminate/Http/Middleware/ValidatePathEncoding->handle(Object(Illuminate/Http/Request), Object(Closure))
#49 C:/PPL-SI4705-KelA/greennovate/SI4705-KELA-main/greennovate/vendor/laravel/framework/src/Illuminate/Pipeline/Pipeline.php(137): Illuminate/Pipeline/Pipeline->Illuminate/Pipeline/{closure}(Object(Illuminate/Http/Request))
#50 C:/PPL-SI4705-KelA/greennovate/SI4705-KELA-main/greennovate/vendor/laravel/framework/src/Illuminate/Foundation/Http/Kernel.php(175): Illuminate/Pipeline/Pipeline->then(Object(Closure))
#51 C:/PPL-SI4705-KelA/greennovate/SI4705-KELA-main/greennovate/vendor/laravel/framework/src/Illuminate/Foundation/Http/Kernel.php(144): Illuminate/Foundation/Http/Kernel->sendRequestThroughRouter(Object(Illuminate/Http/Request))
#52 C:/PPL-SI4705-KelA/greennovate/SI4705-KELA-main/greennovate/vendor/laravel/framework/src/Illuminate/Foundation/Application.php(1220): Illuminate/Foundation/Http/Kernel->handle(Object(Illuminate/Http/Request))
#53 C:/PPL-SI4705-KelA/greennovate/SI4705-KELA-main/greennovate/public/index.php(20): Illuminate/Foundation/Application->handleRequest(Object(Illuminate/Http/Request))
#54 C:/PPL-SI4705-KelA/greennovate/SI4705-KELA-main/greennovate/vendor/laravel/framework/src/Illuminate/Foundation/resources/server.php(23): require_once('C://PPL-SI4705-K...')
#55 {main}
"} 
[2026-05-18 16:14:59] local.ERROR: SQLSTATE[42P01]: Undefined table: 7 ERROR:  relation "sessions" does not exist
LINE 1: select * from "sessions" where "id" = $1 limit 1
                      ^ (Connection: pgsql, Host: ep-sweet-bonus-anb5fldu-pooler.c-6.us-east-1.aws.neon.tech, Port: 5432, Database: Greenovete, SQL: select * from "sessions" where "id" = ygnjCjA0D99RIf25r9ej3YbCMRo0lkxZBbokJgai limit 1) {"exception":"[object] (Illuminate\\Database\\QueryException(code: 42P01): SQLSTATE[42P01]: Undefined table: 7 ERROR:  relation \"sessions\" does not exist
LINE 1: select * from \"sessions\" where \"id\" = $1 limit 1
                      ^ (Connection: pgsql, Host: ep-sweet-bonus-anb5fldu-pooler.c-6.us-east-1.aws.neon.tech, Port: 5432, Database: Greenovete, SQL: select * from \"sessions\" where \"id\" = ygnjCjA0D99RIf25r9ej3YbCMRo0lkxZBbokJgai limit 1) at C:/PPL-SI4705-KelA/greennovate/SI4705-KELA-main/greennovate/vendor/laravel/framework/src/Illuminate/Database/Connection.php:838)
[stacktrace]
#0 C:/PPL-SI4705-KelA/greennovate/SI4705-KELA-main/greennovate/vendor/laravel/framework/src/Illuminate/Database/Connection.php(794): Illuminate/Database/Connection->runQueryCallback('select * from \"...', Array, Object(Closure))
#1 C:/PPL-SI4705-KelA/greennovate/SI4705-KELA-main/greennovate/vendor/laravel/framework/src/Illuminate/Database/Connection.php(411): Illuminate/Database/Connection->run('select * from \"...', Array, Object(Closure))
#2 C:/PPL-SI4705-KelA/greennovate/SI4705-KELA-main/greennovate/vendor/laravel/framework/src/Illuminate/Database/Query/Builder.php(3505): Illuminate/Database/Connection->select('select * from \"...', Array, false)
#3 C:/PPL-SI4705-KelA/greennovate/SI4705-KELA-main/greennovate/vendor/laravel/framework/src/Illuminate/Database/Query/Builder.php(3490): Illuminate/Database/Query/Builder->runSelect()
#4 C:/PPL-SI4705-KelA/greennovate/SI4705-KELA-main/greennovate/vendor/laravel/framework/src/Illuminate/Database/Query/Builder.php(4080): Illuminate/Database/Query/Builder->Illuminate/Database/Query/{closure}()
#5 C:/PPL-SI4705-KelA/greennovate/SI4705-KELA-main/greennovate/vendor/laravel/framework/src/Illuminate/Database/Query/Builder.php(3489): Illuminate/Database/Query/Builder->onceWithColumns(Array, Object(Closure))
#6 C:/PPL-SI4705-KelA/greennovate/SI4705-KELA-main/greennovate/vendor/laravel/framework/src/Illuminate/Database/Concerns/BuildsQueries.php(366): Illuminate/Database/Query/Builder->get(Array)
#7 C:/PPL-SI4705-KelA/greennovate/SI4705-KELA-main/greennovate/vendor/laravel/framework/src/Illuminate/Database/Query/Builder.php(3412): Illuminate/Database/Query/Builder->first(Array)
#8 C:/PPL-SI4705-KelA/greennovate/SI4705-KELA-main/greennovate/vendor/laravel/framework/src/Illuminate/Session/DatabaseSessionHandler.php(96): Illuminate/Database/Query/Builder->find('ygnjCjA0D99RIf2...')
#9 C:/PPL-SI4705-KelA/greennovate/SI4705-KELA-main/greennovate/vendor/laravel/framework/src/Illuminate/Session/Store.php(128): Illuminate/Session/DatabaseSessionHandler->read('ygnjCjA0D99RIf2...')
#10 C:/PPL-SI4705-KelA/greennovate/SI4705-KELA-main/greennovate/vendor/laravel/framework/src/Illuminate/Session/Store.php(116): Illuminate/Session/Store->readFromHandler()
#11 C:/PPL-SI4705-KelA/greennovate/SI4705-KELA-main/greennovate/vendor/laravel/framework/src/Illuminate/Session/Store.php(100): Illuminate/Session/Store->loadSession()
#12 C:/PPL-SI4705-KelA/greennovate/SI4705-KELA-main/greennovate/vendor/laravel/framework/src/Illuminate/Session/Middleware/StartSession.php(146): Illuminate/Session/Store->start()
#13 C:/PPL-SI4705-KelA/greennovate/SI4705-KELA-main/greennovate/vendor/laravel/framework/src/Illuminate/Support/helpers.php(393): Illuminate/Session/Middleware/StartSession->Illuminate/Session/Middleware/{closure}(Object(Illuminate/Session/Store))
#14 C:/PPL-SI4705-KelA/greennovate/SI4705-KELA-main/greennovate/vendor/laravel/framework/src/Illuminate/Session/Middleware/StartSession.php(143): tap(Object(Illuminate/Session/Store), Object(Closure))
#15 C:/PPL-SI4705-KelA/greennovate/SI4705-KELA-main/greennovate/vendor/laravel/framework/src/Illuminate/Session/Middleware/StartSession.php(115): Illuminate/Session/Middleware/StartSession->startSession(Object(Illuminate/Http/Request), Object(Illuminate/Session/Store))
#16 C:/PPL-SI4705-KelA/greennovate/SI4705-KELA-main/greennovate/vendor/laravel/framework/src/Illuminate/Session/Middleware/StartSession.php(63): Illuminate/Session/Middleware/StartSession->handleStatefulRequest(Object(Illuminate/Http/Request), Object(Illuminate/Session/Store), Object(Closure))
#17 C:/PPL-SI4705-KelA/greennovate/SI4705-KELA-main/greennovate/vendor/laravel/framework/src/Illuminate/Pipeline/Pipeline.php(219): Illuminate/Session/Middleware/StartSession->handle(Object(Illuminate/Http/Request), Object(Closure))
#18 C:/PPL-SI4705-KelA/greennovate/SI4705-KELA-main/greennovate/vendor/laravel/framework/src/Illuminate/Cookie/Middleware/AddQueuedCookiesToResponse.php(36): Illuminate/Pipeline/Pipeline->Illuminate/Pipeline/{closure}(Object(Illuminate/Http/Request))
#19 C:/PPL-SI4705-KelA/greennovate/SI4705-KELA-main/greennovate/vendor/laravel/framework/src/Illuminate/Pipeline/Pipeline.php(219): Illuminate/Cookie/Middleware/AddQueuedCookiesToResponse->handle(Object(Illuminate/Http/Request), Object(Closure))
#20 C:/PPL-SI4705-KelA/greennovate/SI4705-KELA-main/greennovate/vendor/laravel/framework/src/Illuminate/Cookie/Middleware/EncryptCookies.php(74): Illuminate/Pipeline/Pipeline->Illuminate/Pipeline/{closure}(Object(Illuminate/Http/Request))
#21 C:/PPL-SI4705-KelA/greennovate/SI4705-KELA-main/greennovate/vendor/laravel/framework/src/Illuminate/Pipeline/Pipeline.php(219): Illuminate/Cookie/Middleware/EncryptCookies->handle(Object(Illuminate/Http/Request), Object(Closure))
#22 C:/PPL-SI4705-KelA/greennovate/SI4705-KELA-main/greennovate/vendor/laravel/framework/src/Illuminate/Pipeline/Pipeline.php(137): Illuminate/Pipeline/Pipeline->Illuminate/Pipeline/{closure}(Object(Illuminate/Http/Request))
#23 C:/PPL-SI4705-KelA/greennovate/SI4705-KELA-main/greennovate/vendor/laravel/framework/src/Illuminate/Routing/Router.php(821): Illuminate/Pipeline/Pipeline->then(Object(Closure))
#24 C:/PPL-SI4705-KelA/greennovate/SI4705-KELA-main/greennovate/vendor/laravel/framework/src/Illuminate/Routing/Router.php(800): Illuminate/Routing/Router->runRouteWithinStack(Object(Illuminate/Routing/Route), Object(Illuminate/Http/Request))
#25 C:/PPL-SI4705-KelA/greennovate/SI4705-KELA-main/greennovate/vendor/laravel/framework/src/Illuminate/Routing/Router.php(764): Illuminate/Routing/Router->runRoute(Object(Illuminate/Http/Request), Object(Illuminate/Routing/Route))
#26 C:/PPL-SI4705-KelA/greennovate/SI4705-KELA-main/greennovate/vendor/laravel/framework/src/Illuminate/Routing/Router.php(753): Illuminate/Routing/Router->dispatchToRoute(Object(Illuminate/Http/Request))
#27 C:/PPL-SI4705-KelA/greennovate/SI4705-KELA-main/greennovate/vendor/laravel/framework/src/Illuminate/Foundation/Http/Kernel.php(200): Illuminate/Routing/Router->dispatch(Object(Illuminate/Http/Request))
#28 C:/PPL-SI4705-KelA/greennovate/SI4705-KELA-main/greennovate/vendor/laravel/framework/src/Illuminate/Pipeline/Pipeline.php(180): Illuminate/Foundation/Http/Kernel->Illuminate/Foundation/Http/{closure}(Object(Illuminate/Http/Request))
#29 C:/PPL-SI4705-KelA/greennovate/SI4705-KELA-main/greennovate/vendor/laravel/framework/src/Illuminate/Foundation/Http/Middleware/TransformsRequest.php(21): Illuminate/Pipeline/Pipeline->Illuminate/Pipeline/{closure}(Object(Illuminate/Http/Request))
#30 C:/PPL-SI4705-KelA/greennovate/SI4705-KELA-main/greennovate/vendor/laravel/framework/src/Illuminate/Foundation/Http/Middleware/ConvertEmptyStringsToNull.php(31): Illuminate/Foundation/Http/Middleware/TransformsRequest->handle(Object(Illuminate/Http/Request), Object(Closure))
#31 C:/PPL-SI4705-KelA/greennovate/SI4705-KELA-main/greennovate/vendor/laravel/framework/src/Illuminate/Pipeline/Pipeline.php(219): Illuminate/Foundation/Http/Middleware/ConvertEmptyStringsToNull->handle(Object(Illuminate/Http/Request), Object(Closure))
#32 C:/PPL-SI4705-KelA/greennovate/SI4705-KELA-main/greennovate/vendor/laravel/framework/src/Illuminate/Foundation/Http/Middleware/TransformsRequest.php(21): Illuminate/Pipeline/Pipeline->Illuminate/Pipeline/{closure}(Object(Illuminate/Http/Request))
#33 C:/PPL-SI4705-KelA/greennovate/SI4705-KELA-main/greennovate/vendor/laravel/framework/src/Illuminate/Foundation/Http/Middleware/TrimStrings.php(51): Illuminate/Foundation/Http/Middleware/TransformsRequest->handle(Object(Illuminate/Http/Request), Object(Closure))
#34 C:/PPL-SI4705-KelA/greennovate/SI4705-KELA-main/greennovate/vendor/laravel/framework/src/Illuminate/Pipeline/Pipeline.php(219): Illuminate/Foundation/Http/Middleware/TrimStrings->handle(Object(Illuminate/Http/Request), Object(Closure))
#35 C:/PPL-SI4705-KelA/greennovate/SI4705-KELA-main/greennovate/vendor/laravel/framework/src/Illuminate/Http/Middleware/ValidatePostSize.php(27): Illuminate/Pipeline/Pipeline->Illuminate/Pipeline/{closure}(Object(Illuminate/Http/Request))
#36 C:/PPL-SI4705-KelA/greennovate/SI4705-KELA-main/greennovate/vendor/laravel/framework/src/Illuminate/Pipeline/Pipeline.php(219): Illuminate/Http/Middleware/ValidatePostSize->handle(Object(Illuminate/Http/Request), Object(Closure))
#37 C:/PPL-SI4705-KelA/greennovate/SI4705-KELA-main/greennovate/vendor/laravel/framework/src/Illuminate/Foundation/Http/Middleware/PreventRequestsDuringMaintenance.php(109): Illuminate/Pipeline/Pipeline->Illuminate/Pipeline/{closure}(Object(Illuminate/Http/Request))
#38 C:/PPL-SI4705-KelA/greennovate/SI4705-KELA-main/greennovate/vendor/laravel/framework/src/Illuminate/Pipeline/Pipeline.php(219): Illuminate/Foundation/Http/Middleware/PreventRequestsDuringMaintenance->handle(Object(Illuminate/Http/Request), Object(Closure))
#39 C:/PPL-SI4705-KelA/greennovate/SI4705-KELA-main/greennovate/vendor/laravel/framework/src/Illuminate/Http/Middleware/HandleCors.php(61): Illuminate/Pipeline/Pipeline->Illuminate/Pipeline/{closure}(Object(Illuminate/Http/Request))
#40 C:/PPL-SI4705-KelA/greennovate/SI4705-KELA-main/greennovate/vendor/laravel/framework/src/Illuminate/Pipeline/Pipeline.php(219): Illuminate/Http/Middleware/HandleCors->handle(Object(Illuminate/Http/Request), Object(Closure))
#41 C:/PPL-SI4705-KelA/greennovate/SI4705-KELA-main/greennovate/vendor/laravel/framework/src/Illuminate/Http/Middleware/TrustProxies.php(58): Illuminate/Pipeline/Pipeline->Illuminate/Pipeline/{closure}(Object(Illuminate/Http/Request))
#42 C:/PPL-SI4705-KelA/greennovate/SI4705-KELA-main/greennovate/vendor/laravel/framework/src/Illuminate/Pipeline/Pipeline.php(219): Illuminate/Http/Middleware/TrustProxies->handle(Object(Illuminate/Http/Request), Object(Closure))
#43 C:/PPL-SI4705-KelA/greennovate/SI4705-KELA-main/greennovate/vendor/laravel/framework/src/Illuminate/Foundation/Http/Middleware/InvokeDeferredCallbacks.php(22): Illuminate/Pipeline/Pipeline->Illuminate/Pipeline/{closure}(Object(Illuminate/Http/Request))
#44 C:/PPL-SI4705-KelA/greennovate/SI4705-KELA-main/greennovate/vendor/laravel/framework/src/Illuminate/Pipeline/Pipeline.php(219): Illuminate/Foundation/Http/Middleware/InvokeDeferredCallbacks->handle(Object(Illuminate/Http/Request), Object(Closure))
#45 C:/PPL-SI4705-KelA/greennovate/SI4705-KELA-main/greennovate/vendor/laravel/framework/src/Illuminate/Http/Middleware/ValidatePathEncoding.php(26): Illuminate/Pipeline/Pipeline->Illuminate/Pipeline/{closure}(Object(Illuminate/Http/Request))
#46 C:/PPL-SI4705-KelA/greennovate/SI4705-KELA-main/greennovate/vendor/laravel/framework/src/Illuminate/Pipeline/Pipeline.php(219): Illuminate/Http/Middleware/ValidatePathEncoding->handle(Object(Illuminate/Http/Request), Object(Closure))
#47 C:/PPL-SI4705-KelA/greennovate/SI4705-KELA-main/greennovate/vendor/laravel/framework/src/Illuminate/Pipeline/Pipeline.php(137): Illuminate/Pipeline/Pipeline->Illuminate/Pipeline/{closure}(Object(Illuminate/Http/Request))
#48 C:/PPL-SI4705-KelA/greennovate/SI4705-KELA-main/greennovate/vendor/laravel/framework/src/Illuminate/Foundation/Http/Kernel.php(175): Illuminate/Pipeline/Pipeline->then(Object(Closure))
#49 C:/PPL-SI4705-KelA/greennovate/SI4705-KELA-main/greennovate/vendor/laravel/framework/src/Illuminate/Foundation/Http/Kernel.php(144): Illuminate/Foundation/Http/Kernel->sendRequestThroughRouter(Object(Illuminate/Http/Request))
#50 C:/PPL-SI4705-KelA/greennovate/SI4705-KELA-main/greennovate/vendor/laravel/framework/src/Illuminate/Foundation/Application.php(1220): Illuminate/Foundation/Http/Kernel->handle(Object(Illuminate/Http/Request))
#51 C:/PPL-SI4705-KelA/greennovate/SI4705-KELA-main/greennovate/public/index.php(20): Illuminate/Foundation/Application->handleRequest(Object(Illuminate/Http/Request))
#52 C:/PPL-SI4705-KelA/greennovate/SI4705-KELA-main/greennovate/vendor/laravel/framework/src/Illuminate/Foundation/resources/server.php(23): require_once('C://PPL-SI4705-K...')
#53 {main}

[previous exception] [object] (PDOException(code: 42P01): SQLSTATE[42P01]: Undefined table: 7 ERROR:  relation \"sessions\" does not exist
LINE 1: select * from \"sessions\" where \"id\" = $1 limit 1
                      ^ at C:/PPL-SI4705-KelA/greennovate/SI4705-KELA-main/greennovate/vendor/laravel/framework/src/Illuminate/Database/Connection.php:425)
[stacktrace]
#0 C:/PPL-SI4705-KelA/greennovate/SI4705-KELA-main/greennovate/vendor/laravel/framework/src/Illuminate/Database/Connection.php(425): PDOStatement->execute()
#1 C:/PPL-SI4705-KelA/greennovate/SI4705-KELA-main/greennovate/vendor/laravel/framework/src/Illuminate/Database/Connection.php(827): Illuminate/Database/Connection->Illuminate/Database/{closure}('select * from \"...', Array)
#2 C:/PPL-SI4705-KelA/greennovate/SI4705-KELA-main/greennovate/vendor/laravel/framework/src/Illuminate/Database/Connection.php(794): Illuminate/Database/Connection->runQueryCallback('select * from \"...', Array, Object(Closure))
#3 C:/PPL-SI4705-KelA/greennovate/SI4705-KELA-main/greennovate/vendor/laravel/framework/src/Illuminate/Database/Connection.php(411): Illuminate/Database/Connection->run('select * from \"...', Array, Object(Closure))
#4 C:/PPL-SI4705-KelA/greennovate/SI4705-KELA-main/greennovate/vendor/laravel/framework/src/Illuminate/Database/Query/Builder.php(3505): Illuminate/Database/Connection->select('select * from \"...', Array, false)
#5 C:/PPL-SI4705-KelA/greennovate/SI4705-KELA-main/greennovate/vendor/laravel/framework/src/Illuminate/Database/Query/Builder.php(3490): Illuminate/Database/Query/Builder->runSelect()
#6 C:/PPL-SI4705-KelA/greennovate/SI4705-KELA-main/greennovate/vendor/laravel/framework/src/Illuminate/Database/Query/Builder.php(4080): Illuminate/Database/Query/Builder->Illuminate/Database/Query/{closure}()
#7 C:/PPL-SI4705-KelA/greennovate/SI4705-KELA-main/greennovate/vendor/laravel/framework/src/Illuminate/Database/Query/Builder.php(3489): Illuminate/Database/Query/Builder->onceWithColumns(Array, Object(Closure))
#8 C:/PPL-SI4705-KelA/greennovate/SI4705-KELA-main/greennovate/vendor/laravel/framework/src/Illuminate/Database/Concerns/BuildsQueries.php(366): Illuminate/Database/Query/Builder->get(Array)
#9 C:/PPL-SI4705-KelA/greennovate/SI4705-KELA-main/greennovate/vendor/laravel/framework/src/Illuminate/Database/Query/Builder.php(3412): Illuminate/Database/Query/Builder->first(Array)
#10 C:/PPL-SI4705-KelA/greennovate/SI4705-KELA-main/greennovate/vendor/laravel/framework/src/Illuminate/Session/DatabaseSessionHandler.php(96): Illuminate/Database/Query/Builder->find('ygnjCjA0D99RIf2...')
#11 C:/PPL-SI4705-KelA/greennovate/SI4705-KELA-main/greennovate/vendor/laravel/framework/src/Illuminate/Session/Store.php(128): Illuminate/Session/DatabaseSessionHandler->read('ygnjCjA0D99RIf2...')
#12 C:/PPL-SI4705-KelA/greennovate/SI4705-KELA-main/greennovate/vendor/laravel/framework/src/Illuminate/Session/Store.php(116): Illuminate/Session/Store->readFromHandler()
#13 C:/PPL-SI4705-KelA/greennovate/SI4705-KELA-main/greennovate/vendor/laravel/framework/src/Illuminate/Session/Store.php(100): Illuminate/Session/Store->loadSession()
#14 C:/PPL-SI4705-KelA/greennovate/SI4705-KELA-main/greennovate/vendor/laravel/framework/src/Illuminate/Session/Middleware/StartSession.php(146): Illuminate/Session/Store->start()
#15 C:/PPL-SI4705-KelA/greennovate/SI4705-KELA-main/greennovate/vendor/laravel/framework/src/Illuminate/Support/helpers.php(393): Illuminate/Session/Middleware/StartSession->Illuminate/Session/Middleware/{closure}(Object(Illuminate/Session/Store))
#16 C:/PPL-SI4705-KelA/greennovate/SI4705-KELA-main/greennovate/vendor/laravel/framework/src/Illuminate/Session/Middleware/StartSession.php(143): tap(Object(Illuminate/Session/Store), Object(Closure))
#17 C:/PPL-SI4705-KelA/greennovate/SI4705-KELA-main/greennovate/vendor/laravel/framework/src/Illuminate/Session/Middleware/StartSession.php(115): Illuminate/Session/Middleware/StartSession->startSession(Object(Illuminate/Http/Request), Object(Illuminate/Session/Store))
#18 C:/PPL-SI4705-KelA/greennovate/SI4705-KELA-main/greennovate/vendor/laravel/framework/src/Illuminate/Session/Middleware/StartSession.php(63): Illuminate/Session/Middleware/StartSession->handleStatefulRequest(Object(Illuminate/Http/Request), Object(Illuminate/Session/Store), Object(Closure))
#19 C:/PPL-SI4705-KelA/greennovate/SI4705-KELA-main/greennovate/vendor/laravel/framework/src/Illuminate/Pipeline/Pipeline.php(219): Illuminate/Session/Middleware/StartSession->handle(Object(Illuminate/Http/Request), Object(Closure))
#20 C:/PPL-SI4705-KelA/greennovate/SI4705-KELA-main/greennovate/vendor/laravel/framework/src/Illuminate/Cookie/Middleware/AddQueuedCookiesToResponse.php(36): Illuminate/Pipeline/Pipeline->Illuminate/Pipeline/{closure}(Object(Illuminate/Http/Request))
#21 C:/PPL-SI4705-KelA/greennovate/SI4705-KELA-main/greennovate/vendor/laravel/framework/src/Illuminate/Pipeline/Pipeline.php(219): Illuminate/Cookie/Middleware/AddQueuedCookiesToResponse->handle(Object(Illuminate/Http/Request), Object(Closure))
#22 C:/PPL-SI4705-KelA/greennovate/SI4705-KELA-main/greennovate/vendor/laravel/framework/src/Illuminate/Cookie/Middleware/EncryptCookies.php(74): Illuminate/Pipeline/Pipeline->Illuminate/Pipeline/{closure}(Object(Illuminate/Http/Request))
#23 C:/PPL-SI4705-KelA/greennovate/SI4705-KELA-main/greennovate/vendor/laravel/framework/src/Illuminate/Pipeline/Pipeline.php(219): Illuminate/Cookie/Middleware/EncryptCookies->handle(Object(Illuminate/Http/Request), Object(Closure))
#24 C:/PPL-SI4705-KelA/greennovate/SI4705-KELA-main/greennovate/vendor/laravel/framework/src/Illuminate/Pipeline/Pipeline.php(137): Illuminate/Pipeline/Pipeline->Illuminate/Pipeline/{closure}(Object(Illuminate/Http/Request))
#25 C:/PPL-SI4705-KelA/greennovate/SI4705-KELA-main/greennovate/vendor/laravel/framework/src/Illuminate/Routing/Router.php(821): Illuminate/Pipeline/Pipeline->then(Object(Closure))
#26 C:/PPL-SI4705-KelA/greennovate/SI4705-KELA-main/greennovate/vendor/laravel/framework/src/Illuminate/Routing/Router.php(800): Illuminate/Routing/Router->runRouteWithinStack(Object(Illuminate/Routing/Route), Object(Illuminate/Http/Request))
#27 C:/PPL-SI4705-KelA/greennovate/SI4705-KELA-main/greennovate/vendor/laravel/framework/src/Illuminate/Routing/Router.php(764): Illuminate/Routing/Router->runRoute(Object(Illuminate/Http/Request), Object(Illuminate/Routing/Route))
#28 C:/PPL-SI4705-KelA/greennovate/SI4705-KELA-main/greennovate/vendor/laravel/framework/src/Illuminate/Routing/Router.php(753): Illuminate/Routing/Router->dispatchToRoute(Object(Illuminate/Http/Request))
#29 C:/PPL-SI4705-KelA/greennovate/SI4705-KELA-main/greennovate/vendor/laravel/framework/src/Illuminate/Foundation/Http/Kernel.php(200): Illuminate/Routing/Router->dispatch(Object(Illuminate/Http/Request))
#30 C:/PPL-SI4705-KelA/greennovate/SI4705-KELA-main/greennovate/vendor/laravel/framework/src/Illuminate/Pipeline/Pipeline.php(180): Illuminate/Foundation/Http/Kernel->Illuminate/Foundation/Http/{closure}(Object(Illuminate/Http/Request))
#31 C:/PPL-SI4705-KelA/greennovate/SI4705-KELA-main/greennovate/vendor/laravel/framework/src/Illuminate/Foundation/Http/Middleware/TransformsRequest.php(21): Illuminate/Pipeline/Pipeline->Illuminate/Pipeline/{closure}(Object(Illuminate/Http/Request))
#32 C:/PPL-SI4705-KelA/greennovate/SI4705-KELA-main/greennovate/vendor/laravel/framework/src/Illuminate/Foundation/Http/Middleware/ConvertEmptyStringsToNull.php(31): Illuminate/Foundation/Http/Middleware/TransformsRequest->handle(Object(Illuminate/Http/Request), Object(Closure))
#33 C:/PPL-SI4705-KelA/greennovate/SI4705-KELA-main/greennovate/vendor/laravel/framework/src/Illuminate/Pipeline/Pipeline.php(219): Illuminate/Foundation/Http/Middleware/ConvertEmptyStringsToNull->handle(Object(Illuminate/Http/Request), Object(Closure))
#34 C:/PPL-SI4705-KelA/greennovate/SI4705-KELA-main/greennovate/vendor/laravel/framework/src/Illuminate/Foundation/Http/Middleware/TransformsRequest.php(21): Illuminate/Pipeline/Pipeline->Illuminate/Pipeline/{closure}(Object(Illuminate/Http/Request))
#35 C:/PPL-SI4705-KelA/greennovate/SI4705-KELA-main/greennovate/vendor/laravel/framework/src/Illuminate/Foundation/Http/Middleware/TrimStrings.php(51): Illuminate/Foundation/Http/Middleware/TransformsRequest->handle(Object(Illuminate/Http/Request), Object(Closure))
#36 C:/PPL-SI4705-KelA/greennovate/SI4705-KELA-main/greennovate/vendor/laravel/framework/src/Illuminate/Pipeline/Pipeline.php(219): Illuminate/Foundation/Http/Middleware/TrimStrings->handle(Object(Illuminate/Http/Request), Object(Closure))
#37 C:/PPL-SI4705-KelA/greennovate/SI4705-KELA-main/greennovate/vendor/laravel/framework/src/Illuminate/Http/Middleware/ValidatePostSize.php(27): Illuminate/Pipeline/Pipeline->Illuminate/Pipeline/{closure}(Object(Illuminate/Http/Request))
#38 C:/PPL-SI4705-KelA/greennovate/SI4705-KELA-main/greennovate/vendor/laravel/framework/src/Illuminate/Pipeline/Pipeline.php(219): Illuminate/Http/Middleware/ValidatePostSize->handle(Object(Illuminate/Http/Request), Object(Closure))
#39 C:/PPL-SI4705-KelA/greennovate/SI4705-KELA-main/greennovate/vendor/laravel/framework/src/Illuminate/Foundation/Http/Middleware/PreventRequestsDuringMaintenance.php(109): Illuminate/Pipeline/Pipeline->Illuminate/Pipeline/{closure}(Object(Illuminate/Http/Request))
#40 C:/PPL-SI4705-KelA/greennovate/SI4705-KELA-main/greennovate/vendor/laravel/framework/src/Illuminate/Pipeline/Pipeline.php(219): Illuminate/Foundation/Http/Middleware/PreventRequestsDuringMaintenance->handle(Object(Illuminate/Http/Request), Object(Closure))
#41 C:/PPL-SI4705-KelA/greennovate/SI4705-KELA-main/greennovate/vendor/laravel/framework/src/Illuminate/Http/Middleware/HandleCors.php(61): Illuminate/Pipeline/Pipeline->Illuminate/Pipeline/{closure}(Object(Illuminate/Http/Request))
#42 C:/PPL-SI4705-KelA/greennovate/SI4705-KELA-main/greennovate/vendor/laravel/framework/src/Illuminate/Pipeline/Pipeline.php(219): Illuminate/Http/Middleware/HandleCors->handle(Object(Illuminate/Http/Request), Object(Closure))
#43 C:/PPL-SI4705-KelA/greennovate/SI4705-KELA-main/greennovate/vendor/laravel/framework/src/Illuminate/Http/Middleware/TrustProxies.php(58): Illuminate/Pipeline/Pipeline->Illuminate/Pipeline/{closure}(Object(Illuminate/Http/Request))
#44 C:/PPL-SI4705-KelA/greennovate/SI4705-KELA-main/greennovate/vendor/laravel/framework/src/Illuminate/Pipeline/Pipeline.php(219): Illuminate/Http/Middleware/TrustProxies->handle(Object(Illuminate/Http/Request), Object(Closure))
#45 C:/PPL-SI4705-KelA/greennovate/SI4705-KELA-main/greennovate/vendor/laravel/framework/src/Illuminate/Foundation/Http/Middleware/InvokeDeferredCallbacks.php(22): Illuminate/Pipeline/Pipeline->Illuminate/Pipeline/{closure}(Object(Illuminate/Http/Request))
#46 C:/PPL-SI4705-KelA/greennovate/SI4705-KELA-main/greennovate/vendor/laravel/framework/src/Illuminate/Pipeline/Pipeline.php(219): Illuminate/Foundation/Http/Middleware/InvokeDeferredCallbacks->handle(Object(Illuminate/Http/Request), Object(Closure))
#47 C:/PPL-SI4705-KelA/greennovate/SI4705-KELA-main/greennovate/vendor/laravel/framework/src/Illuminate/Http/Middleware/ValidatePathEncoding.php(26): Illuminate/Pipeline/Pipeline->Illuminate/Pipeline/{closure}(Object(Illuminate/Http/Request))
#48 C:/PPL-SI4705-KelA/greennovate/SI4705-KELA-main/greennovate/vendor/laravel/framework/src/Illuminate/Pipeline/Pipeline.php(219): Illuminate/Http/Middleware/ValidatePathEncoding->handle(Object(Illuminate/Http/Request), Object(Closure))
#49 C:/PPL-SI4705-KelA/greennovate/SI4705-KELA-main/greennovate/vendor/laravel/framework/src/Illuminate/Pipeline/Pipeline.php(137): Illuminate/Pipeline/Pipeline->Illuminate/Pipeline/{closure}(Object(Illuminate/Http/Request))
#50 C:/PPL-SI4705-KelA/greennovate/SI4705-KELA-main/greennovate/vendor/laravel/framework/src/Illuminate/Foundation/Http/Kernel.php(175): Illuminate/Pipeline/Pipeline->then(Object(Closure))
#51 C:/PPL-SI4705-KelA/greennovate/SI4705-KELA-main/greennovate/vendor/laravel/framework/src/Illuminate/Foundation/Http/Kernel.php(144): Illuminate/Foundation/Http/Kernel->sendRequestThroughRouter(Object(Illuminate/Http/Request))
#52 C:/PPL-SI4705-KelA/greennovate/SI4705-KELA-main/greennovate/vendor/laravel/framework/src/Illuminate/Foundation/Application.php(1220): Illuminate/Foundation/Http/Kernel->handle(Object(Illuminate/Http/Request))
#53 C:/PPL-SI4705-KelA/greennovate/SI4705-KELA-main/greennovate/public/index.php(20): Illuminate/Foundation/Application->handleRequest(Object(Illuminate/Http/Request))
#54 C:/PPL-SI4705-KelA/greennovate/SI4705-KELA-main/greennovate/vendor/laravel/framework/src/Illuminate/Foundation/resources/server.php(23): require_once('C://PPL-SI4705-K...')
#55 {main}
"} 
[2026-05-18 16:28:42] local.ERROR: SQLSTATE[42703]: Undefined column: 7 ERROR:  column "slug" does not exist
LINE 1: select * from "kegiatan" where ("slug" is null or "slug" = $...
                                        ^ (Connection: pgsql, Host: ep-sweet-bonus-anb5fldu-pooler.c-6.us-east-1.aws.neon.tech, Port: 5432, Database: Greenovete, SQL: select * from "kegiatan" where ("slug" is null or "slug" = )) {"exception":"[object] (Illuminate\\Database\\QueryException(code: 42703): SQLSTATE[42703]: Undefined column: 7 ERROR:  column \"slug\" does not exist
LINE 1: select * from \"kegiatan\" where (\"slug\" is null or \"slug\" = $...
                                        ^ (Connection: pgsql, Host: ep-sweet-bonus-anb5fldu-pooler.c-6.us-east-1.aws.neon.tech, Port: 5432, Database: Greenovete, SQL: select * from \"kegiatan\" where (\"slug\" is null or \"slug\" = )) at C:/PPL-SI4705-KelA/greennovate/SI4705-KELA-main/greennovate/vendor/laravel/framework/src/Illuminate/Database/Connection.php:838)
[stacktrace]
#0 C:/PPL-SI4705-KelA/greennovate/SI4705-KELA-main/greennovate/vendor/laravel/framework/src/Illuminate/Database/Connection.php(794): Illuminate/Database/Connection->runQueryCallback('select * from \"...', Array, Object(Closure))
#1 C:/PPL-SI4705-KelA/greennovate/SI4705-KELA-main/greennovate/vendor/laravel/framework/src/Illuminate/Database/Connection.php(411): Illuminate/Database/Connection->run('select * from \"...', Array, Object(Closure))
#2 C:/PPL-SI4705-KelA/greennovate/SI4705-KELA-main/greennovate/vendor/laravel/framework/src/Illuminate/Database/Query/Builder.php(3505): Illuminate/Database/Connection->select('select * from \"...', Array, true)
#3 C:/PPL-SI4705-KelA/greennovate/SI4705-KELA-main/greennovate/vendor/laravel/framework/src/Illuminate/Database/Query/Builder.php(3490): Illuminate/Database/Query/Builder->runSelect()
#4 C:/PPL-SI4705-KelA/greennovate/SI4705-KELA-main/greennovate/vendor/laravel/framework/src/Illuminate/Database/Query/Builder.php(4080): Illuminate/Database/Query/Builder->Illuminate/Database/Query/{closure}()
#5 C:/PPL-SI4705-KelA/greennovate/SI4705-KELA-main/greennovate/vendor/laravel/framework/src/Illuminate/Database/Query/Builder.php(3489): Illuminate/Database/Query/Builder->onceWithColumns(Array, Object(Closure))
#6 C:/PPL-SI4705-KelA/greennovate/SI4705-KELA-main/greennovate/vendor/laravel/framework/src/Illuminate/Database/Eloquent/Builder.php(902): Illuminate/Database/Query/Builder->get(Array)
#7 C:/PPL-SI4705-KelA/greennovate/SI4705-KELA-main/greennovate/vendor/laravel/framework/src/Illuminate/Database/Eloquent/Builder.php(884): Illuminate/Database/Eloquent/Builder->getModels(Array)
#8 C:/PPL-SI4705-KelA/greennovate/SI4705-KELA-main/greennovate/database/seeders/KegiatanSeeder.php(106): Illuminate/Database/Eloquent/Builder->get()
#9 C:/PPL-SI4705-KelA/greennovate/SI4705-KELA-main/greennovate/vendor/laravel/framework/src/Illuminate/Container/BoundMethod.php(36): Database/Seeders/KegiatanSeeder->run()
#10 C:/PPL-SI4705-KelA/greennovate/SI4705-KELA-main/greennovate/vendor/laravel/framework/src/Illuminate/Container/Util.php(43): Illuminate/Container/BoundMethod::Illuminate/Container/{closure}()
#11 C:/PPL-SI4705-KelA/greennovate/SI4705-KELA-main/greennovate/vendor/laravel/framework/src/Illuminate/Container/BoundMethod.php(96): Illuminate/Container/Util::unwrapIfClosure(Object(Closure))
#12 C:/PPL-SI4705-KelA/greennovate/SI4705-KELA-main/greennovate/vendor/laravel/framework/src/Illuminate/Container/BoundMethod.php(35): Illuminate/Container/BoundMethod::callBoundMethod(Object(Illuminate/Foundation/Application), Array, Object(Closure))
#13 C:/PPL-SI4705-KelA/greennovate/SI4705-KELA-main/greennovate/vendor/laravel/framework/src/Illuminate/Container/Container.php(799): Illuminate/Container/BoundMethod::call(Object(Illuminate/Foundation/Application), Array, Array, NULL)
#14 C:/PPL-SI4705-KelA/greennovate/SI4705-KELA-main/greennovate/vendor/laravel/framework/src/Illuminate/Database/Seeder.php(184): Illuminate/Container/Container->call(Array, Array)
#15 C:/PPL-SI4705-KelA/greennovate/SI4705-KELA-main/greennovate/vendor/laravel/framework/src/Illuminate/Database/Seeder.php(193): Illuminate/Database/Seeder->Illuminate/Database/{closure}()
#16 C:/PPL-SI4705-KelA/greennovate/SI4705-KELA-main/greennovate/vendor/laravel/framework/src/Illuminate/Database/Seeder.php(59): Illuminate/Database/Seeder->__invoke(Array)
#17 C:/PPL-SI4705-KelA/greennovate/SI4705-KELA-main/greennovate/database/seeders/DatabaseSeeder.php(58): Illuminate/Database/Seeder->call('Database//Seeder...')
#18 C:/PPL-SI4705-KelA/greennovate/SI4705-KELA-main/greennovate/vendor/laravel/framework/src/Illuminate/Container/BoundMethod.php(36): Database/Seeders/DatabaseSeeder->run()
#19 C:/PPL-SI4705-KelA/greennovate/SI4705-KELA-main/greennovate/vendor/laravel/framework/src/Illuminate/Container/Util.php(43): Illuminate/Container/BoundMethod::Illuminate/Container/{closure}()
#20 C:/PPL-SI4705-KelA/greennovate/SI4705-KELA-main/greennovate/vendor/laravel/framework/src/Illuminate/Container/BoundMethod.php(96): Illuminate/Container/Util::unwrapIfClosure(Object(Closure))
#21 C:/PPL-SI4705-KelA/greennovate/SI4705-KELA-main/greennovate/vendor/laravel/framework/src/Illuminate/Container/BoundMethod.php(35): Illuminate/Container/BoundMethod::callBoundMethod(Object(Illuminate/Foundation/Application), Array, Object(Closure))
#22 C:/PPL-SI4705-KelA/greennovate/SI4705-KELA-main/greennovate/vendor/laravel/framework/src/Illuminate/Container/Container.php(799): Illuminate/Container/BoundMethod::call(Object(Illuminate/Foundation/Application), Array, Array, NULL)
#23 C:/PPL-SI4705-KelA/greennovate/SI4705-KELA-main/greennovate/vendor/laravel/framework/src/Illuminate/Database/Seeder.php(184): Illuminate/Container/Container->call(Array, Array)
#24 C:/PPL-SI4705-KelA/greennovate/SI4705-KELA-main/greennovate/vendor/laravel/framework/src/Illuminate/Database/Eloquent/Concerns/HasEvents.php(454): Illuminate/Database/Seeder->Illuminate/Database/{closure}()
#25 C:/PPL-SI4705-KelA/greennovate/SI4705-KELA-main/greennovate/vendor/laravel/framework/src/Illuminate/Database/Console/Seeds/WithoutModelEvents.php(17): Illuminate/Database/Eloquent/Model::withoutEvents(Object(Closure))
#26 C:/PPL-SI4705-KelA/greennovate/SI4705-KELA-main/greennovate/vendor/laravel/framework/src/Illuminate/Database/Seeder.php(193): Database/Seeders/DatabaseSeeder->Illuminate/Database/Console/Seeds/{closure}()
#27 C:/PPL-SI4705-KelA/greennovate/SI4705-KELA-main/greennovate/vendor/laravel/framework/src/Illuminate/Database/Console/Seeds/SeedCommand.php(71): Illuminate/Database/Seeder->__invoke()
#28 C:/PPL-SI4705-KelA/greennovate/SI4705-KELA-main/greennovate/vendor/laravel/framework/src/Illuminate/Database/Eloquent/Concerns/GuardsAttributes.php(157): Illuminate/Database/Console/Seeds/SeedCommand->Illuminate/Database/Console/Seeds/{closure}()
#29 C:/PPL-SI4705-KelA/greennovate/SI4705-KELA-main/greennovate/vendor/laravel/framework/src/Illuminate/Database/Console/Seeds/SeedCommand.php(70): Illuminate/Database/Eloquent/Model::unguarded(Object(Closure))
#30 C:/PPL-SI4705-KelA/greennovate/SI4705-KELA-main/greennovate/vendor/laravel/framework/src/Illuminate/Container/BoundMethod.php(36): Illuminate/Database/Console/Seeds/SeedCommand->handle()
#31 C:/PPL-SI4705-KelA/greennovate/SI4705-KELA-main/greennovate/vendor/laravel/framework/src/Illuminate/Container/Util.php(43): Illuminate/Container/BoundMethod::Illuminate/Container/{closure}()
#32 C:/PPL-SI4705-KelA/greennovate/SI4705-KELA-main/greennovate/vendor/laravel/framework/src/Illuminate/Container/BoundMethod.php(96): Illuminate/Container/Util::unwrapIfClosure(Object(Closure))
#33 C:/PPL-SI4705-KelA/greennovate/SI4705-KELA-main/greennovate/vendor/laravel/framework/src/Illuminate/Container/BoundMethod.php(35): Illuminate/Container/BoundMethod::callBoundMethod(Object(Illuminate/Foundation/Application), Array, Object(Closure))
#34 C:/PPL-SI4705-KelA/greennovate/SI4705-KELA-main/greennovate/vendor/laravel/framework/src/Illuminate/Container/Container.php(799): Illuminate/Container/BoundMethod::call(Object(Illuminate/Foundation/Application), Array, Array, NULL)
#35 C:/PPL-SI4705-KelA/greennovate/SI4705-KELA-main/greennovate/vendor/laravel/framework/src/Illuminate/Console/Command.php(211): Illuminate/Container/Container->call(Array)
#36 C:/PPL-SI4705-KelA/greennovate/SI4705-KELA-main/greennovate/vendor/symfony/console/Command/Command.php(341): Illuminate/Console/Command->execute(Object(Symfony/Component/Console/Input/ArgvInput), Object(Illuminate/Console/OutputStyle))
#37 C:/PPL-SI4705-KelA/greennovate/SI4705-KELA-main/greennovate/vendor/laravel/framework/src/Illuminate/Console/Command.php(180): Symfony/Component/Console/Command/Command->run(Object(Symfony/Component/Console/Input/ArgvInput), Object(Illuminate/Console/OutputStyle))
#38 C:/PPL-SI4705-KelA/greennovate/SI4705-KELA-main/greennovate/vendor/symfony/console/Application.php(1117): Illuminate/Console/Command->run(Object(Symfony/Component/Console/Input/ArgvInput), Object(Symfony/Component/Console/Output/ConsoleOutput))
#39 C:/PPL-SI4705-KelA/greennovate/SI4705-KELA-main/greennovate/vendor/symfony/console/Application.php(356): Symfony/Component/Console/Application->doRunCommand(Object(Illuminate/Database/Console/Seeds/SeedCommand), Object(Symfony/Component/Console/Input/ArgvInput), Object(Symfony/Component/Console/Output/ConsoleOutput))
#40 C:/PPL-SI4705-KelA/greennovate/SI4705-KELA-main/greennovate/vendor/symfony/console/Application.php(195): Symfony/Component/Console/Application->doRun(Object(Symfony/Component/Console/Input/ArgvInput), Object(Symfony/Component/Console/Output/ConsoleOutput))
#41 C:/PPL-SI4705-KelA/greennovate/SI4705-KELA-main/greennovate/vendor/laravel/framework/src/Illuminate/Foundation/Console/Kernel.php(198): Symfony/Component/Console/Application->run(Object(Symfony/Component/Console/Input/ArgvInput), Object(Symfony/Component/Console/Output/ConsoleOutput))
#42 C:/PPL-SI4705-KelA/greennovate/SI4705-KELA-main/greennovate/vendor/laravel/framework/src/Illuminate/Foundation/Application.php(1235): Illuminate/Foundation/Console/Kernel->handle(Object(Symfony/Component/Console/Input/ArgvInput), Object(Symfony/Component/Console/Output/ConsoleOutput))
#43 C:/PPL-SI4705-KelA/greennovate/SI4705-KELA-main/greennovate/artisan(16): Illuminate/Foundation/Application->handleCommand(Object(Symfony/Component/Console/Input/ArgvInput))
#44 {main}

[previous exception] [object] (PDOException(code: 42703): SQLSTATE[42703]: Undefined column: 7 ERROR:  column \"slug\" does not exist
LINE 1: select * from \"kegiatan\" where (\"slug\" is null or \"slug\" = $...
                                        ^ at C:/PPL-SI4705-KelA/greennovate/SI4705-KELA-main/greennovate/vendor/laravel/framework/src/Illuminate/Database/Connection.php:425)
[stacktrace]
#0 C:/PPL-SI4705-KelA/greennovate/SI4705-KELA-main/greennovate/vendor/laravel/framework/src/Illuminate/Database/Connection.php(425): PDOStatement->execute()
#1 C:/PPL-SI4705-KelA/greennovate/SI4705-KELA-main/greennovate/vendor/laravel/framework/src/Illuminate/Database/Connection.php(827): Illuminate/Database/Connection->Illuminate/Database/{closure}('select * from \"...', Array)
#2 C:/PPL-SI4705-KelA/greennovate/SI4705-KELA-main/greennovate/vendor/laravel/framework/src/Illuminate/Database/Connection.php(794): Illuminate/Database/Connection->runQueryCallback('select * from \"...', Array, Object(Closure))
#3 C:/PPL-SI4705-KelA/greennovate/SI4705-KELA-main/greennovate/vendor/laravel/framework/src/Illuminate/Database/Connection.php(411): Illuminate/Database/Connection->run('select * from \"...', Array, Object(Closure))
#4 C:/PPL-SI4705-KelA/greennovate/SI4705-KELA-main/greennovate/vendor/laravel/framework/src/Illuminate/Database/Query/Builder.php(3505): Illuminate/Database/Connection->select('select * from \"...', Array, true)
#5 C:/PPL-SI4705-KelA/greennovate/SI4705-KELA-main/greennovate/vendor/laravel/framework/src/Illuminate/Database/Query/Builder.php(3490): Illuminate/Database/Query/Builder->runSelect()
#6 C:/PPL-SI4705-KelA/greennovate/SI4705-KELA-main/greennovate/vendor/laravel/framework/src/Illuminate/Database/Query/Builder.php(4080): Illuminate/Database/Query/Builder->Illuminate/Database/Query/{closure}()
#7 C:/PPL-SI4705-KelA/greennovate/SI4705-KELA-main/greennovate/vendor/laravel/framework/src/Illuminate/Database/Query/Builder.php(3489): Illuminate/Database/Query/Builder->onceWithColumns(Array, Object(Closure))
#8 C:/PPL-SI4705-KelA/greennovate/SI4705-KELA-main/greennovate/vendor/laravel/framework/src/Illuminate/Database/Eloquent/Builder.php(902): Illuminate/Database/Query/Builder->get(Array)
#9 C:/PPL-SI4705-KelA/greennovate/SI4705-KELA-main/greennovate/vendor/laravel/framework/src/Illuminate/Database/Eloquent/Builder.php(884): Illuminate/Database/Eloquent/Builder->getModels(Array)
#10 C:/PPL-SI4705-KelA/greennovate/SI4705-KELA-main/greennovate/database/seeders/KegiatanSeeder.php(106): Illuminate/Database/Eloquent/Builder->get()
#11 C:/PPL-SI4705-KelA/greennovate/SI4705-KELA-main/greennovate/vendor/laravel/framework/src/Illuminate/Container/BoundMethod.php(36): Database/Seeders/KegiatanSeeder->run()
#12 C:/PPL-SI4705-KelA/greennovate/SI4705-KELA-main/greennovate/vendor/laravel/framework/src/Illuminate/Container/Util.php(43): Illuminate/Container/BoundMethod::Illuminate/Container/{closure}()
#13 C:/PPL-SI4705-KelA/greennovate/SI4705-KELA-main/greennovate/vendor/laravel/framework/src/Illuminate/Container/BoundMethod.php(96): Illuminate/Container/Util::unwrapIfClosure(Object(Closure))
#14 C:/PPL-SI4705-KelA/greennovate/SI4705-KELA-main/greennovate/vendor/laravel/framework/src/Illuminate/Container/BoundMethod.php(35): Illuminate/Container/BoundMethod::callBoundMethod(Object(Illuminate/Foundation/Application), Array, Object(Closure))
#15 C:/PPL-SI4705-KelA/greennovate/SI4705-KELA-main/greennovate/vendor/laravel/framework/src/Illuminate/Container/Container.php(799): Illuminate/Container/BoundMethod::call(Object(Illuminate/Foundation/Application), Array, Array, NULL)
#16 C:/PPL-SI4705-KelA/greennovate/SI4705-KELA-main/greennovate/vendor/laravel/framework/src/Illuminate/Database/Seeder.php(184): Illuminate/Container/Container->call(Array, Array)
#17 C:/PPL-SI4705-KelA/greennovate/SI4705-KELA-main/greennovate/vendor/laravel/framework/src/Illuminate/Database/Seeder.php(193): Illuminate/Database/Seeder->Illuminate/Database/{closure}()
#18 C:/PPL-SI4705-KelA/greennovate/SI4705-KELA-main/greennovate/vendor/laravel/framework/src/Illuminate/Database/Seeder.php(59): Illuminate/Database/Seeder->__invoke(Array)
#19 C:/PPL-SI4705-KelA/greennovate/SI4705-KELA-main/greennovate/database/seeders/DatabaseSeeder.php(58): Illuminate/Database/Seeder->call('Database//Seeder...')
#20 C:/PPL-SI4705-KelA/greennovate/SI4705-KELA-main/greennovate/vendor/laravel/framework/src/Illuminate/Container/BoundMethod.php(36): Database/Seeders/DatabaseSeeder->run()
#21 C:/PPL-SI4705-KelA/greennovate/SI4705-KELA-main/greennovate/vendor/laravel/framework/src/Illuminate/Container/Util.php(43): Illuminate/Container/BoundMethod::Illuminate/Container/{closure}()
#22 C:/PPL-SI4705-KelA/greennovate/SI4705-KELA-main/greennovate/vendor/laravel/framework/src/Illuminate/Container/BoundMethod.php(96): Illuminate/Container/Util::unwrapIfClosure(Object(Closure))
#23 C:/PPL-SI4705-KelA/greennovate/SI4705-KELA-main/greennovate/vendor/laravel/framework/src/Illuminate/Container/BoundMethod.php(35): Illuminate/Container/BoundMethod::callBoundMethod(Object(Illuminate/Foundation/Application), Array, Object(Closure))
#24 C:/PPL-SI4705-KelA/greennovate/SI4705-KELA-main/greennovate/vendor/laravel/framework/src/Illuminate/Container/Container.php(799): Illuminate/Container/BoundMethod::call(Object(Illuminate/Foundation/Application), Array, Array, NULL)
#25 C:/PPL-SI4705-KelA/greennovate/SI4705-KELA-main/greennovate/vendor/laravel/framework/src/Illuminate/Database/Seeder.php(184): Illuminate/Container/Container->call(Array, Array)
#26 C:/PPL-SI4705-KelA/greennovate/SI4705-KELA-main/greennovate/vendor/laravel/framework/src/Illuminate/Database/Eloquent/Concerns/HasEvents.php(454): Illuminate/Database/Seeder->Illuminate/Database/{closure}()
#27 C:/PPL-SI4705-KelA/greennovate/SI4705-KELA-main/greennovate/vendor/laravel/framework/src/Illuminate/Database/Console/Seeds/WithoutModelEvents.php(17): Illuminate/Database/Eloquent/Model::withoutEvents(Object(Closure))
#28 C:/PPL-SI4705-KelA/greennovate/SI4705-KELA-main/greennovate/vendor/laravel/framework/src/Illuminate/Database/Seeder.php(193): Database/Seeders/DatabaseSeeder->Illuminate/Database/Console/Seeds/{closure}()
#29 C:/PPL-SI4705-KelA/greennovate/SI4705-KELA-main/greennovate/vendor/laravel/framework/src/Illuminate/Database/Console/Seeds/SeedCommand.php(71): Illuminate/Database/Seeder->__invoke()
#30 C:/PPL-SI4705-KelA/greennovate/SI4705-KELA-main/greennovate/vendor/laravel/framework/src/Illuminate/Database/Eloquent/Concerns/GuardsAttributes.php(157): Illuminate/Database/Console/Seeds/SeedCommand->Illuminate/Database/Console/Seeds/{closure}()
#31 C:/PPL-SI4705-KelA/greennovate/SI4705-KELA-main/greennovate/vendor/laravel/framework/src/Illuminate/Database/Console/Seeds/SeedCommand.php(70): Illuminate/Database/Eloquent/Model::unguarded(Object(Closure))
#32 C:/PPL-SI4705-KelA/greennovate/SI4705-KELA-main/greennovate/vendor/laravel/framework/src/Illuminate/Container/BoundMethod.php(36): Illuminate/Database/Console/Seeds/SeedCommand->handle()
#33 C:/PPL-SI4705-KelA/greennovate/SI4705-KELA-main/greennovate/vendor/laravel/framework/src/Illuminate/Container/Util.php(43): Illuminate/Container/BoundMethod::Illuminate/Container/{closure}()
#34 C:/PPL-SI4705-KelA/greennovate/SI4705-KELA-main/greennovate/vendor/laravel/framework/src/Illuminate/Container/BoundMethod.php(96): Illuminate/Container/Util::unwrapIfClosure(Object(Closure))
#35 C:/PPL-SI4705-KelA/greennovate/SI4705-KELA-main/greennovate/vendor/laravel/framework/src/Illuminate/Container/BoundMethod.php(35): Illuminate/Container/BoundMethod::callBoundMethod(Object(Illuminate/Foundation/Application), Array, Object(Closure))
#36 C:/PPL-SI4705-KelA/greennovate/SI4705-KELA-main/greennovate/vendor/laravel/framework/src/Illuminate/Container/Container.php(799): Illuminate/Container/BoundMethod::call(Object(Illuminate/Foundation/Application), Array, Array, NULL)
#37 C:/PPL-SI4705-KelA/greennovate/SI4705-KELA-main/greennovate/vendor/laravel/framework/src/Illuminate/Console/Command.php(211): Illuminate/Container/Container->call(Array)
#38 C:/PPL-SI4705-KelA/greennovate/SI4705-KELA-main/greennovate/vendor/symfony/console/Command/Command.php(341): Illuminate/Console/Command->execute(Object(Symfony/Component/Console/Input/ArgvInput), Object(Illuminate/Console/OutputStyle))
#39 C:/PPL-SI4705-KelA/greennovate/SI4705-KELA-main/greennovate/vendor/laravel/framework/src/Illuminate/Console/Command.php(180): Symfony/Component/Console/Command/Command->run(Object(Symfony/Component/Console/Input/ArgvInput), Object(Illuminate/Console/OutputStyle))
#40 C:/PPL-SI4705-KelA/greennovate/SI4705-KELA-main/greennovate/vendor/symfony/console/Application.php(1117): Illuminate/Console/Command->run(Object(Symfony/Component/Console/Input/ArgvInput), Object(Symfony/Component/Console/Output/ConsoleOutput))
#41 C:/PPL-SI4705-KelA/greennovate/SI4705-KELA-main/greennovate/vendor/symfony/console/Application.php(356): Symfony/Component/Console/Application->doRunCommand(Object(Illuminate/Database/Console/Seeds/SeedCommand), Object(Symfony/Component/Console/Input/ArgvInput), Object(Symfony/Component/Console/Output/ConsoleOutput))
#42 C:/PPL-SI4705-KelA/greennovate/SI4705-KELA-main/greennovate/vendor/symfony/console/Application.php(195): Symfony/Component/Console/Application->doRun(Object(Symfony/Component/Console/Input/ArgvInput), Object(Symfony/Component/Console/Output/ConsoleOutput))
#43 C:/PPL-SI4705-KelA/greennovate/SI4705-KELA-main/greennovate/vendor/laravel/framework/src/Illuminate/Foundation/Console/Kernel.php(198): Symfony/Component/Console/Application->run(Object(Symfony/Component/Console/Input/ArgvInput), Object(Symfony/Component/Console/Output/ConsoleOutput))
#44 C:/PPL-SI4705-KelA/greennovate/SI4705-KELA-main/greennovate/vendor/laravel/framework/src/Illuminate/Foundation/Application.php(1235): Illuminate/Foundation/Console/Kernel->handle(Object(Symfony/Component/Console/Input/ArgvInput), Object(Symfony/Component/Console/Output/ConsoleOutput))
#45 C:/PPL-SI4705-KelA/greennovate/SI4705-KELA-main/greennovate/artisan(16): Illuminate/Foundation/Application->handleCommand(Object(Symfony/Component/Console/Input/ArgvInput))
#46 {main}
"} 
[2026-05-18 16:33:25] local.ERROR: Maximum execution time of 60 seconds exceeded {"userId":1,"exception":"[object] (Symfony\\Component\\ErrorHandler\\Error\\FatalError(code: 0): Maximum execution time of 60 seconds exceeded at C:/PPL-SI4705-KelA/greennovate/SI4705-KELA-main/greennovate/vendor/laravel/framework/src/Illuminate/Database/Connection.php:827)
[stacktrace]
#0 {main}
"} 
[2026-05-18 16:41:35] local.ERROR: SQLSTATE[42703]: Undefined column: 7 ERROR:  column "slug" does not exist
LINE 1: select * from "kegiatan" where "slug" = $1 and "kegiatan"."d...
                                       ^ (Connection: pgsql, Host: ep-sweet-bonus-anb5fldu-pooler.c-6.us-east-1.aws.neon.tech, Port: 5432, Database: Greenovete, SQL: select * from "kegiatan" where "slug" = 4 and "kegiatan"."deleted_at" is null limit 1) {"userId":4,"exception":"[object] (Illuminate\\Database\\QueryException(code: 42703): SQLSTATE[42703]: Undefined column: 7 ERROR:  column \"slug\" does not exist
LINE 1: select * from \"kegiatan\" where \"slug\" = $1 and \"kegiatan\".\"d...
                                       ^ (Connection: pgsql, Host: ep-sweet-bonus-anb5fldu-pooler.c-6.us-east-1.aws.neon.tech, Port: 5432, Database: Greenovete, SQL: select * from \"kegiatan\" where \"slug\" = 4 and \"kegiatan\".\"deleted_at\" is null limit 1) at C:/PPL-SI4705-KelA/greennovate/SI4705-KELA-main/greennovate/vendor/laravel/framework/src/Illuminate/Database/Connection.php:838)
[stacktrace]
#0 C:/PPL-SI4705-KelA/greennovate/SI4705-KELA-main/greennovate/vendor/laravel/framework/src/Illuminate/Database/Connection.php(794): Illuminate/Database/Connection->runQueryCallback('select * from \"...', Array, Object(Closure))
#1 C:/PPL-SI4705-KelA/greennovate/SI4705-KELA-main/greennovate/vendor/laravel/framework/src/Illuminate/Database/Connection.php(411): Illuminate/Database/Connection->run('select * from \"...', Array, Object(Closure))
#2 C:/PPL-SI4705-KelA/greennovate/SI4705-KELA-main/greennovate/vendor/laravel/framework/src/Illuminate/Database/Query/Builder.php(3505): Illuminate/Database/Connection->select('select * from \"...', Array, true)
#3 C:/PPL-SI4705-KelA/greennovate/SI4705-KELA-main/greennovate/vendor/laravel/framework/src/Illuminate/Database/Query/Builder.php(3490): Illuminate/Database/Query/Builder->runSelect()
#4 C:/PPL-SI4705-KelA/greennovate/SI4705-KELA-main/greennovate/vendor/laravel/framework/src/Illuminate/Database/Query/Builder.php(4080): Illuminate/Database/Query/Builder->Illuminate/Database/Query/{closure}()
#5 C:/PPL-SI4705-KelA/greennovate/SI4705-KELA-main/greennovate/vendor/laravel/framework/src/Illuminate/Database/Query/Builder.php(3489): Illuminate/Database/Query/Builder->onceWithColumns(Array, Object(Closure))
#6 C:/PPL-SI4705-KelA/greennovate/SI4705-KELA-main/greennovate/vendor/laravel/framework/src/Illuminate/Database/Eloquent/Builder.php(902): Illuminate/Database/Query/Builder->get(Array)
#7 C:/PPL-SI4705-KelA/greennovate/SI4705-KELA-main/greennovate/vendor/laravel/framework/src/Illuminate/Database/Eloquent/Builder.php(884): Illuminate/Database/Eloquent/Builder->getModels(Array)
#8 C:/PPL-SI4705-KelA/greennovate/SI4705-KELA-main/greennovate/vendor/laravel/framework/src/Illuminate/Database/Concerns/BuildsQueries.php(366): Illuminate/Database/Eloquent/Builder->get(Array)
#9 C:/PPL-SI4705-KelA/greennovate/SI4705-KELA-main/greennovate/app/Http/Controllers/KegiatanController.php(43): Illuminate/Database/Eloquent/Builder->first()
#10 C:/PPL-SI4705-KelA/greennovate/SI4705-KELA-main/greennovate/vendor/laravel/framework/src/Illuminate/Routing/ControllerDispatcher.php(46): App/Http/Controllers/KegiatanController->show('4')
#11 C:/PPL-SI4705-KelA/greennovate/SI4705-KELA-main/greennovate/vendor/laravel/framework/src/Illuminate/Routing/Route.php(265): Illuminate/Routing/ControllerDispatcher->dispatch(Object(Illuminate/Routing/Route), Object(App/Http/Controllers/KegiatanController), 'show')
#12 C:/PPL-SI4705-KelA/greennovate/SI4705-KELA-main/greennovate/vendor/laravel/framework/src/Illuminate/Routing/Route.php(211): Illuminate/Routing/Route->runController()
#13 C:/PPL-SI4705-KelA/greennovate/SI4705-KELA-main/greennovate/vendor/laravel/framework/src/Illuminate/Routing/Router.php(822): Illuminate/Routing/Route->run()
#14 C:/PPL-SI4705-KelA/greennovate/SI4705-KELA-main/greennovate/vendor/laravel/framework/src/Illuminate/Pipeline/Pipeline.php(180): Illuminate/Routing/Router->Illuminate/Routing/{closure}(Object(Illuminate/Http/Request))
#15 C:/PPL-SI4705-KelA/greennovate/SI4705-KELA-main/greennovate/app/Http/Middleware/SetLocale.php(39): Illuminate/Pipeline/Pipeline->Illuminate/Pipeline/{closure}(Object(Illuminate/Http/Request))
#16 C:/PPL-SI4705-KelA/greennovate/SI4705-KELA-main/greennovate/vendor/laravel/framework/src/Illuminate/Pipeline/Pipeline.php(219): App/Http/Middleware/SetLocale->handle(Object(Illuminate/Http/Request), Object(Closure))
#17 C:/PPL-SI4705-KelA/greennovate/SI4705-KELA-main/greennovate/vendor/laravel/framework/src/Illuminate/Routing/Middleware/SubstituteBindings.php(50): Illuminate/Pipeline/Pipeline->Illuminate/Pipeline/{closure}(Object(Illuminate/Http/Request))
#18 C:/PPL-SI4705-KelA/greennovate/SI4705-KELA-main/greennovate/vendor/laravel/framework/src/Illuminate/Pipeline/Pipeline.php(219): Illuminate/Routing/Middleware/SubstituteBindings->handle(Object(Illuminate/Http/Request), Object(Closure))
#19 C:/PPL-SI4705-KelA/greennovate/SI4705-KELA-main/greennovate/vendor/laravel/framework/src/Illuminate/Foundation/Http/Middleware/VerifyCsrfToken.php(87): Illuminate/Pipeline/Pipeline->Illuminate/Pipeline/{closure}(Object(Illuminate/Http/Request))
#20 C:/PPL-SI4705-KelA/greennovate/SI4705-KELA-main/greennovate/vendor/laravel/framework/src/Illuminate/Pipeline/Pipeline.php(219): Illuminate/Foundation/Http/Middleware/VerifyCsrfToken->handle(Object(Illuminate/Http/Request), Object(Closure))
#21 C:/PPL-SI4705-KelA/greennovate/SI4705-KELA-main/greennovate/vendor/laravel/framework/src/Illuminate/View/Middleware/ShareErrorsFromSession.php(48): Illuminate/Pipeline/Pipeline->Illuminate/Pipeline/{closure}(Object(Illuminate/Http/Request))
#22 C:/PPL-SI4705-KelA/greennovate/SI4705-KELA-main/greennovate/vendor/laravel/framework/src/Illuminate/Pipeline/Pipeline.php(219): Illuminate/View/Middleware/ShareErrorsFromSession->handle(Object(Illuminate/Http/Request), Object(Closure))
#23 C:/PPL-SI4705-KelA/greennovate/SI4705-KELA-main/greennovate/vendor/laravel/framework/src/Illuminate/Session/Middleware/StartSession.php(120): Illuminate/Pipeline/Pipeline->Illuminate/Pipeline/{closure}(Object(Illuminate/Http/Request))
#24 C:/PPL-SI4705-KelA/greennovate/SI4705-KELA-main/greennovate/vendor/laravel/framework/src/Illuminate/Session/Middleware/StartSession.php(63): Illuminate/Session/Middleware/StartSession->handleStatefulRequest(Object(Illuminate/Http/Request), Object(Illuminate/Session/Store), Object(Closure))
#25 C:/PPL-SI4705-KelA/greennovate/SI4705-KELA-main/greennovate/vendor/laravel/framework/src/Illuminate/Pipeline/Pipeline.php(219): Illuminate/Session/Middleware/StartSession->handle(Object(Illuminate/Http/Request), Object(Closure))
#26 C:/PPL-SI4705-KelA/greennovate/SI4705-KELA-main/greennovate/vendor/laravel/framework/src/Illuminate/Cookie/Middleware/AddQueuedCookiesToResponse.php(36): Illuminate/Pipeline/Pipeline->Illuminate/Pipeline/{closure}(Object(Illuminate/Http/Request))
#27 C:/PPL-SI4705-KelA/greennovate/SI4705-KELA-main/greennovate/vendor/laravel/framework/src/Illuminate/Pipeline/Pipeline.php(219): Illuminate/Cookie/Middleware/AddQueuedCookiesToResponse->handle(Object(Illuminate/Http/Request), Object(Closure))
#28 C:/PPL-SI4705-KelA/greennovate/SI4705-KELA-main/greennovate/vendor/laravel/framework/src/Illuminate/Cookie/Middleware/EncryptCookies.php(74): Illuminate/Pipeline/Pipeline->Illuminate/Pipeline/{closure}(Object(Illuminate/Http/Request))
#29 C:/PPL-SI4705-KelA/greennovate/SI4705-KELA-main/greennovate/vendor/laravel/framework/src/Illuminate/Pipeline/Pipeline.php(219): Illuminate/Cookie/Middleware/EncryptCookies->handle(Object(Illuminate/Http/Request), Object(Closure))
#30 C:/PPL-SI4705-KelA/greennovate/SI4705-KELA-main/greennovate/vendor/laravel/framework/src/Illuminate/Pipeline/Pipeline.php(137): Illuminate/Pipeline/Pipeline->Illuminate/Pipeline/{closure}(Object(Illuminate/Http/Request))
#31 C:/PPL-SI4705-KelA/greennovate/SI4705-KELA-main/greennovate/vendor/laravel/framework/src/Illuminate/Routing/Router.php(821): Illuminate/Pipeline/Pipeline->then(Object(Closure))
#32 C:/PPL-SI4705-KelA/greennovate/SI4705-KELA-main/greennovate/vendor/laravel/framework/src/Illuminate/Routing/Router.php(800): Illuminate/Routing/Router->runRouteWithinStack(Object(Illuminate/Routing/Route), Object(Illuminate/Http/Request))
#33 C:/PPL-SI4705-KelA/greennovate/SI4705-KELA-main/greennovate/vendor/laravel/framework/src/Illuminate/Routing/Router.php(764): Illuminate/Routing/Router->runRoute(Object(Illuminate/Http/Request), Object(Illuminate/Routing/Route))
#34 C:/PPL-SI4705-KelA/greennovate/SI4705-KELA-main/greennovate/vendor/laravel/framework/src/Illuminate/Routing/Router.php(753): Illuminate/Routing/Router->dispatchToRoute(Object(Illuminate/Http/Request))
#35 C:/PPL-SI4705-KelA/greennovate/SI4705-KELA-main/greennovate/vendor/laravel/framework/src/Illuminate/Foundation/Http/Kernel.php(200): Illuminate/Routing/Router->dispatch(Object(Illuminate/Http/Request))
#36 C:/PPL-SI4705-KelA/greennovate/SI4705-KELA-main/greennovate/vendor/laravel/framework/src/Illuminate/Pipeline/Pipeline.php(180): Illuminate/Foundation/Http/Kernel->Illuminate/Foundation/Http/{closure}(Object(Illuminate/Http/Request))
#37 C:/PPL-SI4705-KelA/greennovate/SI4705-KELA-main/greennovate/vendor/laravel/framework/src/Illuminate/Foundation/Http/Middleware/TransformsRequest.php(21): Illuminate/Pipeline/Pipeline->Illuminate/Pipeline/{closure}(Object(Illuminate/Http/Request))
#38 C:/PPL-SI4705-KelA/greennovate/SI4705-KELA-main/greennovate/vendor/laravel/framework/src/Illuminate/Foundation/Http/Middleware/ConvertEmptyStringsToNull.php(31): Illuminate/Foundation/Http/Middleware/TransformsRequest->handle(Object(Illuminate/Http/Request), Object(Closure))
#39 C:/PPL-SI4705-KelA/greennovate/SI4705-KELA-main/greennovate/vendor/laravel/framework/src/Illuminate/Pipeline/Pipeline.php(219): Illuminate/Foundation/Http/Middleware/ConvertEmptyStringsToNull->handle(Object(Illuminate/Http/Request), Object(Closure))
#40 C:/PPL-SI4705-KelA/greennovate/SI4705-KELA-main/greennovate/vendor/laravel/framework/src/Illuminate/Foundation/Http/Middleware/TransformsRequest.php(21): Illuminate/Pipeline/Pipeline->Illuminate/Pipeline/{closure}(Object(Illuminate/Http/Request))
#41 C:/PPL-SI4705-KelA/greennovate/SI4705-KELA-main/greennovate/vendor/laravel/framework/src/Illuminate/Foundation/Http/Middleware/TrimStrings.php(51): Illuminate/Foundation/Http/Middleware/TransformsRequest->handle(Object(Illuminate/Http/Request), Object(Closure))
#42 C:/PPL-SI4705-KelA/greennovate/SI4705-KELA-main/greennovate/vendor/laravel/framework/src/Illuminate/Pipeline/Pipeline.php(219): Illuminate/Foundation/Http/Middleware/TrimStrings->handle(Object(Illuminate/Http/Request), Object(Closure))
#43 C:/PPL-SI4705-KelA/greennovate/SI4705-KELA-main/greennovate/vendor/laravel/framework/src/Illuminate/Http/Middleware/ValidatePostSize.php(27): Illuminate/Pipeline/Pipeline->Illuminate/Pipeline/{closure}(Object(Illuminate/Http/Request))
#44 C:/PPL-SI4705-KelA/greennovate/SI4705-KELA-main/greennovate/vendor/laravel/framework/src/Illuminate/Pipeline/Pipeline.php(219): Illuminate/Http/Middleware/ValidatePostSize->handle(Object(Illuminate/Http/Request), Object(Closure))
#45 C:/PPL-SI4705-KelA/greennovate/SI4705-KELA-main/greennovate/vendor/laravel/framework/src/Illuminate/Foundation/Http/Middleware/PreventRequestsDuringMaintenance.php(109): Illuminate/Pipeline/Pipeline->Illuminate/Pipeline/{closure}(Object(Illuminate/Http/Request))
#46 C:/PPL-SI4705-KelA/greennovate/SI4705-KELA-main/greennovate/vendor/laravel/framework/src/Illuminate/Pipeline/Pipeline.php(219): Illuminate/Foundation/Http/Middleware/PreventRequestsDuringMaintenance->handle(Object(Illuminate/Http/Request), Object(Closure))
#47 C:/PPL-SI4705-KelA/greennovate/SI4705-KELA-main/greennovate/vendor/laravel/framework/src/Illuminate/Http/Middleware/HandleCors.php(61): Illuminate/Pipeline/Pipeline->Illuminate/Pipeline/{closure}(Object(Illuminate/Http/Request))
#48 C:/PPL-SI4705-KelA/greennovate/SI4705-KELA-main/greennovate/vendor/laravel/framework/src/Illuminate/Pipeline/Pipeline.php(219): Illuminate/Http/Middleware/HandleCors->handle(Object(Illuminate/Http/Request), Object(Closure))
#49 C:/PPL-SI4705-KelA/greennovate/SI4705-KELA-main/greennovate/vendor/laravel/framework/src/Illuminate/Http/Middleware/TrustProxies.php(58): Illuminate/Pipeline/Pipeline->Illuminate/Pipeline/{closure}(Object(Illuminate/Http/Request))
#50 C:/PPL-SI4705-KelA/greennovate/SI4705-KELA-main/greennovate/vendor/laravel/framework/src/Illuminate/Pipeline/Pipeline.php(219): Illuminate/Http/Middleware/TrustProxies->handle(Object(Illuminate/Http/Request), Object(Closure))
#51 C:/PPL-SI4705-KelA/greennovate/SI4705-KELA-main/greennovate/vendor/laravel/framework/src/Illuminate/Foundation/Http/Middleware/InvokeDeferredCallbacks.php(22): Illuminate/Pipeline/Pipeline->Illuminate/Pipeline/{closure}(Object(Illuminate/Http/Request))
#52 C:/PPL-SI4705-KelA/greennovate/SI4705-KELA-main/greennovate/vendor/laravel/framework/src/Illuminate/Pipeline/Pipeline.php(219): Illuminate/Foundation/Http/Middleware/InvokeDeferredCallbacks->handle(Object(Illuminate/Http/Request), Object(Closure))
#53 C:/PPL-SI4705-KelA/greennovate/SI4705-KELA-main/greennovate/vendor/laravel/framework/src/Illuminate/Http/Middleware/ValidatePathEncoding.php(26): Illuminate/Pipeline/Pipeline->Illuminate/Pipeline/{closure}(Object(Illuminate/Http/Request))
#54 C:/PPL-SI4705-KelA/greennovate/SI4705-KELA-main/greennovate/vendor/laravel/framework/src/Illuminate/Pipeline/Pipeline.php(219): Illuminate/Http/Middleware/ValidatePathEncoding->handle(Object(Illuminate/Http/Request), Object(Closure))
#55 C:/PPL-SI4705-KelA/greennovate/SI4705-KELA-main/greennovate/vendor/laravel/framework/src/Illuminate/Pipeline/Pipeline.php(137): Illuminate/Pipeline/Pipeline->Illuminate/Pipeline/{closure}(Object(Illuminate/Http/Request))
#56 C:/PPL-SI4705-KelA/greennovate/SI4705-KELA-main/greennovate/vendor/laravel/framework/src/Illuminate/Foundation/Http/Kernel.php(175): Illuminate/Pipeline/Pipeline->then(Object(Closure))
#57 C:/PPL-SI4705-KelA/greennovate/SI4705-KELA-main/greennovate/vendor/laravel/framework/src/Illuminate/Foundation/Http/Kernel.php(144): Illuminate/Foundation/Http/Kernel->sendRequestThroughRouter(Object(Illuminate/Http/Request))
#58 C:/PPL-SI4705-KelA/greennovate/SI4705-KELA-main/greennovate/vendor/laravel/framework/src/Illuminate/Foundation/Application.php(1220): Illuminate/Foundation/Http/Kernel->handle(Object(Illuminate/Http/Request))
#59 C:/PPL-SI4705-KelA/greennovate/SI4705-KELA-main/greennovate/public/index.php(20): Illuminate/Foundation/Application->handleRequest(Object(Illuminate/Http/Request))
#60 C:/PPL-SI4705-KelA/greennovate/SI4705-KELA-main/greennovate/vendor/laravel/framework/src/Illuminate/Foundation/resources/server.php(23): require_once('C://PPL-SI4705-K...')
#61 {main}

[previous exception] [object] (PDOException(code: 42703): SQLSTATE[42703]: Undefined column: 7 ERROR:  column \"slug\" does not exist
LINE 1: select * from \"kegiatan\" where \"slug\" = $1 and \"kegiatan\".\"d...
                                       ^ at C:/PPL-SI4705-KelA/greennovate/SI4705-KELA-main/greennovate/vendor/laravel/framework/src/Illuminate/Database/Connection.php:425)
[stacktrace]
#0 C:/PPL-SI4705-KelA/greennovate/SI4705-KELA-main/greennovate/vendor/laravel/framework/src/Illuminate/Database/Connection.php(425): PDOStatement->execute()
#1 C:/PPL-SI4705-KelA/greennovate/SI4705-KELA-main/greennovate/vendor/laravel/framework/src/Illuminate/Database/Connection.php(827): Illuminate/Database/Connection->Illuminate/Database/{closure}('select * from \"...', Array)
#2 C:/PPL-SI4705-KelA/greennovate/SI4705-KELA-main/greennovate/vendor/laravel/framework/src/Illuminate/Database/Connection.php(794): Illuminate/Database/Connection->runQueryCallback('select * from \"...', Array, Object(Closure))
#3 C:/PPL-SI4705-KelA/greennovate/SI4705-KELA-main/greennovate/vendor/laravel/framework/src/Illuminate/Database/Connection.php(411): Illuminate/Database/Connection->run('select * from \"...', Array, Object(Closure))
#4 C:/PPL-SI4705-KelA/greennovate/SI4705-KELA-main/greennovate/vendor/laravel/framework/src/Illuminate/Database/Query/Builder.php(3505): Illuminate/Database/Connection->select('select * from \"...', Array, true)
#5 C:/PPL-SI4705-KelA/greennovate/SI4705-KELA-main/greennovate/vendor/laravel/framework/src/Illuminate/Database/Query/Builder.php(3490): Illuminate/Database/Query/Builder->runSelect()
#6 C:/PPL-SI4705-KelA/greennovate/SI4705-KELA-main/greennovate/vendor/laravel/framework/src/Illuminate/Database/Query/Builder.php(4080): Illuminate/Database/Query/Builder->Illuminate/Database/Query/{closure}()
#7 C:/PPL-SI4705-KelA/greennovate/SI4705-KELA-main/greennovate/vendor/laravel/framework/src/Illuminate/Database/Query/Builder.php(3489): Illuminate/Database/Query/Builder->onceWithColumns(Array, Object(Closure))
#8 C:/PPL-SI4705-KelA/greennovate/SI4705-KELA-main/greennovate/vendor/laravel/framework/src/Illuminate/Database/Eloquent/Builder.php(902): Illuminate/Database/Query/Builder->get(Array)
#9 C:/PPL-SI4705-KelA/greennovate/SI4705-KELA-main/greennovate/vendor/laravel/framework/src/Illuminate/Database/Eloquent/Builder.php(884): Illuminate/Database/Eloquent/Builder->getModels(Array)
#10 C:/PPL-SI4705-KelA/greennovate/SI4705-KELA-main/greennovate/vendor/laravel/framework/src/Illuminate/Database/Concerns/BuildsQueries.php(366): Illuminate/Database/Eloquent/Builder->get(Array)
#11 C:/PPL-SI4705-KelA/greennovate/SI4705-KELA-main/greennovate/app/Http/Controllers/KegiatanController.php(43): Illuminate/Database/Eloquent/Builder->first()
#12 C:/PPL-SI4705-KelA/greennovate/SI4705-KELA-main/greennovate/vendor/laravel/framework/src/Illuminate/Routing/ControllerDispatcher.php(46): App/Http/Controllers/KegiatanController->show('4')
#13 C:/PPL-SI4705-KelA/greennovate/SI4705-KELA-main/greennovate/vendor/laravel/framework/src/Illuminate/Routing/Route.php(265): Illuminate/Routing/ControllerDispatcher->dispatch(Object(Illuminate/Routing/Route), Object(App/Http/Controllers/KegiatanController), 'show')
#14 C:/PPL-SI4705-KelA/greennovate/SI4705-KELA-main/greennovate/vendor/laravel/framework/src/Illuminate/Routing/Route.php(211): Illuminate/Routing/Route->runController()
#15 C:/PPL-SI4705-KelA/greennovate/SI4705-KELA-main/greennovate/vendor/laravel/framework/src/Illuminate/Routing/Router.php(822): Illuminate/Routing/Route->run()
#16 C:/PPL-SI4705-KelA/greennovate/SI4705-KELA-main/greennovate/vendor/laravel/framework/src/Illuminate/Pipeline/Pipeline.php(180): Illuminate/Routing/Router->Illuminate/Routing/{closure}(Object(Illuminate/Http/Request))
#17 C:/PPL-SI4705-KelA/greennovate/SI4705-KELA-main/greennovate/app/Http/Middleware/SetLocale.php(39): Illuminate/Pipeline/Pipeline->Illuminate/Pipeline/{closure}(Object(Illuminate/Http/Request))
#18 C:/PPL-SI4705-KelA/greennovate/SI4705-KELA-main/greennovate/vendor/laravel/framework/src/Illuminate/Pipeline/Pipeline.php(219): App/Http/Middleware/SetLocale->handle(Object(Illuminate/Http/Request), Object(Closure))
#19 C:/PPL-SI4705-KelA/greennovate/SI4705-KELA-main/greennovate/vendor/laravel/framework/src/Illuminate/Routing/Middleware/SubstituteBindings.php(50): Illuminate/Pipeline/Pipeline->Illuminate/Pipeline/{closure}(Object(Illuminate/Http/Request))
#20 C:/PPL-SI4705-KelA/greennovate/SI4705-KELA-main/greennovate/vendor/laravel/framework/src/Illuminate/Pipeline/Pipeline.php(219): Illuminate/Routing/Middleware/SubstituteBindings->handle(Object(Illuminate/Http/Request), Object(Closure))
#21 C:/PPL-SI4705-KelA/greennovate/SI4705-KELA-main/greennovate/vendor/laravel/framework/src/Illuminate/Foundation/Http/Middleware/VerifyCsrfToken.php(87): Illuminate/Pipeline/Pipeline->Illuminate/Pipeline/{closure}(Object(Illuminate/Http/Request))
#22 C:/PPL-SI4705-KelA/greennovate/SI4705-KELA-main/greennovate/vendor/laravel/framework/src/Illuminate/Pipeline/Pipeline.php(219): Illuminate/Foundation/Http/Middleware/VerifyCsrfToken->handle(Object(Illuminate/Http/Request), Object(Closure))
#23 C:/PPL-SI4705-KelA/greennovate/SI4705-KELA-main/greennovate/vendor/laravel/framework/src/Illuminate/View/Middleware/ShareErrorsFromSession.php(48): Illuminate/Pipeline/Pipeline->Illuminate/Pipeline/{closure}(Object(Illuminate/Http/Request))
#24 C:/PPL-SI4705-KelA/greennovate/SI4705-KELA-main/greennovate/vendor/laravel/framework/src/Illuminate/Pipeline/Pipeline.php(219): Illuminate/View/Middleware/ShareErrorsFromSession->handle(Object(Illuminate/Http/Request), Object(Closure))
#25 C:/PPL-SI4705-KelA/greennovate/SI4705-KELA-main/greennovate/vendor/laravel/framework/src/Illuminate/Session/Middleware/StartSession.php(120): Illuminate/Pipeline/Pipeline->Illuminate/Pipeline/{closure}(Object(Illuminate/Http/Request))
#26 C:/PPL-SI4705-KelA/greennovate/SI4705-KELA-main/greennovate/vendor/laravel/framework/src/Illuminate/Session/Middleware/StartSession.php(63): Illuminate/Session/Middleware/StartSession->handleStatefulRequest(Object(Illuminate/Http/Request), Object(Illuminate/Session/Store), Object(Closure))
#27 C:/PPL-SI4705-KelA/greennovate/SI4705-KELA-main/greennovate/vendor/laravel/framework/src/Illuminate/Pipeline/Pipeline.php(219): Illuminate/Session/Middleware/StartSession->handle(Object(Illuminate/Http/Request), Object(Closure))
#28 C:/PPL-SI4705-KelA/greennovate/SI4705-KELA-main/greennovate/vendor/laravel/framework/src/Illuminate/Cookie/Middleware/AddQueuedCookiesToResponse.php(36): Illuminate/Pipeline/Pipeline->Illuminate/Pipeline/{closure}(Object(Illuminate/Http/Request))
#29 C:/PPL-SI4705-KelA/greennovate/SI4705-KELA-main/greennovate/vendor/laravel/framework/src/Illuminate/Pipeline/Pipeline.php(219): Illuminate/Cookie/Middleware/AddQueuedCookiesToResponse->handle(Object(Illuminate/Http/Request), Object(Closure))
#30 C:/PPL-SI4705-KelA/greennovate/SI4705-KELA-main/greennovate/vendor/laravel/framework/src/Illuminate/Cookie/Middleware/EncryptCookies.php(74): Illuminate/Pipeline/Pipeline->Illuminate/Pipeline/{closure}(Object(Illuminate/Http/Request))
#31 C:/PPL-SI4705-KelA/greennovate/SI4705-KELA-main/greennovate/vendor/laravel/framework/src/Illuminate/Pipeline/Pipeline.php(219): Illuminate/Cookie/Middleware/EncryptCookies->handle(Object(Illuminate/Http/Request), Object(Closure))
#32 C:/PPL-SI4705-KelA/greennovate/SI4705-KELA-main/greennovate/vendor/laravel/framework/src/Illuminate/Pipeline/Pipeline.php(137): Illuminate/Pipeline/Pipeline->Illuminate/Pipeline/{closure}(Object(Illuminate/Http/Request))
#33 C:/PPL-SI4705-KelA/greennovate/SI4705-KELA-main/greennovate/vendor/laravel/framework/src/Illuminate/Routing/Router.php(821): Illuminate/Pipeline/Pipeline->then(Object(Closure))
#34 C:/PPL-SI4705-KelA/greennovate/SI4705-KELA-main/greennovate/vendor/laravel/framework/src/Illuminate/Routing/Router.php(800): Illuminate/Routing/Router->runRouteWithinStack(Object(Illuminate/Routing/Route), Object(Illuminate/Http/Request))
#35 C:/PPL-SI4705-KelA/greennovate/SI4705-KELA-main/greennovate/vendor/laravel/framework/src/Illuminate/Routing/Router.php(764): Illuminate/Routing/Router->runRoute(Object(Illuminate/Http/Request), Object(Illuminate/Routing/Route))
#36 C:/PPL-SI4705-KelA/greennovate/SI4705-KELA-main/greennovate/vendor/laravel/framework/src/Illuminate/Routing/Router.php(753): Illuminate/Routing/Router->dispatchToRoute(Object(Illuminate/Http/Request))
#37 C:/PPL-SI4705-KelA/greennovate/SI4705-KELA-main/greennovate/vendor/laravel/framework/src/Illuminate/Foundation/Http/Kernel.php(200): Illuminate/Routing/Router->dispatch(Object(Illuminate/Http/Request))
#38 C:/PPL-SI4705-KelA/greennovate/SI4705-KELA-main/greennovate/vendor/laravel/framework/src/Illuminate/Pipeline/Pipeline.php(180): Illuminate/Foundation/Http/Kernel->Illuminate/Foundation/Http/{closure}(Object(Illuminate/Http/Request))
#39 C:/PPL-SI4705-KelA/greennovate/SI4705-KELA-main/greennovate/vendor/laravel/framework/src/Illuminate/Foundation/Http/Middleware/TransformsRequest.php(21): Illuminate/Pipeline/Pipeline->Illuminate/Pipeline/{closure}(Object(Illuminate/Http/Request))
#40 C:/PPL-SI4705-KelA/greennovate/SI4705-KELA-main/greennovate/vendor/laravel/framework/src/Illuminate/Foundation/Http/Middleware/ConvertEmptyStringsToNull.php(31): Illuminate/Foundation/Http/Middleware/TransformsRequest->handle(Object(Illuminate/Http/Request), Object(Closure))
#41 C:/PPL-SI4705-KelA/greennovate/SI4705-KELA-main/greennovate/vendor/laravel/framework/src/Illuminate/Pipeline/Pipeline.php(219): Illuminate/Foundation/Http/Middleware/ConvertEmptyStringsToNull->handle(Object(Illuminate/Http/Request), Object(Closure))
#42 C:/PPL-SI4705-KelA/greennovate/SI4705-KELA-main/greennovate/vendor/laravel/framework/src/Illuminate/Foundation/Http/Middleware/TransformsRequest.php(21): Illuminate/Pipeline/Pipeline->Illuminate/Pipeline/{closure}(Object(Illuminate/Http/Request))
#43 C:/PPL-SI4705-KelA/greennovate/SI4705-KELA-main/greennovate/vendor/laravel/framework/src/Illuminate/Foundation/Http/Middleware/TrimStrings.php(51): Illuminate/Foundation/Http/Middleware/TransformsRequest->handle(Object(Illuminate/Http/Request), Object(Closure))
#44 C:/PPL-SI4705-KelA/greennovate/SI4705-KELA-main/greennovate/vendor/laravel/framework/src/Illuminate/Pipeline/Pipeline.php(219): Illuminate/Foundation/Http/Middleware/TrimStrings->handle(Object(Illuminate/Http/Request), Object(Closure))
#45 C:/PPL-SI4705-KelA/greennovate/SI4705-KELA-main/greennovate/vendor/laravel/framework/src/Illuminate/Http/Middleware/ValidatePostSize.php(27): Illuminate/Pipeline/Pipeline->Illuminate/Pipeline/{closure}(Object(Illuminate/Http/Request))
#46 C:/PPL-SI4705-KelA/greennovate/SI4705-KELA-main/greennovate/vendor/laravel/framework/src/Illuminate/Pipeline/Pipeline.php(219): Illuminate/Http/Middleware/ValidatePostSize->handle(Object(Illuminate/Http/Request), Object(Closure))
#47 C:/PPL-SI4705-KelA/greennovate/SI4705-KELA-main/greennovate/vendor/laravel/framework/src/Illuminate/Foundation/Http/Middleware/PreventRequestsDuringMaintenance.php(109): Illuminate/Pipeline/Pipeline->Illuminate/Pipeline/{closure}(Object(Illuminate/Http/Request))
#48 C:/PPL-SI4705-KelA/greennovate/SI4705-KELA-main/greennovate/vendor/laravel/framework/src/Illuminate/Pipeline/Pipeline.php(219): Illuminate/Foundation/Http/Middleware/PreventRequestsDuringMaintenance->handle(Object(Illuminate/Http/Request), Object(Closure))
#49 C:/PPL-SI4705-KelA/greennovate/SI4705-KELA-main/greennovate/vendor/laravel/framework/src/Illuminate/Http/Middleware/HandleCors.php(61): Illuminate/Pipeline/Pipeline->Illuminate/Pipeline/{closure}(Object(Illuminate/Http/Request))
#50 C:/PPL-SI4705-KelA/greennovate/SI4705-KELA-main/greennovate/vendor/laravel/framework/src/Illuminate/Pipeline/Pipeline.php(219): Illuminate/Http/Middleware/HandleCors->handle(Object(Illuminate/Http/Request), Object(Closure))
#51 C:/PPL-SI4705-KelA/greennovate/SI4705-KELA-main/greennovate/vendor/laravel/framework/src/Illuminate/Http/Middleware/TrustProxies.php(58): Illuminate/Pipeline/Pipeline->Illuminate/Pipeline/{closure}(Object(Illuminate/Http/Request))
#52 C:/PPL-SI4705-KelA/greennovate/SI4705-KELA-main/greennovate/vendor/laravel/framework/src/Illuminate/Pipeline/Pipeline.php(219): Illuminate/Http/Middleware/TrustProxies->handle(Object(Illuminate/Http/Request), Object(Closure))
#53 C:/PPL-SI4705-KelA/greennovate/SI4705-KELA-main/greennovate/vendor/laravel/framework/src/Illuminate/Foundation/Http/Middleware/InvokeDeferredCallbacks.php(22): Illuminate/Pipeline/Pipeline->Illuminate/Pipeline/{closure}(Object(Illuminate/Http/Request))
#54 C:/PPL-SI4705-KelA/greennovate/SI4705-KELA-main/greennovate/vendor/laravel/framework/src/Illuminate/Pipeline/Pipeline.php(219): Illuminate/Foundation/Http/Middleware/InvokeDeferredCallbacks->handle(Object(Illuminate/Http/Request), Object(Closure))
#55 C:/PPL-SI4705-KelA/greennovate/SI4705-KELA-main/greennovate/vendor/laravel/framework/src/Illuminate/Http/Middleware/ValidatePathEncoding.php(26): Illuminate/Pipeline/Pipeline->Illuminate/Pipeline/{closure}(Object(Illuminate/Http/Request))
#56 C:/PPL-SI4705-KelA/greennovate/SI4705-KELA-main/greennovate/vendor/laravel/framework/src/Illuminate/Pipeline/Pipeline.php(219): Illuminate/Http/Middleware/ValidatePathEncoding->handle(Object(Illuminate/Http/Request), Object(Closure))
#57 C:/PPL-SI4705-KelA/greennovate/SI4705-KELA-main/greennovate/vendor/laravel/framework/src/Illuminate/Pipeline/Pipeline.php(137): Illuminate/Pipeline/Pipeline->Illuminate/Pipeline/{closure}(Object(Illuminate/Http/Request))
#58 C:/PPL-SI4705-KelA/greennovate/SI4705-KELA-main/greennovate/vendor/laravel/framework/src/Illuminate/Foundation/Http/Kernel.php(175): Illuminate/Pipeline/Pipeline->then(Object(Closure))
#59 C:/PPL-SI4705-KelA/greennovate/SI4705-KELA-main/greennovate/vendor/laravel/framework/src/Illuminate/Foundation/Http/Kernel.php(144): Illuminate/Foundation/Http/Kernel->sendRequestThroughRouter(Object(Illuminate/Http/Request))
#60 C:/PPL-SI4705-KelA/greennovate/SI4705-KELA-main/greennovate/vendor/laravel/framework/src/Illuminate/Foundation/Application.php(1220): Illuminate/Foundation/Http/Kernel->handle(Object(Illuminate/Http/Request))
#61 C:/PPL-SI4705-KelA/greennovate/SI4705-KELA-main/greennovate/public/index.php(20): Illuminate/Foundation/Application->handleRequest(Object(Illuminate/Http/Request))
#62 C:/PPL-SI4705-KelA/greennovate/SI4705-KELA-main/greennovate/vendor/laravel/framework/src/Illuminate/Foundation/resources/server.php(23): require_once('C://PPL-SI4705-K...')
#63 {main}
"} 
[2026-05-18 16:52:24] local.ERROR: SQLSTATE[42703]: Undefined column: 7 ERROR:  column "registered_count" does not exist
LINE 1: update "kegiatan" set "registered_count" = "registered_count...
                                                   ^ (Connection: pgsql, Host: ep-sweet-bonus-anb5fldu-pooler.c-6.us-east-1.aws.neon.tech, Port: 5432, Database: Greenovete, SQL: update "kegiatan" set "registered_count" = "registered_count" + 1, "updated_at" = 2026-05-18 16:52:23 where "id" = 1) {"userId":3,"exception":"[object] (Illuminate\\Database\\QueryException(code: 42703): SQLSTATE[42703]: Undefined column: 7 ERROR:  column \"registered_count\" does not exist
LINE 1: update \"kegiatan\" set \"registered_count\" = \"registered_count...
                                                   ^ (Connection: pgsql, Host: ep-sweet-bonus-anb5fldu-pooler.c-6.us-east-1.aws.neon.tech, Port: 5432, Database: Greenovete, SQL: update \"kegiatan\" set \"registered_count\" = \"registered_count\" + 1, \"updated_at\" = 2026-05-18 16:52:23 where \"id\" = 1) at C:/PPL-SI4705-KelA/greennovate/SI4705-KELA-main/greennovate/vendor/laravel/framework/src/Illuminate/Database/Connection.php:838)
[stacktrace]
#0 C:/PPL-SI4705-KelA/greennovate/SI4705-KELA-main/greennovate/vendor/laravel/framework/src/Illuminate/Database/Connection.php(794): Illuminate/Database/Connection->runQueryCallback('update \"kegiata...', Array, Object(Closure))
#1 C:/PPL-SI4705-KelA/greennovate/SI4705-KELA-main/greennovate/vendor/laravel/framework/src/Illuminate/Database/Connection.php(597): Illuminate/Database/Connection->run('update \"kegiata...', Array, Object(Closure))
#2 C:/PPL-SI4705-KelA/greennovate/SI4705-KELA-main/greennovate/vendor/laravel/framework/src/Illuminate/Database/Connection.php(549): Illuminate/Database/Connection->affectingStatement('update \"kegiata...', Array)
#3 C:/PPL-SI4705-KelA/greennovate/SI4705-KELA-main/greennovate/vendor/laravel/framework/src/Illuminate/Database/Query/Builder.php(4234): Illuminate/Database/Connection->update('update \"kegiata...', Array)
#4 C:/PPL-SI4705-KelA/greennovate/SI4705-KELA-main/greennovate/vendor/laravel/framework/src/Illuminate/Database/Query/Builder.php(4364): Illuminate/Database/Query/Builder->update(Object(Illuminate/Support/Collection))
#5 C:/PPL-SI4705-KelA/greennovate/SI4705-KELA-main/greennovate/vendor/laravel/framework/src/Illuminate/Database/Query/Builder.php(4340): Illuminate/Database/Query/Builder->incrementEach(Array, Array)
#6 C:/PPL-SI4705-KelA/greennovate/SI4705-KELA-main/greennovate/vendor/laravel/framework/src/Illuminate/Database/Eloquent/Builder.php(1333): Illuminate/Database/Query/Builder->increment('registered_coun...', 1, Array)
#7 C:/PPL-SI4705-KelA/greennovate/SI4705-KELA-main/greennovate/vendor/laravel/framework/src/Illuminate/Database/Eloquent/Model.php(1068): Illuminate/Database/Eloquent/Builder->increment('registered_coun...', 1, Array)
#8 C:/PPL-SI4705-KelA/greennovate/SI4705-KELA-main/greennovate/vendor/laravel/framework/src/Illuminate/Database/Eloquent/Model.php(1023): Illuminate/Database/Eloquent/Model->incrementOrDecrement('registered_coun...', 1, Array, 'increment')
#9 C:/PPL-SI4705-KelA/greennovate/SI4705-KELA-main/greennovate/vendor/laravel/framework/src/Illuminate/Database/Eloquent/Model.php(2528): Illuminate/Database/Eloquent/Model->increment('registered_coun...')
#10 C:/PPL-SI4705-KelA/greennovate/SI4705-KELA-main/greennovate/app/Http/Controllers/KegiatanController.php(117): Illuminate/Database/Eloquent/Model->__call('increment', Array)
#11 C:/PPL-SI4705-KelA/greennovate/SI4705-KELA-main/greennovate/vendor/laravel/framework/src/Illuminate/Routing/ControllerDispatcher.php(46): App/Http/Controllers/KegiatanController->daftar(Object(Illuminate/Http/Request), 'aksi-tanam-poho...')
#12 C:/PPL-SI4705-KelA/greennovate/SI4705-KELA-main/greennovate/vendor/laravel/framework/src/Illuminate/Routing/Route.php(265): Illuminate/Routing/ControllerDispatcher->dispatch(Object(Illuminate/Routing/Route), Object(App/Http/Controllers/KegiatanController), 'daftar')
#13 C:/PPL-SI4705-KelA/greennovate/SI4705-KELA-main/greennovate/vendor/laravel/framework/src/Illuminate/Routing/Route.php(211): Illuminate/Routing/Route->runController()
#14 C:/PPL-SI4705-KelA/greennovate/SI4705-KELA-main/greennovate/vendor/laravel/framework/src/Illuminate/Routing/Router.php(822): Illuminate/Routing/Route->run()
#15 C:/PPL-SI4705-KelA/greennovate/SI4705-KELA-main/greennovate/vendor/laravel/framework/src/Illuminate/Pipeline/Pipeline.php(180): Illuminate/Routing/Router->Illuminate/Routing/{closure}(Object(Illuminate/Http/Request))
#16 C:/PPL-SI4705-KelA/greennovate/SI4705-KELA-main/greennovate/app/Http/Middleware/CheckActive.php(29): Illuminate/Pipeline/Pipeline->Illuminate/Pipeline/{closure}(Object(Illuminate/Http/Request))
#17 C:/PPL-SI4705-KelA/greennovate/SI4705-KELA-main/greennovate/vendor/laravel/framework/src/Illuminate/Pipeline/Pipeline.php(219): App/Http/Middleware/CheckActive->handle(Object(Illuminate/Http/Request), Object(Closure))
#18 C:/PPL-SI4705-KelA/greennovate/SI4705-KELA-main/greennovate/app/Http/Middleware/SetLocale.php(39): Illuminate/Pipeline/Pipeline->Illuminate/Pipeline/{closure}(Object(Illuminate/Http/Request))
#19 C:/PPL-SI4705-KelA/greennovate/SI4705-KELA-main/greennovate/vendor/laravel/framework/src/Illuminate/Pipeline/Pipeline.php(219): App/Http/Middleware/SetLocale->handle(Object(Illuminate/Http/Request), Object(Closure))
#20 C:/PPL-SI4705-KelA/greennovate/SI4705-KELA-main/greennovate/vendor/laravel/framework/src/Illuminate/Routing/Middleware/SubstituteBindings.php(50): Illuminate/Pipeline/Pipeline->Illuminate/Pipeline/{closure}(Object(Illuminate/Http/Request))
#21 C:/PPL-SI4705-KelA/greennovate/SI4705-KELA-main/greennovate/vendor/laravel/framework/src/Illuminate/Pipeline/Pipeline.php(219): Illuminate/Routing/Middleware/SubstituteBindings->handle(Object(Illuminate/Http/Request), Object(Closure))
#22 C:/PPL-SI4705-KelA/greennovate/SI4705-KELA-main/greennovate/vendor/laravel/framework/src/Illuminate/Auth/Middleware/Authenticate.php(63): Illuminate/Pipeline/Pipeline->Illuminate/Pipeline/{closure}(Object(Illuminate/Http/Request))
#23 C:/PPL-SI4705-KelA/greennovate/SI4705-KELA-main/greennovate/vendor/laravel/framework/src/Illuminate/Pipeline/Pipeline.php(219): Illuminate/Auth/Middleware/Authenticate->handle(Object(Illuminate/Http/Request), Object(Closure))
#24 C:/PPL-SI4705-KelA/greennovate/SI4705-KELA-main/greennovate/vendor/laravel/framework/src/Illuminate/Foundation/Http/Middleware/VerifyCsrfToken.php(87): Illuminate/Pipeline/Pipeline->Illuminate/Pipeline/{closure}(Object(Illuminate/Http/Request))
#25 C:/PPL-SI4705-KelA/greennovate/SI4705-KELA-main/greennovate/vendor/laravel/framework/src/Illuminate/Pipeline/Pipeline.php(219): Illuminate/Foundation/Http/Middleware/VerifyCsrfToken->handle(Object(Illuminate/Http/Request), Object(Closure))
#26 C:/PPL-SI4705-KelA/greennovate/SI4705-KELA-main/greennovate/vendor/laravel/framework/src/Illuminate/View/Middleware/ShareErrorsFromSession.php(48): Illuminate/Pipeline/Pipeline->Illuminate/Pipeline/{closure}(Object(Illuminate/Http/Request))
#27 C:/PPL-SI4705-KelA/greennovate/SI4705-KELA-main/greennovate/vendor/laravel/framework/src/Illuminate/Pipeline/Pipeline.php(219): Illuminate/View/Middleware/ShareErrorsFromSession->handle(Object(Illuminate/Http/Request), Object(Closure))
#28 C:/PPL-SI4705-KelA/greennovate/SI4705-KELA-main/greennovate/vendor/laravel/framework/src/Illuminate/Session/Middleware/StartSession.php(120): Illuminate/Pipeline/Pipeline->Illuminate/Pipeline/{closure}(Object(Illuminate/Http/Request))
#29 C:/PPL-SI4705-KelA/greennovate/SI4705-KELA-main/greennovate/vendor/laravel/framework/src/Illuminate/Session/Middleware/StartSession.php(63): Illuminate/Session/Middleware/StartSession->handleStatefulRequest(Object(Illuminate/Http/Request), Object(Illuminate/Session/Store), Object(Closure))
#30 C:/PPL-SI4705-KelA/greennovate/SI4705-KELA-main/greennovate/vendor/laravel/framework/src/Illuminate/Pipeline/Pipeline.php(219): Illuminate/Session/Middleware/StartSession->handle(Object(Illuminate/Http/Request), Object(Closure))
#31 C:/PPL-SI4705-KelA/greennovate/SI4705-KELA-main/greennovate/vendor/laravel/framework/src/Illuminate/Cookie/Middleware/AddQueuedCookiesToResponse.php(36): Illuminate/Pipeline/Pipeline->Illuminate/Pipeline/{closure}(Object(Illuminate/Http/Request))
#32 C:/PPL-SI4705-KelA/greennovate/SI4705-KELA-main/greennovate/vendor/laravel/framework/src/Illuminate/Pipeline/Pipeline.php(219): Illuminate/Cookie/Middleware/AddQueuedCookiesToResponse->handle(Object(Illuminate/Http/Request), Object(Closure))
#33 C:/PPL-SI4705-KelA/greennovate/SI4705-KELA-main/greennovate/vendor/laravel/framework/src/Illuminate/Cookie/Middleware/EncryptCookies.php(74): Illuminate/Pipeline/Pipeline->Illuminate/Pipeline/{closure}(Object(Illuminate/Http/Request))
#34 C:/PPL-SI4705-KelA/greennovate/SI4705-KELA-main/greennovate/vendor/laravel/framework/src/Illuminate/Pipeline/Pipeline.php(219): Illuminate/Cookie/Middleware/EncryptCookies->handle(Object(Illuminate/Http/Request), Object(Closure))
#35 C:/PPL-SI4705-KelA/greennovate/SI4705-KELA-main/greennovate/vendor/laravel/framework/src/Illuminate/Pipeline/Pipeline.php(137): Illuminate/Pipeline/Pipeline->Illuminate/Pipeline/{closure}(Object(Illuminate/Http/Request))
#36 C:/PPL-SI4705-KelA/greennovate/SI4705-KELA-main/greennovate/vendor/laravel/framework/src/Illuminate/Routing/Router.php(821): Illuminate/Pipeline/Pipeline->then(Object(Closure))
#37 C:/PPL-SI4705-KelA/greennovate/SI4705-KELA-main/greennovate/vendor/laravel/framework/src/Illuminate/Routing/Router.php(800): Illuminate/Routing/Router->runRouteWithinStack(Object(Illuminate/Routing/Route), Object(Illuminate/Http/Request))
#38 C:/PPL-SI4705-KelA/greennovate/SI4705-KELA-main/greennovate/vendor/laravel/framework/src/Illuminate/Routing/Router.php(764): Illuminate/Routing/Router->runRoute(Object(Illuminate/Http/Request), Object(Illuminate/Routing/Route))
#39 C:/PPL-SI4705-KelA/greennovate/SI4705-KELA-main/greennovate/vendor/laravel/framework/src/Illuminate/Routing/Router.php(753): Illuminate/Routing/Router->dispatchToRoute(Object(Illuminate/Http/Request))
#40 C:/PPL-SI4705-KelA/greennovate/SI4705-KELA-main/greennovate/vendor/laravel/framework/src/Illuminate/Foundation/Http/Kernel.php(200): Illuminate/Routing/Router->dispatch(Object(Illuminate/Http/Request))
#41 C:/PPL-SI4705-KelA/greennovate/SI4705-KELA-main/greennovate/vendor/laravel/framework/src/Illuminate/Pipeline/Pipeline.php(180): Illuminate/Foundation/Http/Kernel->Illuminate/Foundation/Http/{closure}(Object(Illuminate/Http/Request))
#42 C:/PPL-SI4705-KelA/greennovate/SI4705-KELA-main/greennovate/vendor/laravel/framework/src/Illuminate/Foundation/Http/Middleware/TransformsRequest.php(21): Illuminate/Pipeline/Pipeline->Illuminate/Pipeline/{closure}(Object(Illuminate/Http/Request))
#43 C:/PPL-SI4705-KelA/greennovate/SI4705-KELA-main/greennovate/vendor/laravel/framework/src/Illuminate/Foundation/Http/Middleware/ConvertEmptyStringsToNull.php(31): Illuminate/Foundation/Http/Middleware/TransformsRequest->handle(Object(Illuminate/Http/Request), Object(Closure))
#44 C:/PPL-SI4705-KelA/greennovate/SI4705-KELA-main/greennovate/vendor/laravel/framework/src/Illuminate/Pipeline/Pipeline.php(219): Illuminate/Foundation/Http/Middleware/ConvertEmptyStringsToNull->handle(Object(Illuminate/Http/Request), Object(Closure))
#45 C:/PPL-SI4705-KelA/greennovate/SI4705-KELA-main/greennovate/vendor/laravel/framework/src/Illuminate/Foundation/Http/Middleware/TransformsRequest.php(21): Illuminate/Pipeline/Pipeline->Illuminate/Pipeline/{closure}(Object(Illuminate/Http/Request))
#46 C:/PPL-SI4705-KelA/greennovate/SI4705-KELA-main/greennovate/vendor/laravel/framework/src/Illuminate/Foundation/Http/Middleware/TrimStrings.php(51): Illuminate/Foundation/Http/Middleware/TransformsRequest->handle(Object(Illuminate/Http/Request), Object(Closure))
#47 C:/PPL-SI4705-KelA/greennovate/SI4705-KELA-main/greennovate/vendor/laravel/framework/src/Illuminate/Pipeline/Pipeline.php(219): Illuminate/Foundation/Http/Middleware/TrimStrings->handle(Object(Illuminate/Http/Request), Object(Closure))
#48 C:/PPL-SI4705-KelA/greennovate/SI4705-KELA-main/greennovate/vendor/laravel/framework/src/Illuminate/Http/Middleware/ValidatePostSize.php(27): Illuminate/Pipeline/Pipeline->Illuminate/Pipeline/{closure}(Object(Illuminate/Http/Request))
#49 C:/PPL-SI4705-KelA/greennovate/SI4705-KELA-main/greennovate/vendor/laravel/framework/src/Illuminate/Pipeline/Pipeline.php(219): Illuminate/Http/Middleware/ValidatePostSize->handle(Object(Illuminate/Http/Request), Object(Closure))
#50 C:/PPL-SI4705-KelA/greennovate/SI4705-KELA-main/greennovate/vendor/laravel/framework/src/Illuminate/Foundation/Http/Middleware/PreventRequestsDuringMaintenance.php(109): Illuminate/Pipeline/Pipeline->Illuminate/Pipeline/{closure}(Object(Illuminate/Http/Request))
#51 C:/PPL-SI4705-KelA/greennovate/SI4705-KELA-main/greennovate/vendor/laravel/framework/src/Illuminate/Pipeline/Pipeline.php(219): Illuminate/Foundation/Http/Middleware/PreventRequestsDuringMaintenance->handle(Object(Illuminate/Http/Request), Object(Closure))
#52 C:/PPL-SI4705-KelA/greennovate/SI4705-KELA-main/greennovate/vendor/laravel/framework/src/Illuminate/Http/Middleware/HandleCors.php(61): Illuminate/Pipeline/Pipeline->Illuminate/Pipeline/{closure}(Object(Illuminate/Http/Request))
#53 C:/PPL-SI4705-KelA/greennovate/SI4705-KELA-main/greennovate/vendor/laravel/framework/src/Illuminate/Pipeline/Pipeline.php(219): Illuminate/Http/Middleware/HandleCors->handle(Object(Illuminate/Http/Request), Object(Closure))
#54 C:/PPL-SI4705-KelA/greennovate/SI4705-KELA-main/greennovate/vendor/laravel/framework/src/Illuminate/Http/Middleware/TrustProxies.php(58): Illuminate/Pipeline/Pipeline->Illuminate/Pipeline/{closure}(Object(Illuminate/Http/Request))
#55 C:/PPL-SI4705-KelA/greennovate/SI4705-KELA-main/greennovate/vendor/laravel/framework/src/Illuminate/Pipeline/Pipeline.php(219): Illuminate/Http/Middleware/TrustProxies->handle(Object(Illuminate/Http/Request), Object(Closure))
#56 C:/PPL-SI4705-KelA/greennovate/SI4705-KELA-main/greennovate/vendor/laravel/framework/src/Illuminate/Foundation/Http/Middleware/InvokeDeferredCallbacks.php(22): Illuminate/Pipeline/Pipeline->Illuminate/Pipeline/{closure}(Object(Illuminate/Http/Request))
#57 C:/PPL-SI4705-KelA/greennovate/SI4705-KELA-main/greennovate/vendor/laravel/framework/src/Illuminate/Pipeline/Pipeline.php(219): Illuminate/Foundation/Http/Middleware/InvokeDeferredCallbacks->handle(Object(Illuminate/Http/Request), Object(Closure))
#58 C:/PPL-SI4705-KelA/greennovate/SI4705-KELA-main/greennovate/vendor/laravel/framework/src/Illuminate/Http/Middleware/ValidatePathEncoding.php(26): Illuminate/Pipeline/Pipeline->Illuminate/Pipeline/{closure}(Object(Illuminate/Http/Request))
#59 C:/PPL-SI4705-KelA/greennovate/SI4705-KELA-main/greennovate/vendor/laravel/framework/src/Illuminate/Pipeline/Pipeline.php(219): Illuminate/Http/Middleware/ValidatePathEncoding->handle(Object(Illuminate/Http/Request), Object(Closure))
#60 C:/PPL-SI4705-KelA/greennovate/SI4705-KELA-main/greennovate/vendor/laravel/framework/src/Illuminate/Pipeline/Pipeline.php(137): Illuminate/Pipeline/Pipeline->Illuminate/Pipeline/{closure}(Object(Illuminate/Http/Request))
#61 C:/PPL-SI4705-KelA/greennovate/SI4705-KELA-main/greennovate/vendor/laravel/framework/src/Illuminate/Foundation/Http/Kernel.php(175): Illuminate/Pipeline/Pipeline->then(Object(Closure))
#62 C:/PPL-SI4705-KelA/greennovate/SI4705-KELA-main/greennovate/vendor/laravel/framework/src/Illuminate/Foundation/Http/Kernel.php(144): Illuminate/Foundation/Http/Kernel->sendRequestThroughRouter(Object(Illuminate/Http/Request))
#63 C:/PPL-SI4705-KelA/greennovate/SI4705-KELA-main/greennovate/vendor/laravel/framework/src/Illuminate/Foundation/Application.php(1220): Illuminate/Foundation/Http/Kernel->handle(Object(Illuminate/Http/Request))
#64 C:/PPL-SI4705-KelA/greennovate/SI4705-KELA-main/greennovate/public/index.php(20): Illuminate/Foundation/Application->handleRequest(Object(Illuminate/Http/Request))
#65 C:/PPL-SI4705-KelA/greennovate/SI4705-KELA-main/greennovate/vendor/laravel/framework/src/Illuminate/Foundation/resources/server.php(23): require_once('C://PPL-SI4705-K...')
#66 {main}

[previous exception] [object] (PDOException(code: 42703): SQLSTATE[42703]: Undefined column: 7 ERROR:  column \"registered_count\" does not exist
LINE 1: update \"kegiatan\" set \"registered_count\" = \"registered_count...
                                                   ^ at C:/PPL-SI4705-KelA/greennovate/SI4705-KELA-main/greennovate/vendor/laravel/framework/src/Illuminate/Database/Connection.php:609)
[stacktrace]
#0 C:/PPL-SI4705-KelA/greennovate/SI4705-KELA-main/greennovate/vendor/laravel/framework/src/Illuminate/Database/Connection.php(609): PDOStatement->execute()
#1 C:/PPL-SI4705-KelA/greennovate/SI4705-KELA-main/greennovate/vendor/laravel/framework/src/Illuminate/Database/Connection.php(827): Illuminate/Database/Connection->Illuminate/Database/{closure}('update \"kegiata...', Array)
#2 C:/PPL-SI4705-KelA/greennovate/SI4705-KELA-main/greennovate/vendor/laravel/framework/src/Illuminate/Database/Connection.php(794): Illuminate/Database/Connection->runQueryCallback('update \"kegiata...', Array, Object(Closure))
#3 C:/PPL-SI4705-KelA/greennovate/SI4705-KELA-main/greennovate/vendor/laravel/framework/src/Illuminate/Database/Connection.php(597): Illuminate/Database/Connection->run('update \"kegiata...', Array, Object(Closure))
#4 C:/PPL-SI4705-KelA/greennovate/SI4705-KELA-main/greennovate/vendor/laravel/framework/src/Illuminate/Database/Connection.php(549): Illuminate/Database/Connection->affectingStatement('update \"kegiata...', Array)
#5 C:/PPL-SI4705-KelA/greennovate/SI4705-KELA-main/greennovate/vendor/laravel/framework/src/Illuminate/Database/Query/Builder.php(4234): Illuminate/Database/Connection->update('update \"kegiata...', Array)
#6 C:/PPL-SI4705-KelA/greennovate/SI4705-KELA-main/greennovate/vendor/laravel/framework/src/Illuminate/Database/Query/Builder.php(4364): Illuminate/Database/Query/Builder->update(Object(Illuminate/Support/Collection))
#7 C:/PPL-SI4705-KelA/greennovate/SI4705-KELA-main/greennovate/vendor/laravel/framework/src/Illuminate/Database/Query/Builder.php(4340): Illuminate/Database/Query/Builder->incrementEach(Array, Array)
#8 C:/PPL-SI4705-KelA/greennovate/SI4705-KELA-main/greennovate/vendor/laravel/framework/src/Illuminate/Database/Eloquent/Builder.php(1333): Illuminate/Database/Query/Builder->increment('registered_coun...', 1, Array)
#9 C:/PPL-SI4705-KelA/greennovate/SI4705-KELA-main/greennovate/vendor/laravel/framework/src/Illuminate/Database/Eloquent/Model.php(1068): Illuminate/Database/Eloquent/Builder->increment('registered_coun...', 1, Array)
#10 C:/PPL-SI4705-KelA/greennovate/SI4705-KELA-main/greennovate/vendor/laravel/framework/src/Illuminate/Database/Eloquent/Model.php(1023): Illuminate/Database/Eloquent/Model->incrementOrDecrement('registered_coun...', 1, Array, 'increment')
#11 C:/PPL-SI4705-KelA/greennovate/SI4705-KELA-main/greennovate/vendor/laravel/framework/src/Illuminate/Database/Eloquent/Model.php(2528): Illuminate/Database/Eloquent/Model->increment('registered_coun...')
#12 C:/PPL-SI4705-KelA/greennovate/SI4705-KELA-main/greennovate/app/Http/Controllers/KegiatanController.php(117): Illuminate/Database/Eloquent/Model->__call('increment', Array)
#13 C:/PPL-SI4705-KelA/greennovate/SI4705-KELA-main/greennovate/vendor/laravel/framework/src/Illuminate/Routing/ControllerDispatcher.php(46): App/Http/Controllers/KegiatanController->daftar(Object(Illuminate/Http/Request), 'aksi-tanam-poho...')
#14 C:/PPL-SI4705-KelA/greennovate/SI4705-KELA-main/greennovate/vendor/laravel/framework/src/Illuminate/Routing/Route.php(265): Illuminate/Routing/ControllerDispatcher->dispatch(Object(Illuminate/Routing/Route), Object(App/Http/Controllers/KegiatanController), 'daftar')
#15 C:/PPL-SI4705-KelA/greennovate/SI4705-KELA-main/greennovate/vendor/laravel/framework/src/Illuminate/Routing/Route.php(211): Illuminate/Routing/Route->runController()
#16 C:/PPL-SI4705-KelA/greennovate/SI4705-KELA-main/greennovate/vendor/laravel/framework/src/Illuminate/Routing/Router.php(822): Illuminate/Routing/Route->run()
#17 C:/PPL-SI4705-KelA/greennovate/SI4705-KELA-main/greennovate/vendor/laravel/framework/src/Illuminate/Pipeline/Pipeline.php(180): Illuminate/Routing/Router->Illuminate/Routing/{closure}(Object(Illuminate/Http/Request))
#18 C:/PPL-SI4705-KelA/greennovate/SI4705-KELA-main/greennovate/app/Http/Middleware/CheckActive.php(29): Illuminate/Pipeline/Pipeline->Illuminate/Pipeline/{closure}(Object(Illuminate/Http/Request))
#19 C:/PPL-SI4705-KelA/greennovate/SI4705-KELA-main/greennovate/vendor/laravel/framework/src/Illuminate/Pipeline/Pipeline.php(219): App/Http/Middleware/CheckActive->handle(Object(Illuminate/Http/Request), Object(Closure))
#20 C:/PPL-SI4705-KelA/greennovate/SI4705-KELA-main/greennovate/app/Http/Middleware/SetLocale.php(39): Illuminate/Pipeline/Pipeline->Illuminate/Pipeline/{closure}(Object(Illuminate/Http/Request))
#21 C:/PPL-SI4705-KelA/greennovate/SI4705-KELA-main/greennovate/vendor/laravel/framework/src/Illuminate/Pipeline/Pipeline.php(219): App/Http/Middleware/SetLocale->handle(Object(Illuminate/Http/Request), Object(Closure))
#22 C:/PPL-SI4705-KelA/greennovate/SI4705-KELA-main/greennovate/vendor/laravel/framework/src/Illuminate/Routing/Middleware/SubstituteBindings.php(50): Illuminate/Pipeline/Pipeline->Illuminate/Pipeline/{closure}(Object(Illuminate/Http/Request))
#23 C:/PPL-SI4705-KelA/greennovate/SI4705-KELA-main/greennovate/vendor/laravel/framework/src/Illuminate/Pipeline/Pipeline.php(219): Illuminate/Routing/Middleware/SubstituteBindings->handle(Object(Illuminate/Http/Request), Object(Closure))
#24 C:/PPL-SI4705-KelA/greennovate/SI4705-KELA-main/greennovate/vendor/laravel/framework/src/Illuminate/Auth/Middleware/Authenticate.php(63): Illuminate/Pipeline/Pipeline->Illuminate/Pipeline/{closure}(Object(Illuminate/Http/Request))
#25 C:/PPL-SI4705-KelA/greennovate/SI4705-KELA-main/greennovate/vendor/laravel/framework/src/Illuminate/Pipeline/Pipeline.php(219): Illuminate/Auth/Middleware/Authenticate->handle(Object(Illuminate/Http/Request), Object(Closure))
#26 C:/PPL-SI4705-KelA/greennovate/SI4705-KELA-main/greennovate/vendor/laravel/framework/src/Illuminate/Foundation/Http/Middleware/VerifyCsrfToken.php(87): Illuminate/Pipeline/Pipeline->Illuminate/Pipeline/{closure}(Object(Illuminate/Http/Request))
#27 C:/PPL-SI4705-KelA/greennovate/SI4705-KELA-main/greennovate/vendor/laravel/framework/src/Illuminate/Pipeline/Pipeline.php(219): Illuminate/Foundation/Http/Middleware/VerifyCsrfToken->handle(Object(Illuminate/Http/Request), Object(Closure))
#28 C:/PPL-SI4705-KelA/greennovate/SI4705-KELA-main/greennovate/vendor/laravel/framework/src/Illuminate/View/Middleware/ShareErrorsFromSession.php(48): Illuminate/Pipeline/Pipeline->Illuminate/Pipeline/{closure}(Object(Illuminate/Http/Request))
#29 C:/PPL-SI4705-KelA/greennovate/SI4705-KELA-main/greennovate/vendor/laravel/framework/src/Illuminate/Pipeline/Pipeline.php(219): Illuminate/View/Middleware/ShareErrorsFromSession->handle(Object(Illuminate/Http/Request), Object(Closure))
#30 C:/PPL-SI4705-KelA/greennovate/SI4705-KELA-main/greennovate/vendor/laravel/framework/src/Illuminate/Session/Middleware/StartSession.php(120): Illuminate/Pipeline/Pipeline->Illuminate/Pipeline/{closure}(Object(Illuminate/Http/Request))
#31 C:/PPL-SI4705-KelA/greennovate/SI4705-KELA-main/greennovate/vendor/laravel/framework/src/Illuminate/Session/Middleware/StartSession.php(63): Illuminate/Session/Middleware/StartSession->handleStatefulRequest(Object(Illuminate/Http/Request), Object(Illuminate/Session/Store), Object(Closure))
#32 C:/PPL-SI4705-KelA/greennovate/SI4705-KELA-main/greennovate/vendor/laravel/framework/src/Illuminate/Pipeline/Pipeline.php(219): Illuminate/Session/Middleware/StartSession->handle(Object(Illuminate/Http/Request), Object(Closure))
#33 C:/PPL-SI4705-KelA/greennovate/SI4705-KELA-main/greennovate/vendor/laravel/framework/src/Illuminate/Cookie/Middleware/AddQueuedCookiesToResponse.php(36): Illuminate/Pipeline/Pipeline->Illuminate/Pipeline/{closure}(Object(Illuminate/Http/Request))
#34 C:/PPL-SI4705-KelA/greennovate/SI4705-KELA-main/greennovate/vendor/laravel/framework/src/Illuminate/Pipeline/Pipeline.php(219): Illuminate/Cookie/Middleware/AddQueuedCookiesToResponse->handle(Object(Illuminate/Http/Request), Object(Closure))
#35 C:/PPL-SI4705-KelA/greennovate/SI4705-KELA-main/greennovate/vendor/laravel/framework/src/Illuminate/Cookie/Middleware/EncryptCookies.php(74): Illuminate/Pipeline/Pipeline->Illuminate/Pipeline/{closure}(Object(Illuminate/Http/Request))
#36 C:/PPL-SI4705-KelA/greennovate/SI4705-KELA-main/greennovate/vendor/laravel/framework/src/Illuminate/Pipeline/Pipeline.php(219): Illuminate/Cookie/Middleware/EncryptCookies->handle(Object(Illuminate/Http/Request), Object(Closure))
#37 C:/PPL-SI4705-KelA/greennovate/SI4705-KELA-main/greennovate/vendor/laravel/framework/src/Illuminate/Pipeline/Pipeline.php(137): Illuminate/Pipeline/Pipeline->Illuminate/Pipeline/{closure}(Object(Illuminate/Http/Request))
#38 C:/PPL-SI4705-KelA/greennovate/SI4705-KELA-main/greennovate/vendor/laravel/framework/src/Illuminate/Routing/Router.php(821): Illuminate/Pipeline/Pipeline->then(Object(Closure))
#39 C:/PPL-SI4705-KelA/greennovate/SI4705-KELA-main/greennovate/vendor/laravel/framework/src/Illuminate/Routing/Router.php(800): Illuminate/Routing/Router->runRouteWithinStack(Object(Illuminate/Routing/Route), Object(Illuminate/Http/Request))
#40 C:/PPL-SI4705-KelA/greennovate/SI4705-KELA-main/greennovate/vendor/laravel/framework/src/Illuminate/Routing/Router.php(764): Illuminate/Routing/Router->runRoute(Object(Illuminate/Http/Request), Object(Illuminate/Routing/Route))
#41 C:/PPL-SI4705-KelA/greennovate/SI4705-KELA-main/greennovate/vendor/laravel/framework/src/Illuminate/Routing/Router.php(753): Illuminate/Routing/Router->dispatchToRoute(Object(Illuminate/Http/Request))
#42 C:/PPL-SI4705-KelA/greennovate/SI4705-KELA-main/greennovate/vendor/laravel/framework/src/Illuminate/Foundation/Http/Kernel.php(200): Illuminate/Routing/Router->dispatch(Object(Illuminate/Http/Request))
#43 C:/PPL-SI4705-KelA/greennovate/SI4705-KELA-main/greennovate/vendor/laravel/framework/src/Illuminate/Pipeline/Pipeline.php(180): Illuminate/Foundation/Http/Kernel->Illuminate/Foundation/Http/{closure}(Object(Illuminate/Http/Request))
#44 C:/PPL-SI4705-KelA/greennovate/SI4705-KELA-main/greennovate/vendor/laravel/framework/src/Illuminate/Foundation/Http/Middleware/TransformsRequest.php(21): Illuminate/Pipeline/Pipeline->Illuminate/Pipeline/{closure}(Object(Illuminate/Http/Request))
#45 C:/PPL-SI4705-KelA/greennovate/SI4705-KELA-main/greennovate/vendor/laravel/framework/src/Illuminate/Foundation/Http/Middleware/ConvertEmptyStringsToNull.php(31): Illuminate/Foundation/Http/Middleware/TransformsRequest->handle(Object(Illuminate/Http/Request), Object(Closure))
#46 C:/PPL-SI4705-KelA/greennovate/SI4705-KELA-main/greennovate/vendor/laravel/framework/src/Illuminate/Pipeline/Pipeline.php(219): Illuminate/Foundation/Http/Middleware/ConvertEmptyStringsToNull->handle(Object(Illuminate/Http/Request), Object(Closure))
#47 C:/PPL-SI4705-KelA/greennovate/SI4705-KELA-main/greennovate/vendor/laravel/framework/src/Illuminate/Foundation/Http/Middleware/TransformsRequest.php(21): Illuminate/Pipeline/Pipeline->Illuminate/Pipeline/{closure}(Object(Illuminate/Http/Request))
#48 C:/PPL-SI4705-KelA/greennovate/SI4705-KELA-main/greennovate/vendor/laravel/framework/src/Illuminate/Foundation/Http/Middleware/TrimStrings.php(51): Illuminate/Foundation/Http/Middleware/TransformsRequest->handle(Object(Illuminate/Http/Request), Object(Closure))
#49 C:/PPL-SI4705-KelA/greennovate/SI4705-KELA-main/greennovate/vendor/laravel/framework/src/Illuminate/Pipeline/Pipeline.php(219): Illuminate/Foundation/Http/Middleware/TrimStrings->handle(Object(Illuminate/Http/Request), Object(Closure))
#50 C:/PPL-SI4705-KelA/greennovate/SI4705-KELA-main/greennovate/vendor/laravel/framework/src/Illuminate/Http/Middleware/ValidatePostSize.php(27): Illuminate/Pipeline/Pipeline->Illuminate/Pipeline/{closure}(Object(Illuminate/Http/Request))
#51 C:/PPL-SI4705-KelA/greennovate/SI4705-KELA-main/greennovate/vendor/laravel/framework/src/Illuminate/Pipeline/Pipeline.php(219): Illuminate/Http/Middleware/ValidatePostSize->handle(Object(Illuminate/Http/Request), Object(Closure))
#52 C:/PPL-SI4705-KelA/greennovate/SI4705-KELA-main/greennovate/vendor/laravel/framework/src/Illuminate/Foundation/Http/Middleware/PreventRequestsDuringMaintenance.php(109): Illuminate/Pipeline/Pipeline->Illuminate/Pipeline/{closure}(Object(Illuminate/Http/Request))
#53 C:/PPL-SI4705-KelA/greennovate/SI4705-KELA-main/greennovate/vendor/laravel/framework/src/Illuminate/Pipeline/Pipeline.php(219): Illuminate/Foundation/Http/Middleware/PreventRequestsDuringMaintenance->handle(Object(Illuminate/Http/Request), Object(Closure))
#54 C:/PPL-SI4705-KelA/greennovate/SI4705-KELA-main/greennovate/vendor/laravel/framework/src/Illuminate/Http/Middleware/HandleCors.php(61): Illuminate/Pipeline/Pipeline->Illuminate/Pipeline/{closure}(Object(Illuminate/Http/Request))
#55 C:/PPL-SI4705-KelA/greennovate/SI4705-KELA-main/greennovate/vendor/laravel/framework/src/Illuminate/Pipeline/Pipeline.php(219): Illuminate/Http/Middleware/HandleCors->handle(Object(Illuminate/Http/Request), Object(Closure))
#56 C:/PPL-SI4705-KelA/greennovate/SI4705-KELA-main/greennovate/vendor/laravel/framework/src/Illuminate/Http/Middleware/TrustProxies.php(58): Illuminate/Pipeline/Pipeline->Illuminate/Pipeline/{closure}(Object(Illuminate/Http/Request))
#57 C:/PPL-SI4705-KelA/greennovate/SI4705-KELA-main/greennovate/vendor/laravel/framework/src/Illuminate/Pipeline/Pipeline.php(219): Illuminate/Http/Middleware/TrustProxies->handle(Object(Illuminate/Http/Request), Object(Closure))
#58 C:/PPL-SI4705-KelA/greennovate/SI4705-KELA-main/greennovate/vendor/laravel/framework/src/Illuminate/Foundation/Http/Middleware/InvokeDeferredCallbacks.php(22): Illuminate/Pipeline/Pipeline->Illuminate/Pipeline/{closure}(Object(Illuminate/Http/Request))
#59 C:/PPL-SI4705-KelA/greennovate/SI4705-KELA-main/greennovate/vendor/laravel/framework/src/Illuminate/Pipeline/Pipeline.php(219): Illuminate/Foundation/Http/Middleware/InvokeDeferredCallbacks->handle(Object(Illuminate/Http/Request), Object(Closure))
#60 C:/PPL-SI4705-KelA/greennovate/SI4705-KELA-main/greennovate/vendor/laravel/framework/src/Illuminate/Http/Middleware/ValidatePathEncoding.php(26): Illuminate/Pipeline/Pipeline->Illuminate/Pipeline/{closure}(Object(Illuminate/Http/Request))
#61 C:/PPL-SI4705-KelA/greennovate/SI4705-KELA-main/greennovate/vendor/laravel/framework/src/Illuminate/Pipeline/Pipeline.php(219): Illuminate/Http/Middleware/ValidatePathEncoding->handle(Object(Illuminate/Http/Request), Object(Closure))
#62 C:/PPL-SI4705-KelA/greennovate/SI4705-KELA-main/greennovate/vendor/laravel/framework/src/Illuminate/Pipeline/Pipeline.php(137): Illuminate/Pipeline/Pipeline->Illuminate/Pipeline/{closure}(Object(Illuminate/Http/Request))
#63 C:/PPL-SI4705-KelA/greennovate/SI4705-KELA-main/greennovate/vendor/laravel/framework/src/Illuminate/Foundation/Http/Kernel.php(175): Illuminate/Pipeline/Pipeline->then(Object(Closure))
#64 C:/PPL-SI4705-KelA/greennovate/SI4705-KELA-main/greennovate/vendor/laravel/framework/src/Illuminate/Foundation/Http/Kernel.php(144): Illuminate/Foundation/Http/Kernel->sendRequestThroughRouter(Object(Illuminate/Http/Request))
#65 C:/PPL-SI4705-KelA/greennovate/SI4705-KELA-main/greennovate/vendor/laravel/framework/src/Illuminate/Foundation/Application.php(1220): Illuminate/Foundation/Http/Kernel->handle(Object(Illuminate/Http/Request))
#66 C:/PPL-SI4705-KelA/greennovate/SI4705-KELA-main/greennovate/public/index.php(20): Illuminate/Foundation/Application->handleRequest(Object(Illuminate/Http/Request))
#67 C:/PPL-SI4705-KelA/greennovate/SI4705-KELA-main/greennovate/vendor/laravel/framework/src/Illuminate/Foundation/resources/server.php(23): require_once('C://PPL-SI4705-K...')
#68 {main}
"} 
[2026-05-18 17:00:16] local.ERROR: Maximum execution time of 60 seconds exceeded {"userId":3,"exception":"[object] (Symfony\\Component\\ErrorHandler\\Error\\FatalError(code: 0): Maximum execution time of 60 seconds exceeded at C:/PPL-SI4705-KelA/greennovate/SI4705-KELA-main/greennovate/vendor/laravel/framework/src/Illuminate/Database/Connection.php:427)
[stacktrace]
#0 {main}
"} 
[2026-05-19 07:02:14] local.ERROR: SQLSTATE[42P01]: Undefined table: 7 ERROR:  relation "lokasi_lahans" does not exist
LINE 1: select count(*) as aggregate from "lokasi_lahans"
                                          ^ (Connection: pgsql, Host: ep-sweet-bonus-anb5fldu-pooler.c-6.us-east-1.aws.neon.tech, Port: 5432, Database: Greenovete, SQL: select count(*) as aggregate from "lokasi_lahans") {"exception":"[object] (Illuminate\\Database\\QueryException(code: 42P01): SQLSTATE[42P01]: Undefined table: 7 ERROR:  relation \"lokasi_lahans\" does not exist
LINE 1: select count(*) as aggregate from \"lokasi_lahans\"
                                          ^ (Connection: pgsql, Host: ep-sweet-bonus-anb5fldu-pooler.c-6.us-east-1.aws.neon.tech, Port: 5432, Database: Greenovete, SQL: select count(*) as aggregate from \"lokasi_lahans\") at C:/PPL-SI4705-KelA/greennovate/SI4705-KELA-main/greennovate/vendor/laravel/framework/src/Illuminate/Database/Connection.php:838)
[stacktrace]
#0 C:/PPL-SI4705-KelA/greennovate/SI4705-KELA-main/greennovate/vendor/laravel/framework/src/Illuminate/Database/Connection.php(794): Illuminate/Database/Connection->runQueryCallback('select count(*)...', Array, Object(Closure))
#1 C:/PPL-SI4705-KelA/greennovate/SI4705-KELA-main/greennovate/vendor/laravel/framework/src/Illuminate/Database/Connection.php(411): Illuminate/Database/Connection->run('select count(*)...', Array, Object(Closure))
#2 C:/PPL-SI4705-KelA/greennovate/SI4705-KELA-main/greennovate/vendor/laravel/framework/src/Illuminate/Database/Query/Builder.php(3505): Illuminate/Database/Connection->select('select count(*)...', Array, true)
#3 C:/PPL-SI4705-KelA/greennovate/SI4705-KELA-main/greennovate/vendor/laravel/framework/src/Illuminate/Database/Query/Builder.php(3490): Illuminate/Database/Query/Builder->runSelect()
#4 C:/PPL-SI4705-KelA/greennovate/SI4705-KELA-main/greennovate/vendor/laravel/framework/src/Illuminate/Database/Query/Builder.php(4080): Illuminate/Database/Query/Builder->Illuminate/Database/Query/{closure}()
#5 C:/PPL-SI4705-KelA/greennovate/SI4705-KELA-main/greennovate/vendor/laravel/framework/src/Illuminate/Database/Query/Builder.php(3489): Illuminate/Database/Query/Builder->onceWithColumns(Array, Object(Closure))
#6 C:/PPL-SI4705-KelA/greennovate/SI4705-KELA-main/greennovate/vendor/laravel/framework/src/Illuminate/Database/Query/Builder.php(4004): Illuminate/Database/Query/Builder->get(Array)
#7 C:/PPL-SI4705-KelA/greennovate/SI4705-KELA-main/greennovate/vendor/laravel/framework/src/Illuminate/Database/Query/Builder.php(3932): Illuminate/Database/Query/Builder->aggregate('count', Array)
#8 C:/PPL-SI4705-KelA/greennovate/SI4705-KELA-main/greennovate/vendor/laravel/framework/src/Illuminate/Database/Eloquent/Builder.php(2237): Illuminate/Database/Query/Builder->count()
#9 C:/PPL-SI4705-KelA/greennovate/SI4705-KELA-main/greennovate/vendor/laravel/framework/src/Illuminate/Support/Traits/ForwardsCalls.php(23): Illuminate/Database/Eloquent/Builder->__call('count', Array)
#10 C:/PPL-SI4705-KelA/greennovate/SI4705-KELA-main/greennovate/vendor/laravel/framework/src/Illuminate/Database/Eloquent/Model.php(2540): Illuminate/Database/Eloquent/Model->forwardCallTo(Object(Illuminate/Database/Eloquent/Builder), 'count', Array)
#11 C:/PPL-SI4705-KelA/greennovate/SI4705-KELA-main/greennovate/vendor/laravel/framework/src/Illuminate/Database/Eloquent/Model.php(2556): Illuminate/Database/Eloquent/Model->__call('count', Array)
#12 C:/PPL-SI4705-KelA/greennovate/SI4705-KELA-main/greennovate/app/Http/Controllers/LandingController.php(15): Illuminate/Database/Eloquent/Model::__callStatic('count', Array)
#13 C:/PPL-SI4705-KelA/greennovate/SI4705-KELA-main/greennovate/vendor/laravel/framework/src/Illuminate/Routing/ControllerDispatcher.php(46): App/Http/Controllers/LandingController->index()
#14 C:/PPL-SI4705-KelA/greennovate/SI4705-KELA-main/greennovate/vendor/laravel/framework/src/Illuminate/Routing/Route.php(265): Illuminate/Routing/ControllerDispatcher->dispatch(Object(Illuminate/Routing/Route), Object(App/Http/Controllers/LandingController), 'index')
#15 C:/PPL-SI4705-KelA/greennovate/SI4705-KELA-main/greennovate/vendor/laravel/framework/src/Illuminate/Routing/Route.php(211): Illuminate/Routing/Route->runController()
#16 C:/PPL-SI4705-KelA/greennovate/SI4705-KELA-main/greennovate/vendor/laravel/framework/src/Illuminate/Routing/Router.php(822): Illuminate/Routing/Route->run()
#17 C:/PPL-SI4705-KelA/greennovate/SI4705-KELA-main/greennovate/vendor/laravel/framework/src/Illuminate/Pipeline/Pipeline.php(180): Illuminate/Routing/Router->Illuminate/Routing/{closure}(Object(Illuminate/Http/Request))
#18 C:/PPL-SI4705-KelA/greennovate/SI4705-KELA-main/greennovate/app/Http/Middleware/SetLocale.php(39): Illuminate/Pipeline/Pipeline->Illuminate/Pipeline/{closure}(Object(Illuminate/Http/Request))
#19 C:/PPL-SI4705-KelA/greennovate/SI4705-KELA-main/greennovate/vendor/laravel/framework/src/Illuminate/Pipeline/Pipeline.php(219): App/Http/Middleware/SetLocale->handle(Object(Illuminate/Http/Request), Object(Closure))
#20 C:/PPL-SI4705-KelA/greennovate/SI4705-KELA-main/greennovate/vendor/laravel/framework/src/Illuminate/Routing/Middleware/SubstituteBindings.php(50): Illuminate/Pipeline/Pipeline->Illuminate/Pipeline/{closure}(Object(Illuminate/Http/Request))
#21 C:/PPL-SI4705-KelA/greennovate/SI4705-KELA-main/greennovate/vendor/laravel/framework/src/Illuminate/Pipeline/Pipeline.php(219): Illuminate/Routing/Middleware/SubstituteBindings->handle(Object(Illuminate/Http/Request), Object(Closure))
#22 C:/PPL-SI4705-KelA/greennovate/SI4705-KELA-main/greennovate/vendor/laravel/framework/src/Illuminate/Foundation/Http/Middleware/VerifyCsrfToken.php(87): Illuminate/Pipeline/Pipeline->Illuminate/Pipeline/{closure}(Object(Illuminate/Http/Request))
#23 C:/PPL-SI4705-KelA/greennovate/SI4705-KELA-main/greennovate/vendor/laravel/framework/src/Illuminate/Pipeline/Pipeline.php(219): Illuminate/Foundation/Http/Middleware/VerifyCsrfToken->handle(Object(Illuminate/Http/Request), Object(Closure))
#24 C:/PPL-SI4705-KelA/greennovate/SI4705-KELA-main/greennovate/vendor/laravel/framework/src/Illuminate/View/Middleware/ShareErrorsFromSession.php(48): Illuminate/Pipeline/Pipeline->Illuminate/Pipeline/{closure}(Object(Illuminate/Http/Request))
#25 C:/PPL-SI4705-KelA/greennovate/SI4705-KELA-main/greennovate/vendor/laravel/framework/src/Illuminate/Pipeline/Pipeline.php(219): Illuminate/View/Middleware/ShareErrorsFromSession->handle(Object(Illuminate/Http/Request), Object(Closure))
#26 C:/PPL-SI4705-KelA/greennovate/SI4705-KELA-main/greennovate/vendor/laravel/framework/src/Illuminate/Session/Middleware/StartSession.php(120): Illuminate/Pipeline/Pipeline->Illuminate/Pipeline/{closure}(Object(Illuminate/Http/Request))
#27 C:/PPL-SI4705-KelA/greennovate/SI4705-KELA-main/greennovate/vendor/laravel/framework/src/Illuminate/Session/Middleware/StartSession.php(63): Illuminate/Session/Middleware/StartSession->handleStatefulRequest(Object(Illuminate/Http/Request), Object(Illuminate/Session/Store), Object(Closure))
#28 C:/PPL-SI4705-KelA/greennovate/SI4705-KELA-main/greennovate/vendor/laravel/framework/src/Illuminate/Pipeline/Pipeline.php(219): Illuminate/Session/Middleware/StartSession->handle(Object(Illuminate/Http/Request), Object(Closure))
#29 C:/PPL-SI4705-KelA/greennovate/SI4705-KELA-main/greennovate/vendor/laravel/framework/src/Illuminate/Cookie/Middleware/AddQueuedCookiesToResponse.php(36): Illuminate/Pipeline/Pipeline->Illuminate/Pipeline/{closure}(Object(Illuminate/Http/Request))
#30 C:/PPL-SI4705-KelA/greennovate/SI4705-KELA-main/greennovate/vendor/laravel/framework/src/Illuminate/Pipeline/Pipeline.php(219): Illuminate/Cookie/Middleware/AddQueuedCookiesToResponse->handle(Object(Illuminate/Http/Request), Object(Closure))
#31 C:/PPL-SI4705-KelA/greennovate/SI4705-KELA-main/greennovate/vendor/laravel/framework/src/Illuminate/Cookie/Middleware/EncryptCookies.php(74): Illuminate/Pipeline/Pipeline->Illuminate/Pipeline/{closure}(Object(Illuminate/Http/Request))
#32 C:/PPL-SI4705-KelA/greennovate/SI4705-KELA-main/greennovate/vendor/laravel/framework/src/Illuminate/Pipeline/Pipeline.php(219): Illuminate/Cookie/Middleware/EncryptCookies->handle(Object(Illuminate/Http/Request), Object(Closure))
#33 C:/PPL-SI4705-KelA/greennovate/SI4705-KELA-main/greennovate/vendor/laravel/framework/src/Illuminate/Pipeline/Pipeline.php(137): Illuminate/Pipeline/Pipeline->Illuminate/Pipeline/{closure}(Object(Illuminate/Http/Request))
#34 C:/PPL-SI4705-KelA/greennovate/SI4705-KELA-main/greennovate/vendor/laravel/framework/src/Illuminate/Routing/Router.php(821): Illuminate/Pipeline/Pipeline->then(Object(Closure))
#35 C:/PPL-SI4705-KelA/greennovate/SI4705-KELA-main/greennovate/vendor/laravel/framework/src/Illuminate/Routing/Router.php(800): Illuminate/Routing/Router->runRouteWithinStack(Object(Illuminate/Routing/Route), Object(Illuminate/Http/Request))
#36 C:/PPL-SI4705-KelA/greennovate/SI4705-KELA-main/greennovate/vendor/laravel/framework/src/Illuminate/Routing/Router.php(764): Illuminate/Routing/Router->runRoute(Object(Illuminate/Http/Request), Object(Illuminate/Routing/Route))
#37 C:/PPL-SI4705-KelA/greennovate/SI4705-KELA-main/greennovate/vendor/laravel/framework/src/Illuminate/Routing/Router.php(753): Illuminate/Routing/Router->dispatchToRoute(Object(Illuminate/Http/Request))
#38 C:/PPL-SI4705-KelA/greennovate/SI4705-KELA-main/greennovate/vendor/laravel/framework/src/Illuminate/Foundation/Http/Kernel.php(200): Illuminate/Routing/Router->dispatch(Object(Illuminate/Http/Request))
#39 C:/PPL-SI4705-KelA/greennovate/SI4705-KELA-main/greennovate/vendor/laravel/framework/src/Illuminate/Pipeline/Pipeline.php(180): Illuminate/Foundation/Http/Kernel->Illuminate/Foundation/Http/{closure}(Object(Illuminate/Http/Request))
#40 C:/PPL-SI4705-KelA/greennovate/SI4705-KELA-main/greennovate/vendor/laravel/framework/src/Illuminate/Foundation/Http/Middleware/TransformsRequest.php(21): Illuminate/Pipeline/Pipeline->Illuminate/Pipeline/{closure}(Object(Illuminate/Http/Request))
#41 C:/PPL-SI4705-KelA/greennovate/SI4705-KELA-main/greennovate/vendor/laravel/framework/src/Illuminate/Foundation/Http/Middleware/ConvertEmptyStringsToNull.php(31): Illuminate/Foundation/Http/Middleware/TransformsRequest->handle(Object(Illuminate/Http/Request), Object(Closure))
#42 C:/PPL-SI4705-KelA/greennovate/SI4705-KELA-main/greennovate/vendor/laravel/framework/src/Illuminate/Pipeline/Pipeline.php(219): Illuminate/Foundation/Http/Middleware/ConvertEmptyStringsToNull->handle(Object(Illuminate/Http/Request), Object(Closure))
#43 C:/PPL-SI4705-KelA/greennovate/SI4705-KELA-main/greennovate/vendor/laravel/framework/src/Illuminate/Foundation/Http/Middleware/TransformsRequest.php(21): Illuminate/Pipeline/Pipeline->Illuminate/Pipeline/{closure}(Object(Illuminate/Http/Request))
#44 C:/PPL-SI4705-KelA/greennovate/SI4705-KELA-main/greennovate/vendor/laravel/framework/src/Illuminate/Foundation/Http/Middleware/TrimStrings.php(51): Illuminate/Foundation/Http/Middleware/TransformsRequest->handle(Object(Illuminate/Http/Request), Object(Closure))
#45 C:/PPL-SI4705-KelA/greennovate/SI4705-KELA-main/greennovate/vendor/laravel/framework/src/Illuminate/Pipeline/Pipeline.php(219): Illuminate/Foundation/Http/Middleware/TrimStrings->handle(Object(Illuminate/Http/Request), Object(Closure))
#46 C:/PPL-SI4705-KelA/greennovate/SI4705-KELA-main/greennovate/vendor/laravel/framework/src/Illuminate/Http/Middleware/ValidatePostSize.php(27): Illuminate/Pipeline/Pipeline->Illuminate/Pipeline/{closure}(Object(Illuminate/Http/Request))
#47 C:/PPL-SI4705-KelA/greennovate/SI4705-KELA-main/greennovate/vendor/laravel/framework/src/Illuminate/Pipeline/Pipeline.php(219): Illuminate/Http/Middleware/ValidatePostSize->handle(Object(Illuminate/Http/Request), Object(Closure))
#48 C:/PPL-SI4705-KelA/greennovate/SI4705-KELA-main/greennovate/vendor/laravel/framework/src/Illuminate/Foundation/Http/Middleware/PreventRequestsDuringMaintenance.php(109): Illuminate/Pipeline/Pipeline->Illuminate/Pipeline/{closure}(Object(Illuminate/Http/Request))
#49 C:/PPL-SI4705-KelA/greennovate/SI4705-KELA-main/greennovate/vendor/laravel/framework/src/Illuminate/Pipeline/Pipeline.php(219): Illuminate/Foundation/Http/Middleware/PreventRequestsDuringMaintenance->handle(Object(Illuminate/Http/Request), Object(Closure))
#50 C:/PPL-SI4705-KelA/greennovate/SI4705-KELA-main/greennovate/vendor/laravel/framework/src/Illuminate/Http/Middleware/HandleCors.php(61): Illuminate/Pipeline/Pipeline->Illuminate/Pipeline/{closure}(Object(Illuminate/Http/Request))
#51 C:/PPL-SI4705-KelA/greennovate/SI4705-KELA-main/greennovate/vendor/laravel/framework/src/Illuminate/Pipeline/Pipeline.php(219): Illuminate/Http/Middleware/HandleCors->handle(Object(Illuminate/Http/Request), Object(Closure))
#52 C:/PPL-SI4705-KelA/greennovate/SI4705-KELA-main/greennovate/vendor/laravel/framework/src/Illuminate/Http/Middleware/TrustProxies.php(58): Illuminate/Pipeline/Pipeline->Illuminate/Pipeline/{closure}(Object(Illuminate/Http/Request))
#53 C:/PPL-SI4705-KelA/greennovate/SI4705-KELA-main/greennovate/vendor/laravel/framework/src/Illuminate/Pipeline/Pipeline.php(219): Illuminate/Http/Middleware/TrustProxies->handle(Object(Illuminate/Http/Request), Object(Closure))
#54 C:/PPL-SI4705-KelA/greennovate/SI4705-KELA-main/greennovate/vendor/laravel/framework/src/Illuminate/Foundation/Http/Middleware/InvokeDeferredCallbacks.php(22): Illuminate/Pipeline/Pipeline->Illuminate/Pipeline/{closure}(Object(Illuminate/Http/Request))
#55 C:/PPL-SI4705-KelA/greennovate/SI4705-KELA-main/greennovate/vendor/laravel/framework/src/Illuminate/Pipeline/Pipeline.php(219): Illuminate/Foundation/Http/Middleware/InvokeDeferredCallbacks->handle(Object(Illuminate/Http/Request), Object(Closure))
#56 C:/PPL-SI4705-KelA/greennovate/SI4705-KELA-main/greennovate/vendor/laravel/framework/src/Illuminate/Http/Middleware/ValidatePathEncoding.php(26): Illuminate/Pipeline/Pipeline->Illuminate/Pipeline/{closure}(Object(Illuminate/Http/Request))
#57 C:/PPL-SI4705-KelA/greennovate/SI4705-KELA-main/greennovate/vendor/laravel/framework/src/Illuminate/Pipeline/Pipeline.php(219): Illuminate/Http/Middleware/ValidatePathEncoding->handle(Object(Illuminate/Http/Request), Object(Closure))
#58 C:/PPL-SI4705-KelA/greennovate/SI4705-KELA-main/greennovate/vendor/laravel/framework/src/Illuminate/Pipeline/Pipeline.php(137): Illuminate/Pipeline/Pipeline->Illuminate/Pipeline/{closure}(Object(Illuminate/Http/Request))
#59 C:/PPL-SI4705-KelA/greennovate/SI4705-KELA-main/greennovate/vendor/laravel/framework/src/Illuminate/Foundation/Http/Kernel.php(175): Illuminate/Pipeline/Pipeline->then(Object(Closure))
#60 C:/PPL-SI4705-KelA/greennovate/SI4705-KELA-main/greennovate/vendor/laravel/framework/src/Illuminate/Foundation/Http/Kernel.php(144): Illuminate/Foundation/Http/Kernel->sendRequestThroughRouter(Object(Illuminate/Http/Request))
#61 C:/PPL-SI4705-KelA/greennovate/SI4705-KELA-main/greennovate/vendor/laravel/framework/src/Illuminate/Foundation/Application.php(1220): Illuminate/Foundation/Http/Kernel->handle(Object(Illuminate/Http/Request))
#62 C:/PPL-SI4705-KelA/greennovate/SI4705-KELA-main/greennovate/public/index.php(20): Illuminate/Foundation/Application->handleRequest(Object(Illuminate/Http/Request))
#63 C:/PPL-SI4705-KelA/greennovate/SI4705-KELA-main/greennovate/vendor/laravel/framework/src/Illuminate/Foundation/resources/server.php(23): require_once('C://PPL-SI4705-K...')
#64 {main}

[previous exception] [object] (PDOException(code: 42P01): SQLSTATE[42P01]: Undefined table: 7 ERROR:  relation \"lokasi_lahans\" does not exist
LINE 1: select count(*) as aggregate from \"lokasi_lahans\"
                                          ^ at C:/PPL-SI4705-KelA/greennovate/SI4705-KELA-main/greennovate/vendor/laravel/framework/src/Illuminate/Database/Connection.php:425)
[stacktrace]
#0 C:/PPL-SI4705-KelA/greennovate/SI4705-KELA-main/greennovate/vendor/laravel/framework/src/Illuminate/Database/Connection.php(425): PDOStatement->execute()
#1 C:/PPL-SI4705-KelA/greennovate/SI4705-KELA-main/greennovate/vendor/laravel/framework/src/Illuminate/Database/Connection.php(827): Illuminate/Database/Connection->Illuminate/Database/{closure}('select count(*)...', Array)
#2 C:/PPL-SI4705-KelA/greennovate/SI4705-KELA-main/greennovate/vendor/laravel/framework/src/Illuminate/Database/Connection.php(794): Illuminate/Database/Connection->runQueryCallback('select count(*)...', Array, Object(Closure))
#3 C:/PPL-SI4705-KelA/greennovate/SI4705-KELA-main/greennovate/vendor/laravel/framework/src/Illuminate/Database/Connection.php(411): Illuminate/Database/Connection->run('select count(*)...', Array, Object(Closure))
#4 C:/PPL-SI4705-KelA/greennovate/SI4705-KELA-main/greennovate/vendor/laravel/framework/src/Illuminate/Database/Query/Builder.php(3505): Illuminate/Database/Connection->select('select count(*)...', Array, true)
#5 C:/PPL-SI4705-KelA/greennovate/SI4705-KELA-main/greennovate/vendor/laravel/framework/src/Illuminate/Database/Query/Builder.php(3490): Illuminate/Database/Query/Builder->runSelect()
#6 C:/PPL-SI4705-KelA/greennovate/SI4705-KELA-main/greennovate/vendor/laravel/framework/src/Illuminate/Database/Query/Builder.php(4080): Illuminate/Database/Query/Builder->Illuminate/Database/Query/{closure}()
#7 C:/PPL-SI4705-KelA/greennovate/SI4705-KELA-main/greennovate/vendor/laravel/framework/src/Illuminate/Database/Query/Builder.php(3489): Illuminate/Database/Query/Builder->onceWithColumns(Array, Object(Closure))
#8 C:/PPL-SI4705-KelA/greennovate/SI4705-KELA-main/greennovate/vendor/laravel/framework/src/Illuminate/Database/Query/Builder.php(4004): Illuminate/Database/Query/Builder->get(Array)
#9 C:/PPL-SI4705-KelA/greennovate/SI4705-KELA-main/greennovate/vendor/laravel/framework/src/Illuminate/Database/Query/Builder.php(3932): Illuminate/Database/Query/Builder->aggregate('count', Array)
#10 C:/PPL-SI4705-KelA/greennovate/SI4705-KELA-main/greennovate/vendor/laravel/framework/src/Illuminate/Database/Eloquent/Builder.php(2237): Illuminate/Database/Query/Builder->count()
#11 C:/PPL-SI4705-KelA/greennovate/SI4705-KELA-main/greennovate/vendor/laravel/framework/src/Illuminate/Support/Traits/ForwardsCalls.php(23): Illuminate/Database/Eloquent/Builder->__call('count', Array)
#12 C:/PPL-SI4705-KelA/greennovate/SI4705-KELA-main/greennovate/vendor/laravel/framework/src/Illuminate/Database/Eloquent/Model.php(2540): Illuminate/Database/Eloquent/Model->forwardCallTo(Object(Illuminate/Database/Eloquent/Builder), 'count', Array)
#13 C:/PPL-SI4705-KelA/greennovate/SI4705-KELA-main/greennovate/vendor/laravel/framework/src/Illuminate/Database/Eloquent/Model.php(2556): Illuminate/Database/Eloquent/Model->__call('count', Array)
#14 C:/PPL-SI4705-KelA/greennovate/SI4705-KELA-main/greennovate/app/Http/Controllers/LandingController.php(15): Illuminate/Database/Eloquent/Model::__callStatic('count', Array)
#15 C:/PPL-SI4705-KelA/greennovate/SI4705-KELA-main/greennovate/vendor/laravel/framework/src/Illuminate/Routing/ControllerDispatcher.php(46): App/Http/Controllers/LandingController->index()
#16 C:/PPL-SI4705-KelA/greennovate/SI4705-KELA-main/greennovate/vendor/laravel/framework/src/Illuminate/Routing/Route.php(265): Illuminate/Routing/ControllerDispatcher->dispatch(Object(Illuminate/Routing/Route), Object(App/Http/Controllers/LandingController), 'index')
#17 C:/PPL-SI4705-KelA/greennovate/SI4705-KELA-main/greennovate/vendor/laravel/framework/src/Illuminate/Routing/Route.php(211): Illuminate/Routing/Route->runController()
#18 C:/PPL-SI4705-KelA/greennovate/SI4705-KELA-main/greennovate/vendor/laravel/framework/src/Illuminate/Routing/Router.php(822): Illuminate/Routing/Route->run()
#19 C:/PPL-SI4705-KelA/greennovate/SI4705-KELA-main/greennovate/vendor/laravel/framework/src/Illuminate/Pipeline/Pipeline.php(180): Illuminate/Routing/Router->Illuminate/Routing/{closure}(Object(Illuminate/Http/Request))
#20 C:/PPL-SI4705-KelA/greennovate/SI4705-KELA-main/greennovate/app/Http/Middleware/SetLocale.php(39): Illuminate/Pipeline/Pipeline->Illuminate/Pipeline/{closure}(Object(Illuminate/Http/Request))
#21 C:/PPL-SI4705-KelA/greennovate/SI4705-KELA-main/greennovate/vendor/laravel/framework/src/Illuminate/Pipeline/Pipeline.php(219): App/Http/Middleware/SetLocale->handle(Object(Illuminate/Http/Request), Object(Closure))
#22 C:/PPL-SI4705-KelA/greennovate/SI4705-KELA-main/greennovate/vendor/laravel/framework/src/Illuminate/Routing/Middleware/SubstituteBindings.php(50): Illuminate/Pipeline/Pipeline->Illuminate/Pipeline/{closure}(Object(Illuminate/Http/Request))
#23 C:/PPL-SI4705-KelA/greennovate/SI4705-KELA-main/greennovate/vendor/laravel/framework/src/Illuminate/Pipeline/Pipeline.php(219): Illuminate/Routing/Middleware/SubstituteBindings->handle(Object(Illuminate/Http/Request), Object(Closure))
#24 C:/PPL-SI4705-KelA/greennovate/SI4705-KELA-main/greennovate/vendor/laravel/framework/src/Illuminate/Foundation/Http/Middleware/VerifyCsrfToken.php(87): Illuminate/Pipeline/Pipeline->Illuminate/Pipeline/{closure}(Object(Illuminate/Http/Request))
#25 C:/PPL-SI4705-KelA/greennovate/SI4705-KELA-main/greennovate/vendor/laravel/framework/src/Illuminate/Pipeline/Pipeline.php(219): Illuminate/Foundation/Http/Middleware/VerifyCsrfToken->handle(Object(Illuminate/Http/Request), Object(Closure))
#26 C:/PPL-SI4705-KelA/greennovate/SI4705-KELA-main/greennovate/vendor/laravel/framework/src/Illuminate/View/Middleware/ShareErrorsFromSession.php(48): Illuminate/Pipeline/Pipeline->Illuminate/Pipeline/{closure}(Object(Illuminate/Http/Request))
#27 C:/PPL-SI4705-KelA/greennovate/SI4705-KELA-main/greennovate/vendor/laravel/framework/src/Illuminate/Pipeline/Pipeline.php(219): Illuminate/View/Middleware/ShareErrorsFromSession->handle(Object(Illuminate/Http/Request), Object(Closure))
#28 C:/PPL-SI4705-KelA/greennovate/SI4705-KELA-main/greennovate/vendor/laravel/framework/src/Illuminate/Session/Middleware/StartSession.php(120): Illuminate/Pipeline/Pipeline->Illuminate/Pipeline/{closure}(Object(Illuminate/Http/Request))
#29 C:/PPL-SI4705-KelA/greennovate/SI4705-KELA-main/greennovate/vendor/laravel/framework/src/Illuminate/Session/Middleware/StartSession.php(63): Illuminate/Session/Middleware/StartSession->handleStatefulRequest(Object(Illuminate/Http/Request), Object(Illuminate/Session/Store), Object(Closure))
#30 C:/PPL-SI4705-KelA/greennovate/SI4705-KELA-main/greennovate/vendor/laravel/framework/src/Illuminate/Pipeline/Pipeline.php(219): Illuminate/Session/Middleware/StartSession->handle(Object(Illuminate/Http/Request), Object(Closure))
#31 C:/PPL-SI4705-KelA/greennovate/SI4705-KELA-main/greennovate/vendor/laravel/framework/src/Illuminate/Cookie/Middleware/AddQueuedCookiesToResponse.php(36): Illuminate/Pipeline/Pipeline->Illuminate/Pipeline/{closure}(Object(Illuminate/Http/Request))
#32 C:/PPL-SI4705-KelA/greennovate/SI4705-KELA-main/greennovate/vendor/laravel/framework/src/Illuminate/Pipeline/Pipeline.php(219): Illuminate/Cookie/Middleware/AddQueuedCookiesToResponse->handle(Object(Illuminate/Http/Request), Object(Closure))
#33 C:/PPL-SI4705-KelA/greennovate/SI4705-KELA-main/greennovate/vendor/laravel/framework/src/Illuminate/Cookie/Middleware/EncryptCookies.php(74): Illuminate/Pipeline/Pipeline->Illuminate/Pipeline/{closure}(Object(Illuminate/Http/Request))
#34 C:/PPL-SI4705-KelA/greennovate/SI4705-KELA-main/greennovate/vendor/laravel/framework/src/Illuminate/Pipeline/Pipeline.php(219): Illuminate/Cookie/Middleware/EncryptCookies->handle(Object(Illuminate/Http/Request), Object(Closure))
#35 C:/PPL-SI4705-KelA/greennovate/SI4705-KELA-main/greennovate/vendor/laravel/framework/src/Illuminate/Pipeline/Pipeline.php(137): Illuminate/Pipeline/Pipeline->Illuminate/Pipeline/{closure}(Object(Illuminate/Http/Request))
#36 C:/PPL-SI4705-KelA/greennovate/SI4705-KELA-main/greennovate/vendor/laravel/framework/src/Illuminate/Routing/Router.php(821): Illuminate/Pipeline/Pipeline->then(Object(Closure))
#37 C:/PPL-SI4705-KelA/greennovate/SI4705-KELA-main/greennovate/vendor/laravel/framework/src/Illuminate/Routing/Router.php(800): Illuminate/Routing/Router->runRouteWithinStack(Object(Illuminate/Routing/Route), Object(Illuminate/Http/Request))
#38 C:/PPL-SI4705-KelA/greennovate/SI4705-KELA-main/greennovate/vendor/laravel/framework/src/Illuminate/Routing/Router.php(764): Illuminate/Routing/Router->runRoute(Object(Illuminate/Http/Request), Object(Illuminate/Routing/Route))
#39 C:/PPL-SI4705-KelA/greennovate/SI4705-KELA-main/greennovate/vendor/laravel/framework/src/Illuminate/Routing/Router.php(753): Illuminate/Routing/Router->dispatchToRoute(Object(Illuminate/Http/Request))
#40 C:/PPL-SI4705-KelA/greennovate/SI4705-KELA-main/greennovate/vendor/laravel/framework/src/Illuminate/Foundation/Http/Kernel.php(200): Illuminate/Routing/Router->dispatch(Object(Illuminate/Http/Request))
#41 C:/PPL-SI4705-KelA/greennovate/SI4705-KELA-main/greennovate/vendor/laravel/framework/src/Illuminate/Pipeline/Pipeline.php(180): Illuminate/Foundation/Http/Kernel->Illuminate/Foundation/Http/{closure}(Object(Illuminate/Http/Request))
#42 C:/PPL-SI4705-KelA/greennovate/SI4705-KELA-main/greennovate/vendor/laravel/framework/src/Illuminate/Foundation/Http/Middleware/TransformsRequest.php(21): Illuminate/Pipeline/Pipeline->Illuminate/Pipeline/{closure}(Object(Illuminate/Http/Request))
#43 C:/PPL-SI4705-KelA/greennovate/SI4705-KELA-main/greennovate/vendor/laravel/framework/src/Illuminate/Foundation/Http/Middleware/ConvertEmptyStringsToNull.php(31): Illuminate/Foundation/Http/Middleware/TransformsRequest->handle(Object(Illuminate/Http/Request), Object(Closure))
#44 C:/PPL-SI4705-KelA/greennovate/SI4705-KELA-main/greennovate/vendor/laravel/framework/src/Illuminate/Pipeline/Pipeline.php(219): Illuminate/Foundation/Http/Middleware/ConvertEmptyStringsToNull->handle(Object(Illuminate/Http/Request), Object(Closure))
#45 C:/PPL-SI4705-KelA/greennovate/SI4705-KELA-main/greennovate/vendor/laravel/framework/src/Illuminate/Foundation/Http/Middleware/TransformsRequest.php(21): Illuminate/Pipeline/Pipeline->Illuminate/Pipeline/{closure}(Object(Illuminate/Http/Request))
#46 C:/PPL-SI4705-KelA/greennovate/SI4705-KELA-main/greennovate/vendor/laravel/framework/src/Illuminate/Foundation/Http/Middleware/TrimStrings.php(51): Illuminate/Foundation/Http/Middleware/TransformsRequest->handle(Object(Illuminate/Http/Request), Object(Closure))
#47 C:/PPL-SI4705-KelA/greennovate/SI4705-KELA-main/greennovate/vendor/laravel/framework/src/Illuminate/Pipeline/Pipeline.php(219): Illuminate/Foundation/Http/Middleware/TrimStrings->handle(Object(Illuminate/Http/Request), Object(Closure))
#48 C:/PPL-SI4705-KelA/greennovate/SI4705-KELA-main/greennovate/vendor/laravel/framework/src/Illuminate/Http/Middleware/ValidatePostSize.php(27): Illuminate/Pipeline/Pipeline->Illuminate/Pipeline/{closure}(Object(Illuminate/Http/Request))
#49 C:/PPL-SI4705-KelA/greennovate/SI4705-KELA-main/greennovate/vendor/laravel/framework/src/Illuminate/Pipeline/Pipeline.php(219): Illuminate/Http/Middleware/ValidatePostSize->handle(Object(Illuminate/Http/Request), Object(Closure))
#50 C:/PPL-SI4705-KelA/greennovate/SI4705-KELA-main/greennovate/vendor/laravel/framework/src/Illuminate/Foundation/Http/Middleware/PreventRequestsDuringMaintenance.php(109): Illuminate/Pipeline/Pipeline->Illuminate/Pipeline/{closure}(Object(Illuminate/Http/Request))
#51 C:/PPL-SI4705-KelA/greennovate/SI4705-KELA-main/greennovate/vendor/laravel/framework/src/Illuminate/Pipeline/Pipeline.php(219): Illuminate/Foundation/Http/Middleware/PreventRequestsDuringMaintenance->handle(Object(Illuminate/Http/Request), Object(Closure))
#52 C:/PPL-SI4705-KelA/greennovate/SI4705-KELA-main/greennovate/vendor/laravel/framework/src/Illuminate/Http/Middleware/HandleCors.php(61): Illuminate/Pipeline/Pipeline->Illuminate/Pipeline/{closure}(Object(Illuminate/Http/Request))
#53 C:/PPL-SI4705-KelA/greennovate/SI4705-KELA-main/greennovate/vendor/laravel/framework/src/Illuminate/Pipeline/Pipeline.php(219): Illuminate/Http/Middleware/HandleCors->handle(Object(Illuminate/Http/Request), Object(Closure))
#54 C:/PPL-SI4705-KelA/greennovate/SI4705-KELA-main/greennovate/vendor/laravel/framework/src/Illuminate/Http/Middleware/TrustProxies.php(58): Illuminate/Pipeline/Pipeline->Illuminate/Pipeline/{closure}(Object(Illuminate/Http/Request))
#55 C:/PPL-SI4705-KelA/greennovate/SI4705-KELA-main/greennovate/vendor/laravel/framework/src/Illuminate/Pipeline/Pipeline.php(219): Illuminate/Http/Middleware/TrustProxies->handle(Object(Illuminate/Http/Request), Object(Closure))
#56 C:/PPL-SI4705-KelA/greennovate/SI4705-KELA-main/greennovate/vendor/laravel/framework/src/Illuminate/Foundation/Http/Middleware/InvokeDeferredCallbacks.php(22): Illuminate/Pipeline/Pipeline->Illuminate/Pipeline/{closure}(Object(Illuminate/Http/Request))
#57 C:/PPL-SI4705-KelA/greennovate/SI4705-KELA-main/greennovate/vendor/laravel/framework/src/Illuminate/Pipeline/Pipeline.php(219): Illuminate/Foundation/Http/Middleware/InvokeDeferredCallbacks->handle(Object(Illuminate/Http/Request), Object(Closure))
#58 C:/PPL-SI4705-KelA/greennovate/SI4705-KELA-main/greennovate/vendor/laravel/framework/src/Illuminate/Http/Middleware/ValidatePathEncoding.php(26): Illuminate/Pipeline/Pipeline->Illuminate/Pipeline/{closure}(Object(Illuminate/Http/Request))
#59 C:/PPL-SI4705-KelA/greennovate/SI4705-KELA-main/greennovate/vendor/laravel/framework/src/Illuminate/Pipeline/Pipeline.php(219): Illuminate/Http/Middleware/ValidatePathEncoding->handle(Object(Illuminate/Http/Request), Object(Closure))
#60 C:/PPL-SI4705-KelA/greennovate/SI4705-KELA-main/greennovate/vendor/laravel/framework/src/Illuminate/Pipeline/Pipeline.php(137): Illuminate/Pipeline/Pipeline->Illuminate/Pipeline/{closure}(Object(Illuminate/Http/Request))
#61 C:/PPL-SI4705-KelA/greennovate/SI4705-KELA-main/greennovate/vendor/laravel/framework/src/Illuminate/Foundation/Http/Kernel.php(175): Illuminate/Pipeline/Pipeline->then(Object(Closure))
#62 C:/PPL-SI4705-KelA/greennovate/SI4705-KELA-main/greennovate/vendor/laravel/framework/src/Illuminate/Foundation/Http/Kernel.php(144): Illuminate/Foundation/Http/Kernel->sendRequestThroughRouter(Object(Illuminate/Http/Request))
#63 C:/PPL-SI4705-KelA/greennovate/SI4705-KELA-main/greennovate/vendor/laravel/framework/src/Illuminate/Foundation/Application.php(1220): Illuminate/Foundation/Http/Kernel->handle(Object(Illuminate/Http/Request))
#64 C:/PPL-SI4705-KelA/greennovate/SI4705-KELA-main/greennovate/public/index.php(20): Illuminate/Foundation/Application->handleRequest(Object(Illuminate/Http/Request))
#65 C:/PPL-SI4705-KelA/greennovate/SI4705-KELA-main/greennovate/vendor/laravel/framework/src/Illuminate/Foundation/resources/server.php(23): require_once('C://PPL-SI4705-K...')
#66 {main}
"} 
[2026-05-19 07:15:08] local.ERROR: SQLSTATE[0A000]: Feature not supported: 7 ERROR:  cached plan must not change result type (Connection: pgsql, Host: ep-sweet-bonus-anb5fldu-pooler.c-6.us-east-1.aws.neon.tech, Port: 5432, Database: Greenovete, SQL: select * from "users" where ("email" = pardede281204@gmail.com) limit 1) {"exception":"[object] (Illuminate\\Database\\QueryException(code: 0A000): SQLSTATE[0A000]: Feature not supported: 7 ERROR:  cached plan must not change result type (Connection: pgsql, Host: ep-sweet-bonus-anb5fldu-pooler.c-6.us-east-1.aws.neon.tech, Port: 5432, Database: Greenovete, SQL: select * from \"users\" where (\"email\" = pardede281204@gmail.com) limit 1) at C:/PPL-SI4705-KelA/greennovate/SI4705-KELA-main/greennovate/vendor/laravel/framework/src/Illuminate/Database/Connection.php:838)
[stacktrace]
#0 C:/PPL-SI4705-KelA/greennovate/SI4705-KELA-main/greennovate/vendor/laravel/framework/src/Illuminate/Database/Connection.php(794): Illuminate/Database/Connection->runQueryCallback('select * from \"...', Array, Object(Closure))
#1 C:/PPL-SI4705-KelA/greennovate/SI4705-KELA-main/greennovate/vendor/laravel/framework/src/Illuminate/Database/Connection.php(411): Illuminate/Database/Connection->run('select * from \"...', Array, Object(Closure))
#2 C:/PPL-SI4705-KelA/greennovate/SI4705-KELA-main/greennovate/vendor/laravel/framework/src/Illuminate/Database/Query/Builder.php(3505): Illuminate/Database/Connection->select('select * from \"...', Array, true)
#3 C:/PPL-SI4705-KelA/greennovate/SI4705-KELA-main/greennovate/vendor/laravel/framework/src/Illuminate/Database/Query/Builder.php(3490): Illuminate/Database/Query/Builder->runSelect()
#4 C:/PPL-SI4705-KelA/greennovate/SI4705-KELA-main/greennovate/vendor/laravel/framework/src/Illuminate/Database/Query/Builder.php(4080): Illuminate/Database/Query/Builder->Illuminate/Database/Query/{closure}()
#5 C:/PPL-SI4705-KelA/greennovate/SI4705-KELA-main/greennovate/vendor/laravel/framework/src/Illuminate/Database/Query/Builder.php(3489): Illuminate/Database/Query/Builder->onceWithColumns(Array, Object(Closure))
#6 C:/PPL-SI4705-KelA/greennovate/SI4705-KELA-main/greennovate/vendor/laravel/framework/src/Illuminate/Database/Eloquent/Builder.php(902): Illuminate/Database/Query/Builder->get(Array)
#7 C:/PPL-SI4705-KelA/greennovate/SI4705-KELA-main/greennovate/vendor/laravel/framework/src/Illuminate/Database/Eloquent/Builder.php(884): Illuminate/Database/Eloquent/Builder->getModels(Array)
#8 C:/PPL-SI4705-KelA/greennovate/SI4705-KELA-main/greennovate/vendor/laravel/framework/src/Illuminate/Database/Concerns/BuildsQueries.php(366): Illuminate/Database/Eloquent/Builder->get(Array)
#9 C:/PPL-SI4705-KelA/greennovate/SI4705-KELA-main/greennovate/vendor/laravel/framework/src/Illuminate/Database/Eloquent/Builder.php(708): Illuminate/Database/Eloquent/Builder->first()
#10 C:/PPL-SI4705-KelA/greennovate/SI4705-KELA-main/greennovate/vendor/laravel/framework/src/Illuminate/Support/Traits/ForwardsCalls.php(23): Illuminate/Database/Eloquent/Builder->firstOrCreate(Array, Array)
#11 C:/PPL-SI4705-KelA/greennovate/SI4705-KELA-main/greennovate/vendor/laravel/framework/src/Illuminate/Database/Eloquent/Model.php(2540): Illuminate/Database/Eloquent/Model->forwardCallTo(Object(Illuminate/Database/Eloquent/Builder), 'firstOrCreate', Array)
#12 C:/PPL-SI4705-KelA/greennovate/SI4705-KELA-main/greennovate/vendor/laravel/framework/src/Illuminate/Database/Eloquent/Model.php(2556): Illuminate/Database/Eloquent/Model->__call('firstOrCreate', Array)
#13 C:/PPL-SI4705-KelA/greennovate/SI4705-KELA-main/greennovate/database/seeders/DatabaseSeeder.php(25): Illuminate/Database/Eloquent/Model::__callStatic('firstOrCreate', Array)
#14 C:/PPL-SI4705-KelA/greennovate/SI4705-KELA-main/greennovate/vendor/laravel/framework/src/Illuminate/Container/BoundMethod.php(36): Database/Seeders/DatabaseSeeder->run()
#15 C:/PPL-SI4705-KelA/greennovate/SI4705-KELA-main/greennovate/vendor/laravel/framework/src/Illuminate/Container/Util.php(43): Illuminate/Container/BoundMethod::Illuminate/Container/{closure}()
#16 C:/PPL-SI4705-KelA/greennovate/SI4705-KELA-main/greennovate/vendor/laravel/framework/src/Illuminate/Container/BoundMethod.php(96): Illuminate/Container/Util::unwrapIfClosure(Object(Closure))
#17 C:/PPL-SI4705-KelA/greennovate/SI4705-KELA-main/greennovate/vendor/laravel/framework/src/Illuminate/Container/BoundMethod.php(35): Illuminate/Container/BoundMethod::callBoundMethod(Object(Illuminate/Foundation/Application), Array, Object(Closure))
#18 C:/PPL-SI4705-KelA/greennovate/SI4705-KELA-main/greennovate/vendor/laravel/framework/src/Illuminate/Container/Container.php(799): Illuminate/Container/BoundMethod::call(Object(Illuminate/Foundation/Application), Array, Array, NULL)
#19 C:/PPL-SI4705-KelA/greennovate/SI4705-KELA-main/greennovate/vendor/laravel/framework/src/Illuminate/Database/Seeder.php(184): Illuminate/Container/Container->call(Array, Array)
#20 C:/PPL-SI4705-KelA/greennovate/SI4705-KELA-main/greennovate/vendor/laravel/framework/src/Illuminate/Database/Eloquent/Concerns/HasEvents.php(454): Illuminate/Database/Seeder->Illuminate/Database/{closure}()
#21 C:/PPL-SI4705-KelA/greennovate/SI4705-KELA-main/greennovate/vendor/laravel/framework/src/Illuminate/Database/Console/Seeds/WithoutModelEvents.php(17): Illuminate/Database/Eloquent/Model::withoutEvents(Object(Closure))
#22 C:/PPL-SI4705-KelA/greennovate/SI4705-KELA-main/greennovate/vendor/laravel/framework/src/Illuminate/Database/Seeder.php(193): Database/Seeders/DatabaseSeeder->Illuminate/Database/Console/Seeds/{closure}()
#23 C:/PPL-SI4705-KelA/greennovate/SI4705-KELA-main/greennovate/vendor/laravel/framework/src/Illuminate/Database/Console/Seeds/SeedCommand.php(71): Illuminate/Database/Seeder->__invoke()
#24 C:/PPL-SI4705-KelA/greennovate/SI4705-KELA-main/greennovate/vendor/laravel/framework/src/Illuminate/Database/Eloquent/Concerns/GuardsAttributes.php(157): Illuminate/Database/Console/Seeds/SeedCommand->Illuminate/Database/Console/Seeds/{closure}()
#25 C:/PPL-SI4705-KelA/greennovate/SI4705-KELA-main/greennovate/vendor/laravel/framework/src/Illuminate/Database/Console/Seeds/SeedCommand.php(70): Illuminate/Database/Eloquent/Model::unguarded(Object(Closure))
#26 C:/PPL-SI4705-KelA/greennovate/SI4705-KELA-main/greennovate/vendor/laravel/framework/src/Illuminate/Container/BoundMethod.php(36): Illuminate/Database/Console/Seeds/SeedCommand->handle()
#27 C:/PPL-SI4705-KelA/greennovate/SI4705-KELA-main/greennovate/vendor/laravel/framework/src/Illuminate/Container/Util.php(43): Illuminate/Container/BoundMethod::Illuminate/Container/{closure}()
#28 C:/PPL-SI4705-KelA/greennovate/SI4705-KELA-main/greennovate/vendor/laravel/framework/src/Illuminate/Container/BoundMethod.php(96): Illuminate/Container/Util::unwrapIfClosure(Object(Closure))
#29 C:/PPL-SI4705-KelA/greennovate/SI4705-KELA-main/greennovate/vendor/laravel/framework/src/Illuminate/Container/BoundMethod.php(35): Illuminate/Container/BoundMethod::callBoundMethod(Object(Illuminate/Foundation/Application), Array, Object(Closure))
#30 C:/PPL-SI4705-KelA/greennovate/SI4705-KELA-main/greennovate/vendor/laravel/framework/src/Illuminate/Container/Container.php(799): Illuminate/Container/BoundMethod::call(Object(Illuminate/Foundation/Application), Array, Array, NULL)
#31 C:/PPL-SI4705-KelA/greennovate/SI4705-KELA-main/greennovate/vendor/laravel/framework/src/Illuminate/Console/Command.php(211): Illuminate/Container/Container->call(Array)
#32 C:/PPL-SI4705-KelA/greennovate/SI4705-KELA-main/greennovate/vendor/symfony/console/Command/Command.php(341): Illuminate/Console/Command->execute(Object(Symfony/Component/Console/Input/ArgvInput), Object(Illuminate/Console/OutputStyle))
#33 C:/PPL-SI4705-KelA/greennovate/SI4705-KELA-main/greennovate/vendor/laravel/framework/src/Illuminate/Console/Command.php(180): Symfony/Component/Console/Command/Command->run(Object(Symfony/Component/Console/Input/ArgvInput), Object(Illuminate/Console/OutputStyle))
#34 C:/PPL-SI4705-KelA/greennovate/SI4705-KELA-main/greennovate/vendor/symfony/console/Application.php(1117): Illuminate/Console/Command->run(Object(Symfony/Component/Console/Input/ArgvInput), Object(Symfony/Component/Console/Output/ConsoleOutput))
#35 C:/PPL-SI4705-KelA/greennovate/SI4705-KELA-main/greennovate/vendor/symfony/console/Application.php(356): Symfony/Component/Console/Application->doRunCommand(Object(Illuminate/Database/Console/Seeds/SeedCommand), Object(Symfony/Component/Console/Input/ArgvInput), Object(Symfony/Component/Console/Output/ConsoleOutput))
#36 C:/PPL-SI4705-KelA/greennovate/SI4705-KELA-main/greennovate/vendor/symfony/console/Application.php(195): Symfony/Component/Console/Application->doRun(Object(Symfony/Component/Console/Input/ArgvInput), Object(Symfony/Component/Console/Output/ConsoleOutput))
#37 C:/PPL-SI4705-KelA/greennovate/SI4705-KELA-main/greennovate/vendor/laravel/framework/src/Illuminate/Foundation/Console/Kernel.php(198): Symfony/Component/Console/Application->run(Object(Symfony/Component/Console/Input/ArgvInput), Object(Symfony/Component/Console/Output/ConsoleOutput))
#38 C:/PPL-SI4705-KelA/greennovate/SI4705-KELA-main/greennovate/vendor/laravel/framework/src/Illuminate/Foundation/Application.php(1235): Illuminate/Foundation/Console/Kernel->handle(Object(Symfony/Component/Console/Input/ArgvInput), Object(Symfony/Component/Console/Output/ConsoleOutput))
#39 C:/PPL-SI4705-KelA/greennovate/SI4705-KELA-main/greennovate/artisan(16): Illuminate/Foundation/Application->handleCommand(Object(Symfony/Component/Console/Input/ArgvInput))
#40 {main}

[previous exception] [object] (PDOException(code: 0A000): SQLSTATE[0A000]: Feature not supported: 7 ERROR:  cached plan must not change result type at C:/PPL-SI4705-KelA/greennovate/SI4705-KELA-main/greennovate/vendor/laravel/framework/src/Illuminate/Database/Connection.php:425)
[stacktrace]
#0 C:/PPL-SI4705-KelA/greennovate/SI4705-KELA-main/greennovate/vendor/laravel/framework/src/Illuminate/Database/Connection.php(425): PDOStatement->execute()
#1 C:/PPL-SI4705-KelA/greennovate/SI4705-KELA-main/greennovate/vendor/laravel/framework/src/Illuminate/Database/Connection.php(827): Illuminate/Database/Connection->Illuminate/Database/{closure}('select * from \"...', Array)
#2 C:/PPL-SI4705-KelA/greennovate/SI4705-KELA-main/greennovate/vendor/laravel/framework/src/Illuminate/Database/Connection.php(794): Illuminate/Database/Connection->runQueryCallback('select * from \"...', Array, Object(Closure))
#3 C:/PPL-SI4705-KelA/greennovate/SI4705-KELA-main/greennovate/vendor/laravel/framework/src/Illuminate/Database/Connection.php(411): Illuminate/Database/Connection->run('select * from \"...', Array, Object(Closure))
#4 C:/PPL-SI4705-KelA/greennovate/SI4705-KELA-main/greennovate/vendor/laravel/framework/src/Illuminate/Database/Query/Builder.php(3505): Illuminate/Database/Connection->select('select * from \"...', Array, true)
#5 C:/PPL-SI4705-KelA/greennovate/SI4705-KELA-main/greennovate/vendor/laravel/framework/src/Illuminate/Database/Query/Builder.php(3490): Illuminate/Database/Query/Builder->runSelect()
#6 C:/PPL-SI4705-KelA/greennovate/SI4705-KELA-main/greennovate/vendor/laravel/framework/src/Illuminate/Database/Query/Builder.php(4080): Illuminate/Database/Query/Builder->Illuminate/Database/Query/{closure}()
#7 C:/PPL-SI4705-KelA/greennovate/SI4705-KELA-main/greennovate/vendor/laravel/framework/src/Illuminate/Database/Query/Builder.php(3489): Illuminate/Database/Query/Builder->onceWithColumns(Array, Object(Closure))
#8 C:/PPL-SI4705-KelA/greennovate/SI4705-KELA-main/greennovate/vendor/laravel/framework/src/Illuminate/Database/Eloquent/Builder.php(902): Illuminate/Database/Query/Builder->get(Array)
#9 C:/PPL-SI4705-KelA/greennovate/SI4705-KELA-main/greennovate/vendor/laravel/framework/src/Illuminate/Database/Eloquent/Builder.php(884): Illuminate/Database/Eloquent/Builder->getModels(Array)
#10 C:/PPL-SI4705-KelA/greennovate/SI4705-KELA-main/greennovate/vendor/laravel/framework/src/Illuminate/Database/Concerns/BuildsQueries.php(366): Illuminate/Database/Eloquent/Builder->get(Array)
#11 C:/PPL-SI4705-KelA/greennovate/SI4705-KELA-main/greennovate/vendor/laravel/framework/src/Illuminate/Database/Eloquent/Builder.php(708): Illuminate/Database/Eloquent/Builder->first()
#12 C:/PPL-SI4705-KelA/greennovate/SI4705-KELA-main/greennovate/vendor/laravel/framework/src/Illuminate/Support/Traits/ForwardsCalls.php(23): Illuminate/Database/Eloquent/Builder->firstOrCreate(Array, Array)
#13 C:/PPL-SI4705-KelA/greennovate/SI4705-KELA-main/greennovate/vendor/laravel/framework/src/Illuminate/Database/Eloquent/Model.php(2540): Illuminate/Database/Eloquent/Model->forwardCallTo(Object(Illuminate/Database/Eloquent/Builder), 'firstOrCreate', Array)
#14 C:/PPL-SI4705-KelA/greennovate/SI4705-KELA-main/greennovate/vendor/laravel/framework/src/Illuminate/Database/Eloquent/Model.php(2556): Illuminate/Database/Eloquent/Model->__call('firstOrCreate', Array)
#15 C:/PPL-SI4705-KelA/greennovate/SI4705-KELA-main/greennovate/database/seeders/DatabaseSeeder.php(25): Illuminate/Database/Eloquent/Model::__callStatic('firstOrCreate', Array)
#16 C:/PPL-SI4705-KelA/greennovate/SI4705-KELA-main/greennovate/vendor/laravel/framework/src/Illuminate/Container/BoundMethod.php(36): Database/Seeders/DatabaseSeeder->run()
#17 C:/PPL-SI4705-KelA/greennovate/SI4705-KELA-main/greennovate/vendor/laravel/framework/src/Illuminate/Container/Util.php(43): Illuminate/Container/BoundMethod::Illuminate/Container/{closure}()
#18 C:/PPL-SI4705-KelA/greennovate/SI4705-KELA-main/greennovate/vendor/laravel/framework/src/Illuminate/Container/BoundMethod.php(96): Illuminate/Container/Util::unwrapIfClosure(Object(Closure))
#19 C:/PPL-SI4705-KelA/greennovate/SI4705-KELA-main/greennovate/vendor/laravel/framework/src/Illuminate/Container/BoundMethod.php(35): Illuminate/Container/BoundMethod::callBoundMethod(Object(Illuminate/Foundation/Application), Array, Object(Closure))
#20 C:/PPL-SI4705-KelA/greennovate/SI4705-KELA-main/greennovate/vendor/laravel/framework/src/Illuminate/Container/Container.php(799): Illuminate/Container/BoundMethod::call(Object(Illuminate/Foundation/Application), Array, Array, NULL)
#21 C:/PPL-SI4705-KelA/greennovate/SI4705-KELA-main/greennovate/vendor/laravel/framework/src/Illuminate/Database/Seeder.php(184): Illuminate/Container/Container->call(Array, Array)
#22 C:/PPL-SI4705-KelA/greennovate/SI4705-KELA-main/greennovate/vendor/laravel/framework/src/Illuminate/Database/Eloquent/Concerns/HasEvents.php(454): Illuminate/Database/Seeder->Illuminate/Database/{closure}()
#23 C:/PPL-SI4705-KelA/greennovate/SI4705-KELA-main/greennovate/vendor/laravel/framework/src/Illuminate/Database/Console/Seeds/WithoutModelEvents.php(17): Illuminate/Database/Eloquent/Model::withoutEvents(Object(Closure))
#24 C:/PPL-SI4705-KelA/greennovate/SI4705-KELA-main/greennovate/vendor/laravel/framework/src/Illuminate/Database/Seeder.php(193): Database/Seeders/DatabaseSeeder->Illuminate/Database/Console/Seeds/{closure}()
#25 C:/PPL-SI4705-KelA/greennovate/SI4705-KELA-main/greennovate/vendor/laravel/framework/src/Illuminate/Database/Console/Seeds/SeedCommand.php(71): Illuminate/Database/Seeder->__invoke()
#26 C:/PPL-SI4705-KelA/greennovate/SI4705-KELA-main/greennovate/vendor/laravel/framework/src/Illuminate/Database/Eloquent/Concerns/GuardsAttributes.php(157): Illuminate/Database/Console/Seeds/SeedCommand->Illuminate/Database/Console/Seeds/{closure}()
#27 C:/PPL-SI4705-KelA/greennovate/SI4705-KELA-main/greennovate/vendor/laravel/framework/src/Illuminate/Database/Console/Seeds/SeedCommand.php(70): Illuminate/Database/Eloquent/Model::unguarded(Object(Closure))
#28 C:/PPL-SI4705-KelA/greennovate/SI4705-KELA-main/greennovate/vendor/laravel/framework/src/Illuminate/Container/BoundMethod.php(36): Illuminate/Database/Console/Seeds/SeedCommand->handle()
#29 C:/PPL-SI4705-KelA/greennovate/SI4705-KELA-main/greennovate/vendor/laravel/framework/src/Illuminate/Container/Util.php(43): Illuminate/Container/BoundMethod::Illuminate/Container/{closure}()
#30 C:/PPL-SI4705-KelA/greennovate/SI4705-KELA-main/greennovate/vendor/laravel/framework/src/Illuminate/Container/BoundMethod.php(96): Illuminate/Container/Util::unwrapIfClosure(Object(Closure))
#31 C:/PPL-SI4705-KelA/greennovate/SI4705-KELA-main/greennovate/vendor/laravel/framework/src/Illuminate/Container/BoundMethod.php(35): Illuminate/Container/BoundMethod::callBoundMethod(Object(Illuminate/Foundation/Application), Array, Object(Closure))
#32 C:/PPL-SI4705-KelA/greennovate/SI4705-KELA-main/greennovate/vendor/laravel/framework/src/Illuminate/Container/Container.php(799): Illuminate/Container/BoundMethod::call(Object(Illuminate/Foundation/Application), Array, Array, NULL)
#33 C:/PPL-SI4705-KelA/greennovate/SI4705-KELA-main/greennovate/vendor/laravel/framework/src/Illuminate/Console/Command.php(211): Illuminate/Container/Container->call(Array)
#34 C:/PPL-SI4705-KelA/greennovate/SI4705-KELA-main/greennovate/vendor/symfony/console/Command/Command.php(341): Illuminate/Console/Command->execute(Object(Symfony/Component/Console/Input/ArgvInput), Object(Illuminate/Console/OutputStyle))
#35 C:/PPL-SI4705-KelA/greennovate/SI4705-KELA-main/greennovate/vendor/laravel/framework/src/Illuminate/Console/Command.php(180): Symfony/Component/Console/Command/Command->run(Object(Symfony/Component/Console/Input/ArgvInput), Object(Illuminate/Console/OutputStyle))
#36 C:/PPL-SI4705-KelA/greennovate/SI4705-KELA-main/greennovate/vendor/symfony/console/Application.php(1117): Illuminate/Console/Command->run(Object(Symfony/Component/Console/Input/ArgvInput), Object(Symfony/Component/Console/Output/ConsoleOutput))
#37 C:/PPL-SI4705-KelA/greennovate/SI4705-KELA-main/greennovate/vendor/symfony/console/Application.php(356): Symfony/Component/Console/Application->doRunCommand(Object(Illuminate/Database/Console/Seeds/SeedCommand), Object(Symfony/Component/Console/Input/ArgvInput), Object(Symfony/Component/Console/Output/ConsoleOutput))
#38 C:/PPL-SI4705-KelA/greennovate/SI4705-KELA-main/greennovate/vendor/symfony/console/Application.php(195): Symfony/Component/Console/Application->doRun(Object(Symfony/Component/Console/Input/ArgvInput), Object(Symfony/Component/Console/Output/ConsoleOutput))
#39 C:/PPL-SI4705-KelA/greennovate/SI4705-KELA-main/greennovate/vendor/laravel/framework/src/Illuminate/Foundation/Console/Kernel.php(198): Symfony/Component/Console/Application->run(Object(Symfony/Component/Console/Input/ArgvInput), Object(Symfony/Component/Console/Output/ConsoleOutput))
#40 C:/PPL-SI4705-KelA/greennovate/SI4705-KELA-main/greennovate/vendor/laravel/framework/src/Illuminate/Foundation/Application.php(1235): Illuminate/Foundation/Console/Kernel->handle(Object(Symfony/Component/Console/Input/ArgvInput), Object(Symfony/Component/Console/Output/ConsoleOutput))
#41 C:/PPL-SI4705-KelA/greennovate/SI4705-KELA-main/greennovate/artisan(16): Illuminate/Foundation/Application->handleCommand(Object(Symfony/Component/Console/Input/ArgvInput))
#42 {main}
"} 
[2026-05-19 07:16:57] local.ERROR: SQLSTATE[42804]: Datatype mismatch: 7 ERROR:  column "is_active" is of type boolean but expression is of type integer
LINE 1: ...hqUmwx.3Tid2wm3zWjjH2c2wXWhyKc/ugLfD0K', 'admin', 1, '2026-0...
                                                             ^
HINT:  You will need to rewrite or cast the expression. (Connection: pgsql, Host: ep-sweet-bonus-anb5fldu-pooler.c-6.us-east-1.aws.neon.tech, Port: 5432, Database: Greenovete, SQL: insert into "users" ("email", "name", "password", "role", "is_active", "updated_at", "created_at") values (pardede281204@gmail.com, Admin Greennovate, $2y$12$LCD3MeudMR9ourThqUmwx.3Tid2wm3zWjjH2c2wXWhyKc/ugLfD0K, admin, 1, 2026-05-19 07:16:56, 2026-05-19 07:16:56) returning "id") {"exception":"[object] (Illuminate\\Database\\QueryException(code: 42804): SQLSTATE[42804]: Datatype mismatch: 7 ERROR:  column \"is_active\" is of type boolean but expression is of type integer
LINE 1: ...hqUmwx.3Tid2wm3zWjjH2c2wXWhyKc/ugLfD0K', 'admin', 1, '2026-0...
                                                             ^
HINT:  You will need to rewrite or cast the expression. (Connection: pgsql, Host: ep-sweet-bonus-anb5fldu-pooler.c-6.us-east-1.aws.neon.tech, Port: 5432, Database: Greenovete, SQL: insert into \"users\" (\"email\", \"name\", \"password\", \"role\", \"is_active\", \"updated_at\", \"created_at\") values (pardede281204@gmail.com, Admin Greennovate, $2y$12$LCD3MeudMR9ourThqUmwx.3Tid2wm3zWjjH2c2wXWhyKc/ugLfD0K, admin, 1, 2026-05-19 07:16:56, 2026-05-19 07:16:56) returning \"id\") at C:/PPL-SI4705-KelA/greennovate/SI4705-KELA-main/greennovate/vendor/laravel/framework/src/Illuminate/Database/Connection.php:838)
[stacktrace]
#0 C:/PPL-SI4705-KelA/greennovate/SI4705-KELA-main/greennovate/vendor/laravel/framework/src/Illuminate/Database/Connection.php(794): Illuminate/Database/Connection->runQueryCallback('insert into \"us...', Array, Object(Closure))
#1 C:/PPL-SI4705-KelA/greennovate/SI4705-KELA-main/greennovate/vendor/laravel/framework/src/Illuminate/Database/Connection.php(411): Illuminate/Database/Connection->run('insert into \"us...', Array, Object(Closure))
#2 C:/PPL-SI4705-KelA/greennovate/SI4705-KELA-main/greennovate/vendor/laravel/framework/src/Illuminate/Database/Connection.php(398): Illuminate/Database/Connection->select('insert into \"us...', Array, false)
#3 C:/PPL-SI4705-KelA/greennovate/SI4705-KELA-main/greennovate/vendor/laravel/framework/src/Illuminate/Database/Query/Processors/PostgresProcessor.php(24): Illuminate/Database/Connection->selectFromWriteConnection('insert into \"us...', Array)
#4 C:/PPL-SI4705-KelA/greennovate/SI4705-KELA-main/greennovate/vendor/laravel/framework/src/Illuminate/Database/Query/Builder.php(4170): Illuminate/Database/Query/Processors/PostgresProcessor->processInsertGetId(Object(Illuminate/Database/Query/Builder), 'insert into \"us...', Array, 'id')
#5 C:/PPL-SI4705-KelA/greennovate/SI4705-KELA-main/greennovate/vendor/laravel/framework/src/Illuminate/Database/Eloquent/Builder.php(2237): Illuminate/Database/Query/Builder->insertGetId(Array, 'id')
#6 C:/PPL-SI4705-KelA/greennovate/SI4705-KELA-main/greennovate/vendor/laravel/framework/src/Illuminate/Database/Eloquent/Model.php(1436): Illuminate/Database/Eloquent/Builder->__call('insertGetId', Array)
#7 C:/PPL-SI4705-KelA/greennovate/SI4705-KELA-main/greennovate/vendor/laravel/framework/src/Illuminate/Database/Eloquent/Model.php(1401): Illuminate/Database/Eloquent/Model->insertAndSetId(Object(Illuminate/Database/Eloquent/Builder), Array)
#8 C:/PPL-SI4705-KelA/greennovate/SI4705-KELA-main/greennovate/vendor/laravel/framework/src/Illuminate/Database/Eloquent/Model.php(1240): Illuminate/Database/Eloquent/Model->performInsert(Object(Illuminate/Database/Eloquent/Builder))
#9 C:/PPL-SI4705-KelA/greennovate/SI4705-KELA-main/greennovate/vendor/laravel/framework/src/Illuminate/Database/Eloquent/Builder.php(1219): Illuminate/Database/Eloquent/Model->save()
#10 C:/PPL-SI4705-KelA/greennovate/SI4705-KELA-main/greennovate/vendor/laravel/framework/src/Illuminate/Support/helpers.php(393): Illuminate/Database/Eloquent/Builder->Illuminate/Database/Eloquent/{closure}(Object(App/Models/User))
#11 C:/PPL-SI4705-KelA/greennovate/SI4705-KELA-main/greennovate/vendor/laravel/framework/src/Illuminate/Database/Eloquent/Builder.php(1218): tap(Object(App/Models/User), Object(Closure))
#12 C:/PPL-SI4705-KelA/greennovate/SI4705-KELA-main/greennovate/vendor/laravel/framework/src/Illuminate/Database/Eloquent/Builder.php(725): Illuminate/Database/Eloquent/Builder->create(Array)
#13 C:/PPL-SI4705-KelA/greennovate/SI4705-KELA-main/greennovate/vendor/laravel/framework/src/Illuminate/Database/Eloquent/Builder.php(1961): Illuminate/Database/Eloquent/Builder->Illuminate/Database/Eloquent/{closure}()
#14 C:/PPL-SI4705-KelA/greennovate/SI4705-KELA-main/greennovate/vendor/laravel/framework/src/Illuminate/Database/Eloquent/Builder.php(725): Illuminate/Database/Eloquent/Builder->withSavepointIfNeeded(Object(Closure))
#15 C:/PPL-SI4705-KelA/greennovate/SI4705-KELA-main/greennovate/vendor/laravel/framework/src/Illuminate/Database/Eloquent/Builder.php(712): Illuminate/Database/Eloquent/Builder->createOrFirst(Array, Array)
#16 C:/PPL-SI4705-KelA/greennovate/SI4705-KELA-main/greennovate/vendor/laravel/framework/src/Illuminate/Support/Traits/ForwardsCalls.php(23): Illuminate/Database/Eloquent/Builder->firstOrCreate(Array, Array)
#17 C:/PPL-SI4705-KelA/greennovate/SI4705-KELA-main/greennovate/vendor/laravel/framework/src/Illuminate/Database/Eloquent/Model.php(2540): Illuminate/Database/Eloquent/Model->forwardCallTo(Object(Illuminate/Database/Eloquent/Builder), 'firstOrCreate', Array)
#18 C:/PPL-SI4705-KelA/greennovate/SI4705-KELA-main/greennovate/vendor/laravel/framework/src/Illuminate/Database/Eloquent/Model.php(2556): Illuminate/Database/Eloquent/Model->__call('firstOrCreate', Array)
#19 C:/PPL-SI4705-KelA/greennovate/SI4705-KELA-main/greennovate/database/seeders/DatabaseSeeder.php(25): Illuminate/Database/Eloquent/Model::__callStatic('firstOrCreate', Array)
#20 C:/PPL-SI4705-KelA/greennovate/SI4705-KELA-main/greennovate/vendor/laravel/framework/src/Illuminate/Container/BoundMethod.php(36): Database/Seeders/DatabaseSeeder->run()
#21 C:/PPL-SI4705-KelA/greennovate/SI4705-KELA-main/greennovate/vendor/laravel/framework/src/Illuminate/Container/Util.php(43): Illuminate/Container/BoundMethod::Illuminate/Container/{closure}()
#22 C:/PPL-SI4705-KelA/greennovate/SI4705-KELA-main/greennovate/vendor/laravel/framework/src/Illuminate/Container/BoundMethod.php(96): Illuminate/Container/Util::unwrapIfClosure(Object(Closure))
#23 C:/PPL-SI4705-KelA/greennovate/SI4705-KELA-main/greennovate/vendor/laravel/framework/src/Illuminate/Container/BoundMethod.php(35): Illuminate/Container/BoundMethod::callBoundMethod(Object(Illuminate/Foundation/Application), Array, Object(Closure))
#24 C:/PPL-SI4705-KelA/greennovate/SI4705-KELA-main/greennovate/vendor/laravel/framework/src/Illuminate/Container/Container.php(799): Illuminate/Container/BoundMethod::call(Object(Illuminate/Foundation/Application), Array, Array, NULL)
#25 C:/PPL-SI4705-KelA/greennovate/SI4705-KELA-main/greennovate/vendor/laravel/framework/src/Illuminate/Database/Seeder.php(184): Illuminate/Container/Container->call(Array, Array)
#26 C:/PPL-SI4705-KelA/greennovate/SI4705-KELA-main/greennovate/vendor/laravel/framework/src/Illuminate/Database/Eloquent/Concerns/HasEvents.php(454): Illuminate/Database/Seeder->Illuminate/Database/{closure}()
#27 C:/PPL-SI4705-KelA/greennovate/SI4705-KELA-main/greennovate/vendor/laravel/framework/src/Illuminate/Database/Console/Seeds/WithoutModelEvents.php(17): Illuminate/Database/Eloquent/Model::withoutEvents(Object(Closure))
#28 C:/PPL-SI4705-KelA/greennovate/SI4705-KELA-main/greennovate/vendor/laravel/framework/src/Illuminate/Database/Seeder.php(193): Database/Seeders/DatabaseSeeder->Illuminate/Database/Console/Seeds/{closure}()
#29 C:/PPL-SI4705-KelA/greennovate/SI4705-KELA-main/greennovate/vendor/laravel/framework/src/Illuminate/Database/Console/Seeds/SeedCommand.php(71): Illuminate/Database/Seeder->__invoke()
#30 C:/PPL-SI4705-KelA/greennovate/SI4705-KELA-main/greennovate/vendor/laravel/framework/src/Illuminate/Database/Eloquent/Concerns/GuardsAttributes.php(157): Illuminate/Database/Console/Seeds/SeedCommand->Illuminate/Database/Console/Seeds/{closure}()
#31 C:/PPL-SI4705-KelA/greennovate/SI4705-KELA-main/greennovate/vendor/laravel/framework/src/Illuminate/Database/Console/Seeds/SeedCommand.php(70): Illuminate/Database/Eloquent/Model::unguarded(Object(Closure))
#32 C:/PPL-SI4705-KelA/greennovate/SI4705-KELA-main/greennovate/vendor/laravel/framework/src/Illuminate/Container/BoundMethod.php(36): Illuminate/Database/Console/Seeds/SeedCommand->handle()
#33 C:/PPL-SI4705-KelA/greennovate/SI4705-KELA-main/greennovate/vendor/laravel/framework/src/Illuminate/Container/Util.php(43): Illuminate/Container/BoundMethod::Illuminate/Container/{closure}()
#34 C:/PPL-SI4705-KelA/greennovate/SI4705-KELA-main/greennovate/vendor/laravel/framework/src/Illuminate/Container/BoundMethod.php(96): Illuminate/Container/Util::unwrapIfClosure(Object(Closure))
#35 C:/PPL-SI4705-KelA/greennovate/SI4705-KELA-main/greennovate/vendor/laravel/framework/src/Illuminate/Container/BoundMethod.php(35): Illuminate/Container/BoundMethod::callBoundMethod(Object(Illuminate/Foundation/Application), Array, Object(Closure))
#36 C:/PPL-SI4705-KelA/greennovate/SI4705-KELA-main/greennovate/vendor/laravel/framework/src/Illuminate/Container/Container.php(799): Illuminate/Container/BoundMethod::call(Object(Illuminate/Foundation/Application), Array, Array, NULL)
#37 C:/PPL-SI4705-KelA/greennovate/SI4705-KELA-main/greennovate/vendor/laravel/framework/src/Illuminate/Console/Command.php(211): Illuminate/Container/Container->call(Array)
#38 C:/PPL-SI4705-KelA/greennovate/SI4705-KELA-main/greennovate/vendor/symfony/console/Command/Command.php(341): Illuminate/Console/Command->execute(Object(Symfony/Component/Console/Input/ArgvInput), Object(Illuminate/Console/OutputStyle))
#39 C:/PPL-SI4705-KelA/greennovate/SI4705-KELA-main/greennovate/vendor/laravel/framework/src/Illuminate/Console/Command.php(180): Symfony/Component/Console/Command/Command->run(Object(Symfony/Component/Console/Input/ArgvInput), Object(Illuminate/Console/OutputStyle))
#40 C:/PPL-SI4705-KelA/greennovate/SI4705-KELA-main/greennovate/vendor/symfony/console/Application.php(1117): Illuminate/Console/Command->run(Object(Symfony/Component/Console/Input/ArgvInput), Object(Symfony/Component/Console/Output/ConsoleOutput))
#41 C:/PPL-SI4705-KelA/greennovate/SI4705-KELA-main/greennovate/vendor/symfony/console/Application.php(356): Symfony/Component/Console/Application->doRunCommand(Object(Illuminate/Database/Console/Seeds/SeedCommand), Object(Symfony/Component/Console/Input/ArgvInput), Object(Symfony/Component/Console/Output/ConsoleOutput))
#42 C:/PPL-SI4705-KelA/greennovate/SI4705-KELA-main/greennovate/vendor/symfony/console/Application.php(195): Symfony/Component/Console/Application->doRun(Object(Symfony/Component/Console/Input/ArgvInput), Object(Symfony/Component/Console/Output/ConsoleOutput))
#43 C:/PPL-SI4705-KelA/greennovate/SI4705-KELA-main/greennovate/vendor/laravel/framework/src/Illuminate/Foundation/Console/Kernel.php(198): Symfony/Component/Console/Application->run(Object(Symfony/Component/Console/Input/ArgvInput), Object(Symfony/Component/Console/Output/ConsoleOutput))
#44 C:/PPL-SI4705-KelA/greennovate/SI4705-KELA-main/greennovate/vendor/laravel/framework/src/Illuminate/Foundation/Application.php(1235): Illuminate/Foundation/Console/Kernel->handle(Object(Symfony/Component/Console/Input/ArgvInput), Object(Symfony/Component/Console/Output/ConsoleOutput))
#45 C:/PPL-SI4705-KelA/greennovate/SI4705-KELA-main/greennovate/artisan(16): Illuminate/Foundation/Application->handleCommand(Object(Symfony/Component/Console/Input/ArgvInput))
#46 {main}

[previous exception] [object] (PDOException(code: 42804): SQLSTATE[42804]: Datatype mismatch: 7 ERROR:  column \"is_active\" is of type boolean but expression is of type integer
LINE 1: ...hqUmwx.3Tid2wm3zWjjH2c2wXWhyKc/ugLfD0K', 'admin', 1, '2026-0...
                                                             ^
HINT:  You will need to rewrite or cast the expression. at C:/PPL-SI4705-KelA/greennovate/SI4705-KELA-main/greennovate/vendor/laravel/framework/src/Illuminate/Database/Connection.php:425)
[stacktrace]
#0 C:/PPL-SI4705-KelA/greennovate/SI4705-KELA-main/greennovate/vendor/laravel/framework/src/Illuminate/Database/Connection.php(425): PDOStatement->execute()
#1 C:/PPL-SI4705-KelA/greennovate/SI4705-KELA-main/greennovate/vendor/laravel/framework/src/Illuminate/Database/Connection.php(827): Illuminate/Database/Connection->Illuminate/Database/{closure}('insert into \"us...', Array)
#2 C:/PPL-SI4705-KelA/greennovate/SI4705-KELA-main/greennovate/vendor/laravel/framework/src/Illuminate/Database/Connection.php(794): Illuminate/Database/Connection->runQueryCallback('insert into \"us...', Array, Object(Closure))
#3 C:/PPL-SI4705-KelA/greennovate/SI4705-KELA-main/greennovate/vendor/laravel/framework/src/Illuminate/Database/Connection.php(411): Illuminate/Database/Connection->run('insert into \"us...', Array, Object(Closure))
#4 C:/PPL-SI4705-KelA/greennovate/SI4705-KELA-main/greennovate/vendor/laravel/framework/src/Illuminate/Database/Connection.php(398): Illuminate/Database/Connection->select('insert into \"us...', Array, false)
#5 C:/PPL-SI4705-KelA/greennovate/SI4705-KELA-main/greennovate/vendor/laravel/framework/src/Illuminate/Database/Query/Processors/PostgresProcessor.php(24): Illuminate/Database/Connection->selectFromWriteConnection('insert into \"us...', Array)
#6 C:/PPL-SI4705-KelA/greennovate/SI4705-KELA-main/greennovate/vendor/laravel/framework/src/Illuminate/Database/Query/Builder.php(4170): Illuminate/Database/Query/Processors/PostgresProcessor->processInsertGetId(Object(Illuminate/Database/Query/Builder), 'insert into \"us...', Array, 'id')
#7 C:/PPL-SI4705-KelA/greennovate/SI4705-KELA-main/greennovate/vendor/laravel/framework/src/Illuminate/Database/Eloquent/Builder.php(2237): Illuminate/Database/Query/Builder->insertGetId(Array, 'id')
#8 C:/PPL-SI4705-KelA/greennovate/SI4705-KELA-main/greennovate/vendor/laravel/framework/src/Illuminate/Database/Eloquent/Model.php(1436): Illuminate/Database/Eloquent/Builder->__call('insertGetId', Array)
#9 C:/PPL-SI4705-KelA/greennovate/SI4705-KELA-main/greennovate/vendor/laravel/framework/src/Illuminate/Database/Eloquent/Model.php(1401): Illuminate/Database/Eloquent/Model->insertAndSetId(Object(Illuminate/Database/Eloquent/Builder), Array)
#10 C:/PPL-SI4705-KelA/greennovate/SI4705-KELA-main/greennovate/vendor/laravel/framework/src/Illuminate/Database/Eloquent/Model.php(1240): Illuminate/Database/Eloquent/Model->performInsert(Object(Illuminate/Database/Eloquent/Builder))
#11 C:/PPL-SI4705-KelA/greennovate/SI4705-KELA-main/greennovate/vendor/laravel/framework/src/Illuminate/Database/Eloquent/Builder.php(1219): Illuminate/Database/Eloquent/Model->save()
#12 C:/PPL-SI4705-KelA/greennovate/SI4705-KELA-main/greennovate/vendor/laravel/framework/src/Illuminate/Support/helpers.php(393): Illuminate/Database/Eloquent/Builder->Illuminate/Database/Eloquent/{closure}(Object(App/Models/User))
#13 C:/PPL-SI4705-KelA/greennovate/SI4705-KELA-main/greennovate/vendor/laravel/framework/src/Illuminate/Database/Eloquent/Builder.php(1218): tap(Object(App/Models/User), Object(Closure))
#14 C:/PPL-SI4705-KelA/greennovate/SI4705-KELA-main/greennovate/vendor/laravel/framework/src/Illuminate/Database/Eloquent/Builder.php(725): Illuminate/Database/Eloquent/Builder->create(Array)
#15 C:/PPL-SI4705-KelA/greennovate/SI4705-KELA-main/greennovate/vendor/laravel/framework/src/Illuminate/Database/Eloquent/Builder.php(1961): Illuminate/Database/Eloquent/Builder->Illuminate/Database/Eloquent/{closure}()
#16 C:/PPL-SI4705-KelA/greennovate/SI4705-KELA-main/greennovate/vendor/laravel/framework/src/Illuminate/Database/Eloquent/Builder.php(725): Illuminate/Database/Eloquent/Builder->withSavepointIfNeeded(Object(Closure))
#17 C:/PPL-SI4705-KelA/greennovate/SI4705-KELA-main/greennovate/vendor/laravel/framework/src/Illuminate/Database/Eloquent/Builder.php(712): Illuminate/Database/Eloquent/Builder->createOrFirst(Array, Array)
#18 C:/PPL-SI4705-KelA/greennovate/SI4705-KELA-main/greennovate/vendor/laravel/framework/src/Illuminate/Support/Traits/ForwardsCalls.php(23): Illuminate/Database/Eloquent/Builder->firstOrCreate(Array, Array)
#19 C:/PPL-SI4705-KelA/greennovate/SI4705-KELA-main/greennovate/vendor/laravel/framework/src/Illuminate/Database/Eloquent/Model.php(2540): Illuminate/Database/Eloquent/Model->forwardCallTo(Object(Illuminate/Database/Eloquent/Builder), 'firstOrCreate', Array)
#20 C:/PPL-SI4705-KelA/greennovate/SI4705-KELA-main/greennovate/vendor/laravel/framework/src/Illuminate/Database/Eloquent/Model.php(2556): Illuminate/Database/Eloquent/Model->__call('firstOrCreate', Array)
#21 C:/PPL-SI4705-KelA/greennovate/SI4705-KELA-main/greennovate/database/seeders/DatabaseSeeder.php(25): Illuminate/Database/Eloquent/Model::__callStatic('firstOrCreate', Array)
#22 C:/PPL-SI4705-KelA/greennovate/SI4705-KELA-main/greennovate/vendor/laravel/framework/src/Illuminate/Container/BoundMethod.php(36): Database/Seeders/DatabaseSeeder->run()
#23 C:/PPL-SI4705-KelA/greennovate/SI4705-KELA-main/greennovate/vendor/laravel/framework/src/Illuminate/Container/Util.php(43): Illuminate/Container/BoundMethod::Illuminate/Container/{closure}()
#24 C:/PPL-SI4705-KelA/greennovate/SI4705-KELA-main/greennovate/vendor/laravel/framework/src/Illuminate/Container/BoundMethod.php(96): Illuminate/Container/Util::unwrapIfClosure(Object(Closure))
#25 C:/PPL-SI4705-KelA/greennovate/SI4705-KELA-main/greennovate/vendor/laravel/framework/src/Illuminate/Container/BoundMethod.php(35): Illuminate/Container/BoundMethod::callBoundMethod(Object(Illuminate/Foundation/Application), Array, Object(Closure))
#26 C:/PPL-SI4705-KelA/greennovate/SI4705-KELA-main/greennovate/vendor/laravel/framework/src/Illuminate/Container/Container.php(799): Illuminate/Container/BoundMethod::call(Object(Illuminate/Foundation/Application), Array, Array, NULL)
#27 C:/PPL-SI4705-KelA/greennovate/SI4705-KELA-main/greennovate/vendor/laravel/framework/src/Illuminate/Database/Seeder.php(184): Illuminate/Container/Container->call(Array, Array)
#28 C:/PPL-SI4705-KelA/greennovate/SI4705-KELA-main/greennovate/vendor/laravel/framework/src/Illuminate/Database/Eloquent/Concerns/HasEvents.php(454): Illuminate/Database/Seeder->Illuminate/Database/{closure}()
#29 C:/PPL-SI4705-KelA/greennovate/SI4705-KELA-main/greennovate/vendor/laravel/framework/src/Illuminate/Database/Console/Seeds/WithoutModelEvents.php(17): Illuminate/Database/Eloquent/Model::withoutEvents(Object(Closure))
#30 C:/PPL-SI4705-KelA/greennovate/SI4705-KELA-main/greennovate/vendor/laravel/framework/src/Illuminate/Database/Seeder.php(193): Database/Seeders/DatabaseSeeder->Illuminate/Database/Console/Seeds/{closure}()
#31 C:/PPL-SI4705-KelA/greennovate/SI4705-KELA-main/greennovate/vendor/laravel/framework/src/Illuminate/Database/Console/Seeds/SeedCommand.php(71): Illuminate/Database/Seeder->__invoke()
#32 C:/PPL-SI4705-KelA/greennovate/SI4705-KELA-main/greennovate/vendor/laravel/framework/src/Illuminate/Database/Eloquent/Concerns/GuardsAttributes.php(157): Illuminate/Database/Console/Seeds/SeedCommand->Illuminate/Database/Console/Seeds/{closure}()
#33 C:/PPL-SI4705-KelA/greennovate/SI4705-KELA-main/greennovate/vendor/laravel/framework/src/Illuminate/Database/Console/Seeds/SeedCommand.php(70): Illuminate/Database/Eloquent/Model::unguarded(Object(Closure))
#34 C:/PPL-SI4705-KelA/greennovate/SI4705-KELA-main/greennovate/vendor/laravel/framework/src/Illuminate/Container/BoundMethod.php(36): Illuminate/Database/Console/Seeds/SeedCommand->handle()
#35 C:/PPL-SI4705-KelA/greennovate/SI4705-KELA-main/greennovate/vendor/laravel/framework/src/Illuminate/Container/Util.php(43): Illuminate/Container/BoundMethod::Illuminate/Container/{closure}()
#36 C:/PPL-SI4705-KelA/greennovate/SI4705-KELA-main/greennovate/vendor/laravel/framework/src/Illuminate/Container/BoundMethod.php(96): Illuminate/Container/Util::unwrapIfClosure(Object(Closure))
#37 C:/PPL-SI4705-KelA/greennovate/SI4705-KELA-main/greennovate/vendor/laravel/framework/src/Illuminate/Container/BoundMethod.php(35): Illuminate/Container/BoundMethod::callBoundMethod(Object(Illuminate/Foundation/Application), Array, Object(Closure))
#38 C:/PPL-SI4705-KelA/greennovate/SI4705-KELA-main/greennovate/vendor/laravel/framework/src/Illuminate/Container/Container.php(799): Illuminate/Container/BoundMethod::call(Object(Illuminate/Foundation/Application), Array, Array, NULL)
#39 C:/PPL-SI4705-KelA/greennovate/SI4705-KELA-main/greennovate/vendor/laravel/framework/src/Illuminate/Console/Command.php(211): Illuminate/Container/Container->call(Array)
#40 C:/PPL-SI4705-KelA/greennovate/SI4705-KELA-main/greennovate/vendor/symfony/console/Command/Command.php(341): Illuminate/Console/Command->execute(Object(Symfony/Component/Console/Input/ArgvInput), Object(Illuminate/Console/OutputStyle))
#41 C:/PPL-SI4705-KelA/greennovate/SI4705-KELA-main/greennovate/vendor/laravel/framework/src/Illuminate/Console/Command.php(180): Symfony/Component/Console/Command/Command->run(Object(Symfony/Component/Console/Input/ArgvInput), Object(Illuminate/Console/OutputStyle))
#42 C:/PPL-SI4705-KelA/greennovate/SI4705-KELA-main/greennovate/vendor/symfony/console/Application.php(1117): Illuminate/Console/Command->run(Object(Symfony/Component/Console/Input/ArgvInput), Object(Symfony/Component/Console/Output/ConsoleOutput))
#43 C:/PPL-SI4705-KelA/greennovate/SI4705-KELA-main/greennovate/vendor/symfony/console/Application.php(356): Symfony/Component/Console/Application->doRunCommand(Object(Illuminate/Database/Console/Seeds/SeedCommand), Object(Symfony/Component/Console/Input/ArgvInput), Object(Symfony/Component/Console/Output/ConsoleOutput))
#44 C:/PPL-SI4705-KelA/greennovate/SI4705-KELA-main/greennovate/vendor/symfony/console/Application.php(195): Symfony/Component/Console/Application->doRun(Object(Symfony/Component/Console/Input/ArgvInput), Object(Symfony/Component/Console/Output/ConsoleOutput))
#45 C:/PPL-SI4705-KelA/greennovate/SI4705-KELA-main/greennovate/vendor/laravel/framework/src/Illuminate/Foundation/Console/Kernel.php(198): Symfony/Component/Console/Application->run(Object(Symfony/Component/Console/Input/ArgvInput), Object(Symfony/Component/Console/Output/ConsoleOutput))
#46 C:/PPL-SI4705-KelA/greennovate/SI4705-KELA-main/greennovate/vendor/laravel/framework/src/Illuminate/Foundation/Application.php(1235): Illuminate/Foundation/Console/Kernel->handle(Object(Symfony/Component/Console/Input/ArgvInput), Object(Symfony/Component/Console/Output/ConsoleOutput))
#47 C:/PPL-SI4705-KelA/greennovate/SI4705-KELA-main/greennovate/artisan(16): Illuminate/Foundation/Application->handleCommand(Object(Symfony/Component/Console/Input/ArgvInput))
#48 {main}
"} 
[2026-05-19 07:18:10] local.ERROR: SQLSTATE[42804]: Datatype mismatch: 7 ERROR:  column "is_active" is of type boolean but expression is of type integer
LINE 1: ...CxFKQjuZAq6DI8G6uA6kZ598E3/Jya4OJO/Uhu', 'admin', 1, '2026-0...
                                                             ^
HINT:  You will need to rewrite or cast the expression. (Connection: pgsql, Host: ep-sweet-bonus-anb5fldu-pooler.c-6.us-east-1.aws.neon.tech, Port: 5432, Database: Greenovete, SQL: insert into "users" ("email", "name", "password", "role", "is_active", "updated_at", "created_at") values (pardede281204@gmail.com, Admin Greennovate, $2y$12$rYsc5c8QNQX8VkDCxFKQjuZAq6DI8G6uA6kZ598E3/Jya4OJO/Uhu, admin, 1, 2026-05-19 07:18:10, 2026-05-19 07:18:10) returning "id") {"exception":"[object] (Illuminate\\Database\\QueryException(code: 42804): SQLSTATE[42804]: Datatype mismatch: 7 ERROR:  column \"is_active\" is of type boolean but expression is of type integer
LINE 1: ...CxFKQjuZAq6DI8G6uA6kZ598E3/Jya4OJO/Uhu', 'admin', 1, '2026-0...
                                                             ^
HINT:  You will need to rewrite or cast the expression. (Connection: pgsql, Host: ep-sweet-bonus-anb5fldu-pooler.c-6.us-east-1.aws.neon.tech, Port: 5432, Database: Greenovete, SQL: insert into \"users\" (\"email\", \"name\", \"password\", \"role\", \"is_active\", \"updated_at\", \"created_at\") values (pardede281204@gmail.com, Admin Greennovate, $2y$12$rYsc5c8QNQX8VkDCxFKQjuZAq6DI8G6uA6kZ598E3/Jya4OJO/Uhu, admin, 1, 2026-05-19 07:18:10, 2026-05-19 07:18:10) returning \"id\") at C:/PPL-SI4705-KelA/greennovate/SI4705-KELA-main/greennovate/vendor/laravel/framework/src/Illuminate/Database/Connection.php:838)
[stacktrace]
#0 C:/PPL-SI4705-KelA/greennovate/SI4705-KELA-main/greennovate/vendor/laravel/framework/src/Illuminate/Database/Connection.php(794): Illuminate/Database/Connection->runQueryCallback('insert into \"us...', Array, Object(Closure))
#1 C:/PPL-SI4705-KelA/greennovate/SI4705-KELA-main/greennovate/vendor/laravel/framework/src/Illuminate/Database/Connection.php(411): Illuminate/Database/Connection->run('insert into \"us...', Array, Object(Closure))
#2 C:/PPL-SI4705-KelA/greennovate/SI4705-KELA-main/greennovate/vendor/laravel/framework/src/Illuminate/Database/Connection.php(398): Illuminate/Database/Connection->select('insert into \"us...', Array, false)
#3 C:/PPL-SI4705-KelA/greennovate/SI4705-KELA-main/greennovate/vendor/laravel/framework/src/Illuminate/Database/Query/Processors/PostgresProcessor.php(24): Illuminate/Database/Connection->selectFromWriteConnection('insert into \"us...', Array)
#4 C:/PPL-SI4705-KelA/greennovate/SI4705-KELA-main/greennovate/vendor/laravel/framework/src/Illuminate/Database/Query/Builder.php(4170): Illuminate/Database/Query/Processors/PostgresProcessor->processInsertGetId(Object(Illuminate/Database/Query/Builder), 'insert into \"us...', Array, 'id')
#5 C:/PPL-SI4705-KelA/greennovate/SI4705-KELA-main/greennovate/vendor/laravel/framework/src/Illuminate/Database/Eloquent/Builder.php(2237): Illuminate/Database/Query/Builder->insertGetId(Array, 'id')
#6 C:/PPL-SI4705-KelA/greennovate/SI4705-KELA-main/greennovate/vendor/laravel/framework/src/Illuminate/Database/Eloquent/Model.php(1436): Illuminate/Database/Eloquent/Builder->__call('insertGetId', Array)
#7 C:/PPL-SI4705-KelA/greennovate/SI4705-KELA-main/greennovate/vendor/laravel/framework/src/Illuminate/Database/Eloquent/Model.php(1401): Illuminate/Database/Eloquent/Model->insertAndSetId(Object(Illuminate/Database/Eloquent/Builder), Array)
#8 C:/PPL-SI4705-KelA/greennovate/SI4705-KELA-main/greennovate/vendor/laravel/framework/src/Illuminate/Database/Eloquent/Model.php(1240): Illuminate/Database/Eloquent/Model->performInsert(Object(Illuminate/Database/Eloquent/Builder))
#9 C:/PPL-SI4705-KelA/greennovate/SI4705-KELA-main/greennovate/vendor/laravel/framework/src/Illuminate/Database/Eloquent/Builder.php(1219): Illuminate/Database/Eloquent/Model->save()
#10 C:/PPL-SI4705-KelA/greennovate/SI4705-KELA-main/greennovate/vendor/laravel/framework/src/Illuminate/Support/helpers.php(393): Illuminate/Database/Eloquent/Builder->Illuminate/Database/Eloquent/{closure}(Object(App/Models/User))
#11 C:/PPL-SI4705-KelA/greennovate/SI4705-KELA-main/greennovate/vendor/laravel/framework/src/Illuminate/Database/Eloquent/Builder.php(1218): tap(Object(App/Models/User), Object(Closure))
#12 C:/PPL-SI4705-KelA/greennovate/SI4705-KELA-main/greennovate/vendor/laravel/framework/src/Illuminate/Database/Eloquent/Builder.php(725): Illuminate/Database/Eloquent/Builder->create(Array)
#13 C:/PPL-SI4705-KelA/greennovate/SI4705-KELA-main/greennovate/vendor/laravel/framework/src/Illuminate/Database/Eloquent/Builder.php(1961): Illuminate/Database/Eloquent/Builder->Illuminate/Database/Eloquent/{closure}()
#14 C:/PPL-SI4705-KelA/greennovate/SI4705-KELA-main/greennovate/vendor/laravel/framework/src/Illuminate/Database/Eloquent/Builder.php(725): Illuminate/Database/Eloquent/Builder->withSavepointIfNeeded(Object(Closure))
#15 C:/PPL-SI4705-KelA/greennovate/SI4705-KELA-main/greennovate/vendor/laravel/framework/src/Illuminate/Database/Eloquent/Builder.php(712): Illuminate/Database/Eloquent/Builder->createOrFirst(Array, Array)
#16 C:/PPL-SI4705-KelA/greennovate/SI4705-KELA-main/greennovate/vendor/laravel/framework/src/Illuminate/Support/Traits/ForwardsCalls.php(23): Illuminate/Database/Eloquent/Builder->firstOrCreate(Array, Array)
#17 C:/PPL-SI4705-KelA/greennovate/SI4705-KELA-main/greennovate/vendor/laravel/framework/src/Illuminate/Database/Eloquent/Model.php(2540): Illuminate/Database/Eloquent/Model->forwardCallTo(Object(Illuminate/Database/Eloquent/Builder), 'firstOrCreate', Array)
#18 C:/PPL-SI4705-KelA/greennovate/SI4705-KELA-main/greennovate/vendor/laravel/framework/src/Illuminate/Database/Eloquent/Model.php(2556): Illuminate/Database/Eloquent/Model->__call('firstOrCreate', Array)
#19 C:/PPL-SI4705-KelA/greennovate/SI4705-KELA-main/greennovate/database/seeders/DatabaseSeeder.php(25): Illuminate/Database/Eloquent/Model::__callStatic('firstOrCreate', Array)
#20 C:/PPL-SI4705-KelA/greennovate/SI4705-KELA-main/greennovate/vendor/laravel/framework/src/Illuminate/Container/BoundMethod.php(36): Database/Seeders/DatabaseSeeder->run()
#21 C:/PPL-SI4705-KelA/greennovate/SI4705-KELA-main/greennovate/vendor/laravel/framework/src/Illuminate/Container/Util.php(43): Illuminate/Container/BoundMethod::Illuminate/Container/{closure}()
#22 C:/PPL-SI4705-KelA/greennovate/SI4705-KELA-main/greennovate/vendor/laravel/framework/src/Illuminate/Container/BoundMethod.php(96): Illuminate/Container/Util::unwrapIfClosure(Object(Closure))
#23 C:/PPL-SI4705-KelA/greennovate/SI4705-KELA-main/greennovate/vendor/laravel/framework/src/Illuminate/Container/BoundMethod.php(35): Illuminate/Container/BoundMethod::callBoundMethod(Object(Illuminate/Foundation/Application), Array, Object(Closure))
#24 C:/PPL-SI4705-KelA/greennovate/SI4705-KELA-main/greennovate/vendor/laravel/framework/src/Illuminate/Container/Container.php(799): Illuminate/Container/BoundMethod::call(Object(Illuminate/Foundation/Application), Array, Array, NULL)
#25 C:/PPL-SI4705-KelA/greennovate/SI4705-KELA-main/greennovate/vendor/laravel/framework/src/Illuminate/Database/Seeder.php(184): Illuminate/Container/Container->call(Array, Array)
#26 C:/PPL-SI4705-KelA/greennovate/SI4705-KELA-main/greennovate/vendor/laravel/framework/src/Illuminate/Database/Eloquent/Concerns/HasEvents.php(454): Illuminate/Database/Seeder->Illuminate/Database/{closure}()
#27 C:/PPL-SI4705-KelA/greennovate/SI4705-KELA-main/greennovate/vendor/laravel/framework/src/Illuminate/Database/Console/Seeds/WithoutModelEvents.php(17): Illuminate/Database/Eloquent/Model::withoutEvents(Object(Closure))
#28 C:/PPL-SI4705-KelA/greennovate/SI4705-KELA-main/greennovate/vendor/laravel/framework/src/Illuminate/Database/Seeder.php(193): Database/Seeders/DatabaseSeeder->Illuminate/Database/Console/Seeds/{closure}()
#29 C:/PPL-SI4705-KelA/greennovate/SI4705-KELA-main/greennovate/vendor/laravel/framework/src/Illuminate/Database/Console/Seeds/SeedCommand.php(71): Illuminate/Database/Seeder->__invoke()
#30 C:/PPL-SI4705-KelA/greennovate/SI4705-KELA-main/greennovate/vendor/laravel/framework/src/Illuminate/Database/Eloquent/Concerns/GuardsAttributes.php(157): Illuminate/Database/Console/Seeds/SeedCommand->Illuminate/Database/Console/Seeds/{closure}()
#31 C:/PPL-SI4705-KelA/greennovate/SI4705-KELA-main/greennovate/vendor/laravel/framework/src/Illuminate/Database/Console/Seeds/SeedCommand.php(70): Illuminate/Database/Eloquent/Model::unguarded(Object(Closure))
#32 C:/PPL-SI4705-KelA/greennovate/SI4705-KELA-main/greennovate/vendor/laravel/framework/src/Illuminate/Container/BoundMethod.php(36): Illuminate/Database/Console/Seeds/SeedCommand->handle()
#33 C:/PPL-SI4705-KelA/greennovate/SI4705-KELA-main/greennovate/vendor/laravel/framework/src/Illuminate/Container/Util.php(43): Illuminate/Container/BoundMethod::Illuminate/Container/{closure}()
#34 C:/PPL-SI4705-KelA/greennovate/SI4705-KELA-main/greennovate/vendor/laravel/framework/src/Illuminate/Container/BoundMethod.php(96): Illuminate/Container/Util::unwrapIfClosure(Object(Closure))
#35 C:/PPL-SI4705-KelA/greennovate/SI4705-KELA-main/greennovate/vendor/laravel/framework/src/Illuminate/Container/BoundMethod.php(35): Illuminate/Container/BoundMethod::callBoundMethod(Object(Illuminate/Foundation/Application), Array, Object(Closure))
#36 C:/PPL-SI4705-KelA/greennovate/SI4705-KELA-main/greennovate/vendor/laravel/framework/src/Illuminate/Container/Container.php(799): Illuminate/Container/BoundMethod::call(Object(Illuminate/Foundation/Application), Array, Array, NULL)
#37 C:/PPL-SI4705-KelA/greennovate/SI4705-KELA-main/greennovate/vendor/laravel/framework/src/Illuminate/Console/Command.php(211): Illuminate/Container/Container->call(Array)
#38 C:/PPL-SI4705-KelA/greennovate/SI4705-KELA-main/greennovate/vendor/symfony/console/Command/Command.php(341): Illuminate/Console/Command->execute(Object(Symfony/Component/Console/Input/ArgvInput), Object(Illuminate/Console/OutputStyle))
#39 C:/PPL-SI4705-KelA/greennovate/SI4705-KELA-main/greennovate/vendor/laravel/framework/src/Illuminate/Console/Command.php(180): Symfony/Component/Console/Command/Command->run(Object(Symfony/Component/Console/Input/ArgvInput), Object(Illuminate/Console/OutputStyle))
#40 C:/PPL-SI4705-KelA/greennovate/SI4705-KELA-main/greennovate/vendor/symfony/console/Application.php(1117): Illuminate/Console/Command->run(Object(Symfony/Component/Console/Input/ArgvInput), Object(Symfony/Component/Console/Output/ConsoleOutput))
#41 C:/PPL-SI4705-KelA/greennovate/SI4705-KELA-main/greennovate/vendor/symfony/console/Application.php(356): Symfony/Component/Console/Application->doRunCommand(Object(Illuminate/Database/Console/Seeds/SeedCommand), Object(Symfony/Component/Console/Input/ArgvInput), Object(Symfony/Component/Console/Output/ConsoleOutput))
#42 C:/PPL-SI4705-KelA/greennovate/SI4705-KELA-main/greennovate/vendor/symfony/console/Application.php(195): Symfony/Component/Console/Application->doRun(Object(Symfony/Component/Console/Input/ArgvInput), Object(Symfony/Component/Console/Output/ConsoleOutput))
#43 C:/PPL-SI4705-KelA/greennovate/SI4705-KELA-main/greennovate/vendor/laravel/framework/src/Illuminate/Foundation/Console/Kernel.php(198): Symfony/Component/Console/Application->run(Object(Symfony/Component/Console/Input/ArgvInput), Object(Symfony/Component/Console/Output/ConsoleOutput))
#44 C:/PPL-SI4705-KelA/greennovate/SI4705-KELA-main/greennovate/vendor/laravel/framework/src/Illuminate/Foundation/Application.php(1235): Illuminate/Foundation/Console/Kernel->handle(Object(Symfony/Component/Console/Input/ArgvInput), Object(Symfony/Component/Console/Output/ConsoleOutput))
#45 C:/PPL-SI4705-KelA/greennovate/SI4705-KELA-main/greennovate/artisan(16): Illuminate/Foundation/Application->handleCommand(Object(Symfony/Component/Console/Input/ArgvInput))
#46 {main}

[previous exception] [object] (PDOException(code: 42804): SQLSTATE[42804]: Datatype mismatch: 7 ERROR:  column \"is_active\" is of type boolean but expression is of type integer
LINE 1: ...CxFKQjuZAq6DI8G6uA6kZ598E3/Jya4OJO/Uhu', 'admin', 1, '2026-0...
                                                             ^
HINT:  You will need to rewrite or cast the expression. at C:/PPL-SI4705-KelA/greennovate/SI4705-KELA-main/greennovate/vendor/laravel/framework/src/Illuminate/Database/Connection.php:425)
[stacktrace]
#0 C:/PPL-SI4705-KelA/greennovate/SI4705-KELA-main/greennovate/vendor/laravel/framework/src/Illuminate/Database/Connection.php(425): PDOStatement->execute()
#1 C:/PPL-SI4705-KelA/greennovate/SI4705-KELA-main/greennovate/vendor/laravel/framework/src/Illuminate/Database/Connection.php(827): Illuminate/Database/Connection->Illuminate/Database/{closure}('insert into \"us...', Array)
#2 C:/PPL-SI4705-KelA/greennovate/SI4705-KELA-main/greennovate/vendor/laravel/framework/src/Illuminate/Database/Connection.php(794): Illuminate/Database/Connection->runQueryCallback('insert into \"us...', Array, Object(Closure))
#3 C:/PPL-SI4705-KelA/greennovate/SI4705-KELA-main/greennovate/vendor/laravel/framework/src/Illuminate/Database/Connection.php(411): Illuminate/Database/Connection->run('insert into \"us...', Array, Object(Closure))
#4 C:/PPL-SI4705-KelA/greennovate/SI4705-KELA-main/greennovate/vendor/laravel/framework/src/Illuminate/Database/Connection.php(398): Illuminate/Database/Connection->select('insert into \"us...', Array, false)
#5 C:/PPL-SI4705-KelA/greennovate/SI4705-KELA-main/greennovate/vendor/laravel/framework/src/Illuminate/Database/Query/Processors/PostgresProcessor.php(24): Illuminate/Database/Connection->selectFromWriteConnection('insert into \"us...', Array)
#6 C:/PPL-SI4705-KelA/greennovate/SI4705-KELA-main/greennovate/vendor/laravel/framework/src/Illuminate/Database/Query/Builder.php(4170): Illuminate/Database/Query/Processors/PostgresProcessor->processInsertGetId(Object(Illuminate/Database/Query/Builder), 'insert into \"us...', Array, 'id')
#7 C:/PPL-SI4705-KelA/greennovate/SI4705-KELA-main/greennovate/vendor/laravel/framework/src/Illuminate/Database/Eloquent/Builder.php(2237): Illuminate/Database/Query/Builder->insertGetId(Array, 'id')
#8 C:/PPL-SI4705-KelA/greennovate/SI4705-KELA-main/greennovate/vendor/laravel/framework/src/Illuminate/Database/Eloquent/Model.php(1436): Illuminate/Database/Eloquent/Builder->__call('insertGetId', Array)
#9 C:/PPL-SI4705-KelA/greennovate/SI4705-KELA-main/greennovate/vendor/laravel/framework/src/Illuminate/Database/Eloquent/Model.php(1401): Illuminate/Database/Eloquent/Model->insertAndSetId(Object(Illuminate/Database/Eloquent/Builder), Array)
#10 C:/PPL-SI4705-KelA/greennovate/SI4705-KELA-main/greennovate/vendor/laravel/framework/src/Illuminate/Database/Eloquent/Model.php(1240): Illuminate/Database/Eloquent/Model->performInsert(Object(Illuminate/Database/Eloquent/Builder))
#11 C:/PPL-SI4705-KelA/greennovate/SI4705-KELA-main/greennovate/vendor/laravel/framework/src/Illuminate/Database/Eloquent/Builder.php(1219): Illuminate/Database/Eloquent/Model->save()
#12 C:/PPL-SI4705-KelA/greennovate/SI4705-KELA-main/greennovate/vendor/laravel/framework/src/Illuminate/Support/helpers.php(393): Illuminate/Database/Eloquent/Builder->Illuminate/Database/Eloquent/{closure}(Object(App/Models/User))
#13 C:/PPL-SI4705-KelA/greennovate/SI4705-KELA-main/greennovate/vendor/laravel/framework/src/Illuminate/Database/Eloquent/Builder.php(1218): tap(Object(App/Models/User), Object(Closure))
#14 C:/PPL-SI4705-KelA/greennovate/SI4705-KELA-main/greennovate/vendor/laravel/framework/src/Illuminate/Database/Eloquent/Builder.php(725): Illuminate/Database/Eloquent/Builder->create(Array)
#15 C:/PPL-SI4705-KelA/greennovate/SI4705-KELA-main/greennovate/vendor/laravel/framework/src/Illuminate/Database/Eloquent/Builder.php(1961): Illuminate/Database/Eloquent/Builder->Illuminate/Database/Eloquent/{closure}()
#16 C:/PPL-SI4705-KelA/greennovate/SI4705-KELA-main/greennovate/vendor/laravel/framework/src/Illuminate/Database/Eloquent/Builder.php(725): Illuminate/Database/Eloquent/Builder->withSavepointIfNeeded(Object(Closure))
#17 C:/PPL-SI4705-KelA/greennovate/SI4705-KELA-main/greennovate/vendor/laravel/framework/src/Illuminate/Database/Eloquent/Builder.php(712): Illuminate/Database/Eloquent/Builder->createOrFirst(Array, Array)
#18 C:/PPL-SI4705-KelA/greennovate/SI4705-KELA-main/greennovate/vendor/laravel/framework/src/Illuminate/Support/Traits/ForwardsCalls.php(23): Illuminate/Database/Eloquent/Builder->firstOrCreate(Array, Array)
#19 C:/PPL-SI4705-KelA/greennovate/SI4705-KELA-main/greennovate/vendor/laravel/framework/src/Illuminate/Database/Eloquent/Model.php(2540): Illuminate/Database/Eloquent/Model->forwardCallTo(Object(Illuminate/Database/Eloquent/Builder), 'firstOrCreate', Array)
#20 C:/PPL-SI4705-KelA/greennovate/SI4705-KELA-main/greennovate/vendor/laravel/framework/src/Illuminate/Database/Eloquent/Model.php(2556): Illuminate/Database/Eloquent/Model->__call('firstOrCreate', Array)
#21 C:/PPL-SI4705-KelA/greennovate/SI4705-KELA-main/greennovate/database/seeders/DatabaseSeeder.php(25): Illuminate/Database/Eloquent/Model::__callStatic('firstOrCreate', Array)
#22 C:/PPL-SI4705-KelA/greennovate/SI4705-KELA-main/greennovate/vendor/laravel/framework/src/Illuminate/Container/BoundMethod.php(36): Database/Seeders/DatabaseSeeder->run()
#23 C:/PPL-SI4705-KelA/greennovate/SI4705-KELA-main/greennovate/vendor/laravel/framework/src/Illuminate/Container/Util.php(43): Illuminate/Container/BoundMethod::Illuminate/Container/{closure}()
#24 C:/PPL-SI4705-KelA/greennovate/SI4705-KELA-main/greennovate/vendor/laravel/framework/src/Illuminate/Container/BoundMethod.php(96): Illuminate/Container/Util::unwrapIfClosure(Object(Closure))
#25 C:/PPL-SI4705-KelA/greennovate/SI4705-KELA-main/greennovate/vendor/laravel/framework/src/Illuminate/Container/BoundMethod.php(35): Illuminate/Container/BoundMethod::callBoundMethod(Object(Illuminate/Foundation/Application), Array, Object(Closure))
#26 C:/PPL-SI4705-KelA/greennovate/SI4705-KELA-main/greennovate/vendor/laravel/framework/src/Illuminate/Container/Container.php(799): Illuminate/Container/BoundMethod::call(Object(Illuminate/Foundation/Application), Array, Array, NULL)
#27 C:/PPL-SI4705-KelA/greennovate/SI4705-KELA-main/greennovate/vendor/laravel/framework/src/Illuminate/Database/Seeder.php(184): Illuminate/Container/Container->call(Array, Array)
#28 C:/PPL-SI4705-KelA/greennovate/SI4705-KELA-main/greennovate/vendor/laravel/framework/src/Illuminate/Database/Eloquent/Concerns/HasEvents.php(454): Illuminate/Database/Seeder->Illuminate/Database/{closure}()
#29 C:/PPL-SI4705-KelA/greennovate/SI4705-KELA-main/greennovate/vendor/laravel/framework/src/Illuminate/Database/Console/Seeds/WithoutModelEvents.php(17): Illuminate/Database/Eloquent/Model::withoutEvents(Object(Closure))
#30 C:/PPL-SI4705-KelA/greennovate/SI4705-KELA-main/greennovate/vendor/laravel/framework/src/Illuminate/Database/Seeder.php(193): Database/Seeders/DatabaseSeeder->Illuminate/Database/Console/Seeds/{closure}()
#31 C:/PPL-SI4705-KelA/greennovate/SI4705-KELA-main/greennovate/vendor/laravel/framework/src/Illuminate/Database/Console/Seeds/SeedCommand.php(71): Illuminate/Database/Seeder->__invoke()
#32 C:/PPL-SI4705-KelA/greennovate/SI4705-KELA-main/greennovate/vendor/laravel/framework/src/Illuminate/Database/Eloquent/Concerns/GuardsAttributes.php(157): Illuminate/Database/Console/Seeds/SeedCommand->Illuminate/Database/Console/Seeds/{closure}()
#33 C:/PPL-SI4705-KelA/greennovate/SI4705-KELA-main/greennovate/vendor/laravel/framework/src/Illuminate/Database/Console/Seeds/SeedCommand.php(70): Illuminate/Database/Eloquent/Model::unguarded(Object(Closure))
#34 C:/PPL-SI4705-KelA/greennovate/SI4705-KELA-main/greennovate/vendor/laravel/framework/src/Illuminate/Container/BoundMethod.php(36): Illuminate/Database/Console/Seeds/SeedCommand->handle()
#35 C:/PPL-SI4705-KelA/greennovate/SI4705-KELA-main/greennovate/vendor/laravel/framework/src/Illuminate/Container/Util.php(43): Illuminate/Container/BoundMethod::Illuminate/Container/{closure}()
#36 C:/PPL-SI4705-KelA/greennovate/SI4705-KELA-main/greennovate/vendor/laravel/framework/src/Illuminate/Container/BoundMethod.php(96): Illuminate/Container/Util::unwrapIfClosure(Object(Closure))
#37 C:/PPL-SI4705-KelA/greennovate/SI4705-KELA-main/greennovate/vendor/laravel/framework/src/Illuminate/Container/BoundMethod.php(35): Illuminate/Container/BoundMethod::callBoundMethod(Object(Illuminate/Foundation/Application), Array, Object(Closure))
#38 C:/PPL-SI4705-KelA/greennovate/SI4705-KELA-main/greennovate/vendor/laravel/framework/src/Illuminate/Container/Container.php(799): Illuminate/Container/BoundMethod::call(Object(Illuminate/Foundation/Application), Array, Array, NULL)
#39 C:/PPL-SI4705-KelA/greennovate/SI4705-KELA-main/greennovate/vendor/laravel/framework/src/Illuminate/Console/Command.php(211): Illuminate/Container/Container->call(Array)
#40 C:/PPL-SI4705-KelA/greennovate/SI4705-KELA-main/greennovate/vendor/symfony/console/Command/Command.php(341): Illuminate/Console/Command->execute(Object(Symfony/Component/Console/Input/ArgvInput), Object(Illuminate/Console/OutputStyle))
#41 C:/PPL-SI4705-KelA/greennovate/SI4705-KELA-main/greennovate/vendor/laravel/framework/src/Illuminate/Console/Command.php(180): Symfony/Component/Console/Command/Command->run(Object(Symfony/Component/Console/Input/ArgvInput), Object(Illuminate/Console/OutputStyle))
#42 C:/PPL-SI4705-KelA/greennovate/SI4705-KELA-main/greennovate/vendor/symfony/console/Application.php(1117): Illuminate/Console/Command->run(Object(Symfony/Component/Console/Input/ArgvInput), Object(Symfony/Component/Console/Output/ConsoleOutput))
#43 C:/PPL-SI4705-KelA/greennovate/SI4705-KELA-main/greennovate/vendor/symfony/console/Application.php(356): Symfony/Component/Console/Application->doRunCommand(Object(Illuminate/Database/Console/Seeds/SeedCommand), Object(Symfony/Component/Console/Input/ArgvInput), Object(Symfony/Component/Console/Output/ConsoleOutput))
#44 C:/PPL-SI4705-KelA/greennovate/SI4705-KELA-main/greennovate/vendor/symfony/console/Application.php(195): Symfony/Component/Console/Application->doRun(Object(Symfony/Component/Console/Input/ArgvInput), Object(Symfony/Component/Console/Output/ConsoleOutput))
#45 C:/PPL-SI4705-KelA/greennovate/SI4705-KELA-main/greennovate/vendor/laravel/framework/src/Illuminate/Foundation/Console/Kernel.php(198): Symfony/Component/Console/Application->run(Object(Symfony/Component/Console/Input/ArgvInput), Object(Symfony/Component/Console/Output/ConsoleOutput))
#46 C:/PPL-SI4705-KelA/greennovate/SI4705-KELA-main/greennovate/vendor/laravel/framework/src/Illuminate/Foundation/Application.php(1235): Illuminate/Foundation/Console/Kernel->handle(Object(Symfony/Component/Console/Input/ArgvInput), Object(Symfony/Component/Console/Output/ConsoleOutput))
#47 C:/PPL-SI4705-KelA/greennovate/SI4705-KELA-main/greennovate/artisan(16): Illuminate/Foundation/Application->handleCommand(Object(Symfony/Component/Console/Input/ArgvInput))
#48 {main}
"} 
[2026-05-19 07:21:12] local.ERROR: SQLSTATE[42883]: Undefined function: 7 ERROR:  operator does not exist: boolean = integer
LINE 1: ...ect count(*) as aggregate from "users" where "is_active" = 1
                                                                    ^
HINT:  No operator matches the given name and argument types. You might need to add explicit type casts. (Connection: pgsql, Host: ep-sweet-bonus-anb5fldu-pooler.c-6.us-east-1.aws.neon.tech, Port: 5432, Database: Greenovete, SQL: select count(*) as aggregate from "users" where "is_active" = 1) {"userId":2,"exception":"[object] (Illuminate\\Database\\QueryException(code: 42883): SQLSTATE[42883]: Undefined function: 7 ERROR:  operator does not exist: boolean = integer
LINE 1: ...ect count(*) as aggregate from \"users\" where \"is_active\" = 1
                                                                    ^
HINT:  No operator matches the given name and argument types. You might need to add explicit type casts. (Connection: pgsql, Host: ep-sweet-bonus-anb5fldu-pooler.c-6.us-east-1.aws.neon.tech, Port: 5432, Database: Greenovete, SQL: select count(*) as aggregate from \"users\" where \"is_active\" = 1) at C:/PPL-SI4705-KelA/greennovate/SI4705-KELA-main/greennovate/vendor/laravel/framework/src/Illuminate/Database/Connection.php:838)
[stacktrace]
#0 C:/PPL-SI4705-KelA/greennovate/SI4705-KELA-main/greennovate/vendor/laravel/framework/src/Illuminate/Database/Connection.php(794): Illuminate/Database/Connection->runQueryCallback('select count(*)...', Array, Object(Closure))
#1 C:/PPL-SI4705-KelA/greennovate/SI4705-KELA-main/greennovate/vendor/laravel/framework/src/Illuminate/Database/Connection.php(411): Illuminate/Database/Connection->run('select count(*)...', Array, Object(Closure))
#2 C:/PPL-SI4705-KelA/greennovate/SI4705-KELA-main/greennovate/vendor/laravel/framework/src/Illuminate/Database/Query/Builder.php(3505): Illuminate/Database/Connection->select('select count(*)...', Array, true)
#3 C:/PPL-SI4705-KelA/greennovate/SI4705-KELA-main/greennovate/vendor/laravel/framework/src/Illuminate/Database/Query/Builder.php(3490): Illuminate/Database/Query/Builder->runSelect()
#4 C:/PPL-SI4705-KelA/greennovate/SI4705-KELA-main/greennovate/vendor/laravel/framework/src/Illuminate/Database/Query/Builder.php(4080): Illuminate/Database/Query/Builder->Illuminate/Database/Query/{closure}()
#5 C:/PPL-SI4705-KelA/greennovate/SI4705-KELA-main/greennovate/vendor/laravel/framework/src/Illuminate/Database/Query/Builder.php(3489): Illuminate/Database/Query/Builder->onceWithColumns(Array, Object(Closure))
#6 C:/PPL-SI4705-KelA/greennovate/SI4705-KELA-main/greennovate/vendor/laravel/framework/src/Illuminate/Database/Query/Builder.php(4004): Illuminate/Database/Query/Builder->get(Array)
#7 C:/PPL-SI4705-KelA/greennovate/SI4705-KELA-main/greennovate/vendor/laravel/framework/src/Illuminate/Database/Query/Builder.php(3932): Illuminate/Database/Query/Builder->aggregate('count', Array)
#8 C:/PPL-SI4705-KelA/greennovate/SI4705-KELA-main/greennovate/vendor/laravel/framework/src/Illuminate/Database/Eloquent/Builder.php(2237): Illuminate/Database/Query/Builder->count()
#9 C:/PPL-SI4705-KelA/greennovate/SI4705-KELA-main/greennovate/app/Http/Controllers/Admin/AdminDashboardController.php(22): Illuminate/Database/Eloquent/Builder->__call('count', Array)
#10 C:/PPL-SI4705-KelA/greennovate/SI4705-KELA-main/greennovate/vendor/laravel/framework/src/Illuminate/Routing/ControllerDispatcher.php(46): App/Http/Controllers/Admin/AdminDashboardController->index()
#11 C:/PPL-SI4705-KelA/greennovate/SI4705-KELA-main/greennovate/vendor/laravel/framework/src/Illuminate/Routing/Route.php(265): Illuminate/Routing/ControllerDispatcher->dispatch(Object(Illuminate/Routing/Route), Object(App/Http/Controllers/Admin/AdminDashboardController), 'index')
#12 C:/PPL-SI4705-KelA/greennovate/SI4705-KELA-main/greennovate/vendor/laravel/framework/src/Illuminate/Routing/Route.php(211): Illuminate/Routing/Route->runController()
#13 C:/PPL-SI4705-KelA/greennovate/SI4705-KELA-main/greennovate/vendor/laravel/framework/src/Illuminate/Routing/Router.php(822): Illuminate/Routing/Route->run()
#14 C:/PPL-SI4705-KelA/greennovate/SI4705-KELA-main/greennovate/vendor/laravel/framework/src/Illuminate/Pipeline/Pipeline.php(180): Illuminate/Routing/Router->Illuminate/Routing/{closure}(Object(Illuminate/Http/Request))
#15 C:/PPL-SI4705-KelA/greennovate/SI4705-KELA-main/greennovate/app/Http/Middleware/IsAdmin.php(22): Illuminate/Pipeline/Pipeline->Illuminate/Pipeline/{closure}(Object(Illuminate/Http/Request))
#16 C:/PPL-SI4705-KelA/greennovate/SI4705-KELA-main/greennovate/vendor/laravel/framework/src/Illuminate/Pipeline/Pipeline.php(219): App/Http/Middleware/IsAdmin->handle(Object(Illuminate/Http/Request), Object(Closure))
#17 C:/PPL-SI4705-KelA/greennovate/SI4705-KELA-main/greennovate/app/Http/Middleware/CheckActive.php(29): Illuminate/Pipeline/Pipeline->Illuminate/Pipeline/{closure}(Object(Illuminate/Http/Request))
#18 C:/PPL-SI4705-KelA/greennovate/SI4705-KELA-main/greennovate/vendor/laravel/framework/src/Illuminate/Pipeline/Pipeline.php(219): App/Http/Middleware/CheckActive->handle(Object(Illuminate/Http/Request), Object(Closure))
#19 C:/PPL-SI4705-KelA/greennovate/SI4705-KELA-main/greennovate/app/Http/Middleware/SetLocale.php(39): Illuminate/Pipeline/Pipeline->Illuminate/Pipeline/{closure}(Object(Illuminate/Http/Request))
#20 C:/PPL-SI4705-KelA/greennovate/SI4705-KELA-main/greennovate/vendor/laravel/framework/src/Illuminate/Pipeline/Pipeline.php(219): App/Http/Middleware/SetLocale->handle(Object(Illuminate/Http/Request), Object(Closure))
#21 C:/PPL-SI4705-KelA/greennovate/SI4705-KELA-main/greennovate/vendor/laravel/framework/src/Illuminate/Routing/Middleware/SubstituteBindings.php(50): Illuminate/Pipeline/Pipeline->Illuminate/Pipeline/{closure}(Object(Illuminate/Http/Request))
#22 C:/PPL-SI4705-KelA/greennovate/SI4705-KELA-main/greennovate/vendor/laravel/framework/src/Illuminate/Pipeline/Pipeline.php(219): Illuminate/Routing/Middleware/SubstituteBindings->handle(Object(Illuminate/Http/Request), Object(Closure))
#23 C:/PPL-SI4705-KelA/greennovate/SI4705-KELA-main/greennovate/vendor/laravel/framework/src/Illuminate/Auth/Middleware/Authenticate.php(63): Illuminate/Pipeline/Pipeline->Illuminate/Pipeline/{closure}(Object(Illuminate/Http/Request))
#24 C:/PPL-SI4705-KelA/greennovate/SI4705-KELA-main/greennovate/vendor/laravel/framework/src/Illuminate/Pipeline/Pipeline.php(219): Illuminate/Auth/Middleware/Authenticate->handle(Object(Illuminate/Http/Request), Object(Closure))
#25 C:/PPL-SI4705-KelA/greennovate/SI4705-KELA-main/greennovate/vendor/laravel/framework/src/Illuminate/Foundation/Http/Middleware/VerifyCsrfToken.php(87): Illuminate/Pipeline/Pipeline->Illuminate/Pipeline/{closure}(Object(Illuminate/Http/Request))
#26 C:/PPL-SI4705-KelA/greennovate/SI4705-KELA-main/greennovate/vendor/laravel/framework/src/Illuminate/Pipeline/Pipeline.php(219): Illuminate/Foundation/Http/Middleware/VerifyCsrfToken->handle(Object(Illuminate/Http/Request), Object(Closure))
#27 C:/PPL-SI4705-KelA/greennovate/SI4705-KELA-main/greennovate/vendor/laravel/framework/src/Illuminate/View/Middleware/ShareErrorsFromSession.php(48): Illuminate/Pipeline/Pipeline->Illuminate/Pipeline/{closure}(Object(Illuminate/Http/Request))
#28 C:/PPL-SI4705-KelA/greennovate/SI4705-KELA-main/greennovate/vendor/laravel/framework/src/Illuminate/Pipeline/Pipeline.php(219): Illuminate/View/Middleware/ShareErrorsFromSession->handle(Object(Illuminate/Http/Request), Object(Closure))
#29 C:/PPL-SI4705-KelA/greennovate/SI4705-KELA-main/greennovate/vendor/laravel/framework/src/Illuminate/Session/Middleware/StartSession.php(120): Illuminate/Pipeline/Pipeline->Illuminate/Pipeline/{closure}(Object(Illuminate/Http/Request))
#30 C:/PPL-SI4705-KelA/greennovate/SI4705-KELA-main/greennovate/vendor/laravel/framework/src/Illuminate/Session/Middleware/StartSession.php(63): Illuminate/Session/Middleware/StartSession->handleStatefulRequest(Object(Illuminate/Http/Request), Object(Illuminate/Session/Store), Object(Closure))
#31 C:/PPL-SI4705-KelA/greennovate/SI4705-KELA-main/greennovate/vendor/laravel/framework/src/Illuminate/Pipeline/Pipeline.php(219): Illuminate/Session/Middleware/StartSession->handle(Object(Illuminate/Http/Request), Object(Closure))
#32 C:/PPL-SI4705-KelA/greennovate/SI4705-KELA-main/greennovate/vendor/laravel/framework/src/Illuminate/Cookie/Middleware/AddQueuedCookiesToResponse.php(36): Illuminate/Pipeline/Pipeline->Illuminate/Pipeline/{closure}(Object(Illuminate/Http/Request))
#33 C:/PPL-SI4705-KelA/greennovate/SI4705-KELA-main/greennovate/vendor/laravel/framework/src/Illuminate/Pipeline/Pipeline.php(219): Illuminate/Cookie/Middleware/AddQueuedCookiesToResponse->handle(Object(Illuminate/Http/Request), Object(Closure))
#34 C:/PPL-SI4705-KelA/greennovate/SI4705-KELA-main/greennovate/vendor/laravel/framework/src/Illuminate/Cookie/Middleware/EncryptCookies.php(74): Illuminate/Pipeline/Pipeline->Illuminate/Pipeline/{closure}(Object(Illuminate/Http/Request))
#35 C:/PPL-SI4705-KelA/greennovate/SI4705-KELA-main/greennovate/vendor/laravel/framework/src/Illuminate/Pipeline/Pipeline.php(219): Illuminate/Cookie/Middleware/EncryptCookies->handle(Object(Illuminate/Http/Request), Object(Closure))
#36 C:/PPL-SI4705-KelA/greennovate/SI4705-KELA-main/greennovate/vendor/laravel/framework/src/Illuminate/Pipeline/Pipeline.php(137): Illuminate/Pipeline/Pipeline->Illuminate/Pipeline/{closure}(Object(Illuminate/Http/Request))
#37 C:/PPL-SI4705-KelA/greennovate/SI4705-KELA-main/greennovate/vendor/laravel/framework/src/Illuminate/Routing/Router.php(821): Illuminate/Pipeline/Pipeline->then(Object(Closure))
#38 C:/PPL-SI4705-KelA/greennovate/SI4705-KELA-main/greennovate/vendor/laravel/framework/src/Illuminate/Routing/Router.php(800): Illuminate/Routing/Router->runRouteWithinStack(Object(Illuminate/Routing/Route), Object(Illuminate/Http/Request))
#39 C:/PPL-SI4705-KelA/greennovate/SI4705-KELA-main/greennovate/vendor/laravel/framework/src/Illuminate/Routing/Router.php(764): Illuminate/Routing/Router->runRoute(Object(Illuminate/Http/Request), Object(Illuminate/Routing/Route))
#40 C:/PPL-SI4705-KelA/greennovate/SI4705-KELA-main/greennovate/vendor/laravel/framework/src/Illuminate/Routing/Router.php(753): Illuminate/Routing/Router->dispatchToRoute(Object(Illuminate/Http/Request))
#41 C:/PPL-SI4705-KelA/greennovate/SI4705-KELA-main/greennovate/vendor/laravel/framework/src/Illuminate/Foundation/Http/Kernel.php(200): Illuminate/Routing/Router->dispatch(Object(Illuminate/Http/Request))
#42 C:/PPL-SI4705-KelA/greennovate/SI4705-KELA-main/greennovate/vendor/laravel/framework/src/Illuminate/Pipeline/Pipeline.php(180): Illuminate/Foundation/Http/Kernel->Illuminate/Foundation/Http/{closure}(Object(Illuminate/Http/Request))
#43 C:/PPL-SI4705-KelA/greennovate/SI4705-KELA-main/greennovate/vendor/laravel/framework/src/Illuminate/Foundation/Http/Middleware/TransformsRequest.php(21): Illuminate/Pipeline/Pipeline->Illuminate/Pipeline/{closure}(Object(Illuminate/Http/Request))
#44 C:/PPL-SI4705-KelA/greennovate/SI4705-KELA-main/greennovate/vendor/laravel/framework/src/Illuminate/Foundation/Http/Middleware/ConvertEmptyStringsToNull.php(31): Illuminate/Foundation/Http/Middleware/TransformsRequest->handle(Object(Illuminate/Http/Request), Object(Closure))
#45 C:/PPL-SI4705-KelA/greennovate/SI4705-KELA-main/greennovate/vendor/laravel/framework/src/Illuminate/Pipeline/Pipeline.php(219): Illuminate/Foundation/Http/Middleware/ConvertEmptyStringsToNull->handle(Object(Illuminate/Http/Request), Object(Closure))
#46 C:/PPL-SI4705-KelA/greennovate/SI4705-KELA-main/greennovate/vendor/laravel/framework/src/Illuminate/Foundation/Http/Middleware/TransformsRequest.php(21): Illuminate/Pipeline/Pipeline->Illuminate/Pipeline/{closure}(Object(Illuminate/Http/Request))
#47 C:/PPL-SI4705-KelA/greennovate/SI4705-KELA-main/greennovate/vendor/laravel/framework/src/Illuminate/Foundation/Http/Middleware/TrimStrings.php(51): Illuminate/Foundation/Http/Middleware/TransformsRequest->handle(Object(Illuminate/Http/Request), Object(Closure))
#48 C:/PPL-SI4705-KelA/greennovate/SI4705-KELA-main/greennovate/vendor/laravel/framework/src/Illuminate/Pipeline/Pipeline.php(219): Illuminate/Foundation/Http/Middleware/TrimStrings->handle(Object(Illuminate/Http/Request), Object(Closure))
#49 C:/PPL-SI4705-KelA/greennovate/SI4705-KELA-main/greennovate/vendor/laravel/framework/src/Illuminate/Http/Middleware/ValidatePostSize.php(27): Illuminate/Pipeline/Pipeline->Illuminate/Pipeline/{closure}(Object(Illuminate/Http/Request))
#50 C:/PPL-SI4705-KelA/greennovate/SI4705-KELA-main/greennovate/vendor/laravel/framework/src/Illuminate/Pipeline/Pipeline.php(219): Illuminate/Http/Middleware/ValidatePostSize->handle(Object(Illuminate/Http/Request), Object(Closure))
#51 C:/PPL-SI4705-KelA/greennovate/SI4705-KELA-main/greennovate/vendor/laravel/framework/src/Illuminate/Foundation/Http/Middleware/PreventRequestsDuringMaintenance.php(109): Illuminate/Pipeline/Pipeline->Illuminate/Pipeline/{closure}(Object(Illuminate/Http/Request))
#52 C:/PPL-SI4705-KelA/greennovate/SI4705-KELA-main/greennovate/vendor/laravel/framework/src/Illuminate/Pipeline/Pipeline.php(219): Illuminate/Foundation/Http/Middleware/PreventRequestsDuringMaintenance->handle(Object(Illuminate/Http/Request), Object(Closure))
#53 C:/PPL-SI4705-KelA/greennovate/SI4705-KELA-main/greennovate/vendor/laravel/framework/src/Illuminate/Http/Middleware/HandleCors.php(61): Illuminate/Pipeline/Pipeline->Illuminate/Pipeline/{closure}(Object(Illuminate/Http/Request))
#54 C:/PPL-SI4705-KelA/greennovate/SI4705-KELA-main/greennovate/vendor/laravel/framework/src/Illuminate/Pipeline/Pipeline.php(219): Illuminate/Http/Middleware/HandleCors->handle(Object(Illuminate/Http/Request), Object(Closure))
#55 C:/PPL-SI4705-KelA/greennovate/SI4705-KELA-main/greennovate/vendor/laravel/framework/src/Illuminate/Http/Middleware/TrustProxies.php(58): Illuminate/Pipeline/Pipeline->Illuminate/Pipeline/{closure}(Object(Illuminate/Http/Request))
#56 C:/PPL-SI4705-KelA/greennovate/SI4705-KELA-main/greennovate/vendor/laravel/framework/src/Illuminate/Pipeline/Pipeline.php(219): Illuminate/Http/Middleware/TrustProxies->handle(Object(Illuminate/Http/Request), Object(Closure))
#57 C:/PPL-SI4705-KelA/greennovate/SI4705-KELA-main/greennovate/vendor/laravel/framework/src/Illuminate/Foundation/Http/Middleware/InvokeDeferredCallbacks.php(22): Illuminate/Pipeline/Pipeline->Illuminate/Pipeline/{closure}(Object(Illuminate/Http/Request))
#58 C:/PPL-SI4705-KelA/greennovate/SI4705-KELA-main/greennovate/vendor/laravel/framework/src/Illuminate/Pipeline/Pipeline.php(219): Illuminate/Foundation/Http/Middleware/InvokeDeferredCallbacks->handle(Object(Illuminate/Http/Request), Object(Closure))
#59 C:/PPL-SI4705-KelA/greennovate/SI4705-KELA-main/greennovate/vendor/laravel/framework/src/Illuminate/Http/Middleware/ValidatePathEncoding.php(26): Illuminate/Pipeline/Pipeline->Illuminate/Pipeline/{closure}(Object(Illuminate/Http/Request))
#60 C:/PPL-SI4705-KelA/greennovate/SI4705-KELA-main/greennovate/vendor/laravel/framework/src/Illuminate/Pipeline/Pipeline.php(219): Illuminate/Http/Middleware/ValidatePathEncoding->handle(Object(Illuminate/Http/Request), Object(Closure))
#61 C:/PPL-SI4705-KelA/greennovate/SI4705-KELA-main/greennovate/vendor/laravel/framework/src/Illuminate/Pipeline/Pipeline.php(137): Illuminate/Pipeline/Pipeline->Illuminate/Pipeline/{closure}(Object(Illuminate/Http/Request))
#62 C:/PPL-SI4705-KelA/greennovate/SI4705-KELA-main/greennovate/vendor/laravel/framework/src/Illuminate/Foundation/Http/Kernel.php(175): Illuminate/Pipeline/Pipeline->then(Object(Closure))
#63 C:/PPL-SI4705-KelA/greennovate/SI4705-KELA-main/greennovate/vendor/laravel/framework/src/Illuminate/Foundation/Http/Kernel.php(144): Illuminate/Foundation/Http/Kernel->sendRequestThroughRouter(Object(Illuminate/Http/Request))
#64 C:/PPL-SI4705-KelA/greennovate/SI4705-KELA-main/greennovate/vendor/laravel/framework/src/Illuminate/Foundation/Application.php(1220): Illuminate/Foundation/Http/Kernel->handle(Object(Illuminate/Http/Request))
#65 C:/PPL-SI4705-KelA/greennovate/SI4705-KELA-main/greennovate/public/index.php(20): Illuminate/Foundation/Application->handleRequest(Object(Illuminate/Http/Request))
#66 C:/PPL-SI4705-KelA/greennovate/SI4705-KELA-main/greennovate/vendor/laravel/framework/src/Illuminate/Foundation/resources/server.php(23): require_once('C://PPL-SI4705-K...')
#67 {main}

[previous exception] [object] (PDOException(code: 42883): SQLSTATE[42883]: Undefined function: 7 ERROR:  operator does not exist: boolean = integer
LINE 1: ...ect count(*) as aggregate from \"users\" where \"is_active\" = 1
                                                                    ^
HINT:  No operator matches the given name and argument types. You might need to add explicit type casts. at C:/PPL-SI4705-KelA/greennovate/SI4705-KELA-main/greennovate/vendor/laravel/framework/src/Illuminate/Database/Connection.php:425)
[stacktrace]
#0 C:/PPL-SI4705-KelA/greennovate/SI4705-KELA-main/greennovate/vendor/laravel/framework/src/Illuminate/Database/Connection.php(425): PDOStatement->execute()
#1 C:/PPL-SI4705-KelA/greennovate/SI4705-KELA-main/greennovate/vendor/laravel/framework/src/Illuminate/Database/Connection.php(827): Illuminate/Database/Connection->Illuminate/Database/{closure}('select count(*)...', Array)
#2 C:/PPL-SI4705-KelA/greennovate/SI4705-KELA-main/greennovate/vendor/laravel/framework/src/Illuminate/Database/Connection.php(794): Illuminate/Database/Connection->runQueryCallback('select count(*)...', Array, Object(Closure))
#3 C:/PPL-SI4705-KelA/greennovate/SI4705-KELA-main/greennovate/vendor/laravel/framework/src/Illuminate/Database/Connection.php(411): Illuminate/Database/Connection->run('select count(*)...', Array, Object(Closure))
#4 C:/PPL-SI4705-KelA/greennovate/SI4705-KELA-main/greennovate/vendor/laravel/framework/src/Illuminate/Database/Query/Builder.php(3505): Illuminate/Database/Connection->select('select count(*)...', Array, true)
#5 C:/PPL-SI4705-KelA/greennovate/SI4705-KELA-main/greennovate/vendor/laravel/framework/src/Illuminate/Database/Query/Builder.php(3490): Illuminate/Database/Query/Builder->runSelect()
#6 C:/PPL-SI4705-KelA/greennovate/SI4705-KELA-main/greennovate/vendor/laravel/framework/src/Illuminate/Database/Query/Builder.php(4080): Illuminate/Database/Query/Builder->Illuminate/Database/Query/{closure}()
#7 C:/PPL-SI4705-KelA/greennovate/SI4705-KELA-main/greennovate/vendor/laravel/framework/src/Illuminate/Database/Query/Builder.php(3489): Illuminate/Database/Query/Builder->onceWithColumns(Array, Object(Closure))
#8 C:/PPL-SI4705-KelA/greennovate/SI4705-KELA-main/greennovate/vendor/laravel/framework/src/Illuminate/Database/Query/Builder.php(4004): Illuminate/Database/Query/Builder->get(Array)
#9 C:/PPL-SI4705-KelA/greennovate/SI4705-KELA-main/greennovate/vendor/laravel/framework/src/Illuminate/Database/Query/Builder.php(3932): Illuminate/Database/Query/Builder->aggregate('count', Array)
#10 C:/PPL-SI4705-KelA/greennovate/SI4705-KELA-main/greennovate/vendor/laravel/framework/src/Illuminate/Database/Eloquent/Builder.php(2237): Illuminate/Database/Query/Builder->count()
#11 C:/PPL-SI4705-KelA/greennovate/SI4705-KELA-main/greennovate/app/Http/Controllers/Admin/AdminDashboardController.php(22): Illuminate/Database/Eloquent/Builder->__call('count', Array)
#12 C:/PPL-SI4705-KelA/greennovate/SI4705-KELA-main/greennovate/vendor/laravel/framework/src/Illuminate/Routing/ControllerDispatcher.php(46): App/Http/Controllers/Admin/AdminDashboardController->index()
#13 C:/PPL-SI4705-KelA/greennovate/SI4705-KELA-main/greennovate/vendor/laravel/framework/src/Illuminate/Routing/Route.php(265): Illuminate/Routing/ControllerDispatcher->dispatch(Object(Illuminate/Routing/Route), Object(App/Http/Controllers/Admin/AdminDashboardController), 'index')
#14 C:/PPL-SI4705-KelA/greennovate/SI4705-KELA-main/greennovate/vendor/laravel/framework/src/Illuminate/Routing/Route.php(211): Illuminate/Routing/Route->runController()
#15 C:/PPL-SI4705-KelA/greennovate/SI4705-KELA-main/greennovate/vendor/laravel/framework/src/Illuminate/Routing/Router.php(822): Illuminate/Routing/Route->run()
#16 C:/PPL-SI4705-KelA/greennovate/SI4705-KELA-main/greennovate/vendor/laravel/framework/src/Illuminate/Pipeline/Pipeline.php(180): Illuminate/Routing/Router->Illuminate/Routing/{closure}(Object(Illuminate/Http/Request))
#17 C:/PPL-SI4705-KelA/greennovate/SI4705-KELA-main/greennovate/app/Http/Middleware/IsAdmin.php(22): Illuminate/Pipeline/Pipeline->Illuminate/Pipeline/{closure}(Object(Illuminate/Http/Request))
#18 C:/PPL-SI4705-KelA/greennovate/SI4705-KELA-main/greennovate/vendor/laravel/framework/src/Illuminate/Pipeline/Pipeline.php(219): App/Http/Middleware/IsAdmin->handle(Object(Illuminate/Http/Request), Object(Closure))
#19 C:/PPL-SI4705-KelA/greennovate/SI4705-KELA-main/greennovate/app/Http/Middleware/CheckActive.php(29): Illuminate/Pipeline/Pipeline->Illuminate/Pipeline/{closure}(Object(Illuminate/Http/Request))
#20 C:/PPL-SI4705-KelA/greennovate/SI4705-KELA-main/greennovate/vendor/laravel/framework/src/Illuminate/Pipeline/Pipeline.php(219): App/Http/Middleware/CheckActive->handle(Object(Illuminate/Http/Request), Object(Closure))
#21 C:/PPL-SI4705-KelA/greennovate/SI4705-KELA-main/greennovate/app/Http/Middleware/SetLocale.php(39): Illuminate/Pipeline/Pipeline->Illuminate/Pipeline/{closure}(Object(Illuminate/Http/Request))
#22 C:/PPL-SI4705-KelA/greennovate/SI4705-KELA-main/greennovate/vendor/laravel/framework/src/Illuminate/Pipeline/Pipeline.php(219): App/Http/Middleware/SetLocale->handle(Object(Illuminate/Http/Request), Object(Closure))
#23 C:/PPL-SI4705-KelA/greennovate/SI4705-KELA-main/greennovate/vendor/laravel/framework/src/Illuminate/Routing/Middleware/SubstituteBindings.php(50): Illuminate/Pipeline/Pipeline->Illuminate/Pipeline/{closure}(Object(Illuminate/Http/Request))
#24 C:/PPL-SI4705-KelA/greennovate/SI4705-KELA-main/greennovate/vendor/laravel/framework/src/Illuminate/Pipeline/Pipeline.php(219): Illuminate/Routing/Middleware/SubstituteBindings->handle(Object(Illuminate/Http/Request), Object(Closure))
#25 C:/PPL-SI4705-KelA/greennovate/SI4705-KELA-main/greennovate/vendor/laravel/framework/src/Illuminate/Auth/Middleware/Authenticate.php(63): Illuminate/Pipeline/Pipeline->Illuminate/Pipeline/{closure}(Object(Illuminate/Http/Request))
#26 C:/PPL-SI4705-KelA/greennovate/SI4705-KELA-main/greennovate/vendor/laravel/framework/src/Illuminate/Pipeline/Pipeline.php(219): Illuminate/Auth/Middleware/Authenticate->handle(Object(Illuminate/Http/Request), Object(Closure))
#27 C:/PPL-SI4705-KelA/greennovate/SI4705-KELA-main/greennovate/vendor/laravel/framework/src/Illuminate/Foundation/Http/Middleware/VerifyCsrfToken.php(87): Illuminate/Pipeline/Pipeline->Illuminate/Pipeline/{closure}(Object(Illuminate/Http/Request))
#28 C:/PPL-SI4705-KelA/greennovate/SI4705-KELA-main/greennovate/vendor/laravel/framework/src/Illuminate/Pipeline/Pipeline.php(219): Illuminate/Foundation/Http/Middleware/VerifyCsrfToken->handle(Object(Illuminate/Http/Request), Object(Closure))
#29 C:/PPL-SI4705-KelA/greennovate/SI4705-KELA-main/greennovate/vendor/laravel/framework/src/Illuminate/View/Middleware/ShareErrorsFromSession.php(48): Illuminate/Pipeline/Pipeline->Illuminate/Pipeline/{closure}(Object(Illuminate/Http/Request))
#30 C:/PPL-SI4705-KelA/greennovate/SI4705-KELA-main/greennovate/vendor/laravel/framework/src/Illuminate/Pipeline/Pipeline.php(219): Illuminate/View/Middleware/ShareErrorsFromSession->handle(Object(Illuminate/Http/Request), Object(Closure))
#31 C:/PPL-SI4705-KelA/greennovate/SI4705-KELA-main/greennovate/vendor/laravel/framework/src/Illuminate/Session/Middleware/StartSession.php(120): Illuminate/Pipeline/Pipeline->Illuminate/Pipeline/{closure}(Object(Illuminate/Http/Request))
#32 C:/PPL-SI4705-KelA/greennovate/SI4705-KELA-main/greennovate/vendor/laravel/framework/src/Illuminate/Session/Middleware/StartSession.php(63): Illuminate/Session/Middleware/StartSession->handleStatefulRequest(Object(Illuminate/Http/Request), Object(Illuminate/Session/Store), Object(Closure))
#33 C:/PPL-SI4705-KelA/greennovate/SI4705-KELA-main/greennovate/vendor/laravel/framework/src/Illuminate/Pipeline/Pipeline.php(219): Illuminate/Session/Middleware/StartSession->handle(Object(Illuminate/Http/Request), Object(Closure))
#34 C:/PPL-SI4705-KelA/greennovate/SI4705-KELA-main/greennovate/vendor/laravel/framework/src/Illuminate/Cookie/Middleware/AddQueuedCookiesToResponse.php(36): Illuminate/Pipeline/Pipeline->Illuminate/Pipeline/{closure}(Object(Illuminate/Http/Request))
#35 C:/PPL-SI4705-KelA/greennovate/SI4705-KELA-main/greennovate/vendor/laravel/framework/src/Illuminate/Pipeline/Pipeline.php(219): Illuminate/Cookie/Middleware/AddQueuedCookiesToResponse->handle(Object(Illuminate/Http/Request), Object(Closure))
#36 C:/PPL-SI4705-KelA/greennovate/SI4705-KELA-main/greennovate/vendor/laravel/framework/src/Illuminate/Cookie/Middleware/EncryptCookies.php(74): Illuminate/Pipeline/Pipeline->Illuminate/Pipeline/{closure}(Object(Illuminate/Http/Request))
#37 C:/PPL-SI4705-KelA/greennovate/SI4705-KELA-main/greennovate/vendor/laravel/framework/src/Illuminate/Pipeline/Pipeline.php(219): Illuminate/Cookie/Middleware/EncryptCookies->handle(Object(Illuminate/Http/Request), Object(Closure))
#38 C:/PPL-SI4705-KelA/greennovate/SI4705-KELA-main/greennovate/vendor/laravel/framework/src/Illuminate/Pipeline/Pipeline.php(137): Illuminate/Pipeline/Pipeline->Illuminate/Pipeline/{closure}(Object(Illuminate/Http/Request))
#39 C:/PPL-SI4705-KelA/greennovate/SI4705-KELA-main/greennovate/vendor/laravel/framework/src/Illuminate/Routing/Router.php(821): Illuminate/Pipeline/Pipeline->then(Object(Closure))
#40 C:/PPL-SI4705-KelA/greennovate/SI4705-KELA-main/greennovate/vendor/laravel/framework/src/Illuminate/Routing/Router.php(800): Illuminate/Routing/Router->runRouteWithinStack(Object(Illuminate/Routing/Route), Object(Illuminate/Http/Request))
#41 C:/PPL-SI4705-KelA/greennovate/SI4705-KELA-main/greennovate/vendor/laravel/framework/src/Illuminate/Routing/Router.php(764): Illuminate/Routing/Router->runRoute(Object(Illuminate/Http/Request), Object(Illuminate/Routing/Route))
#42 C:/PPL-SI4705-KelA/greennovate/SI4705-KELA-main/greennovate/vendor/laravel/framework/src/Illuminate/Routing/Router.php(753): Illuminate/Routing/Router->dispatchToRoute(Object(Illuminate/Http/Request))
#43 C:/PPL-SI4705-KelA/greennovate/SI4705-KELA-main/greennovate/vendor/laravel/framework/src/Illuminate/Foundation/Http/Kernel.php(200): Illuminate/Routing/Router->dispatch(Object(Illuminate/Http/Request))
#44 C:/PPL-SI4705-KelA/greennovate/SI4705-KELA-main/greennovate/vendor/laravel/framework/src/Illuminate/Pipeline/Pipeline.php(180): Illuminate/Foundation/Http/Kernel->Illuminate/Foundation/Http/{closure}(Object(Illuminate/Http/Request))
#45 C:/PPL-SI4705-KelA/greennovate/SI4705-KELA-main/greennovate/vendor/laravel/framework/src/Illuminate/Foundation/Http/Middleware/TransformsRequest.php(21): Illuminate/Pipeline/Pipeline->Illuminate/Pipeline/{closure}(Object(Illuminate/Http/Request))
#46 C:/PPL-SI4705-KelA/greennovate/SI4705-KELA-main/greennovate/vendor/laravel/framework/src/Illuminate/Foundation/Http/Middleware/ConvertEmptyStringsToNull.php(31): Illuminate/Foundation/Http/Middleware/TransformsRequest->handle(Object(Illuminate/Http/Request), Object(Closure))
#47 C:/PPL-SI4705-KelA/greennovate/SI4705-KELA-main/greennovate/vendor/laravel/framework/src/Illuminate/Pipeline/Pipeline.php(219): Illuminate/Foundation/Http/Middleware/ConvertEmptyStringsToNull->handle(Object(Illuminate/Http/Request), Object(Closure))
#48 C:/PPL-SI4705-KelA/greennovate/SI4705-KELA-main/greennovate/vendor/laravel/framework/src/Illuminate/Foundation/Http/Middleware/TransformsRequest.php(21): Illuminate/Pipeline/Pipeline->Illuminate/Pipeline/{closure}(Object(Illuminate/Http/Request))
#49 C:/PPL-SI4705-KelA/greennovate/SI4705-KELA-main/greennovate/vendor/laravel/framework/src/Illuminate/Foundation/Http/Middleware/TrimStrings.php(51): Illuminate/Foundation/Http/Middleware/TransformsRequest->handle(Object(Illuminate/Http/Request), Object(Closure))
#50 C:/PPL-SI4705-KelA/greennovate/SI4705-KELA-main/greennovate/vendor/laravel/framework/src/Illuminate/Pipeline/Pipeline.php(219): Illuminate/Foundation/Http/Middleware/TrimStrings->handle(Object(Illuminate/Http/Request), Object(Closure))
#51 C:/PPL-SI4705-KelA/greennovate/SI4705-KELA-main/greennovate/vendor/laravel/framework/src/Illuminate/Http/Middleware/ValidatePostSize.php(27): Illuminate/Pipeline/Pipeline->Illuminate/Pipeline/{closure}(Object(Illuminate/Http/Request))
#52 C:/PPL-SI4705-KelA/greennovate/SI4705-KELA-main/greennovate/vendor/laravel/framework/src/Illuminate/Pipeline/Pipeline.php(219): Illuminate/Http/Middleware/ValidatePostSize->handle(Object(Illuminate/Http/Request), Object(Closure))
#53 C:/PPL-SI4705-KelA/greennovate/SI4705-KELA-main/greennovate/vendor/laravel/framework/src/Illuminate/Foundation/Http/Middleware/PreventRequestsDuringMaintenance.php(109): Illuminate/Pipeline/Pipeline->Illuminate/Pipeline/{closure}(Object(Illuminate/Http/Request))
#54 C:/PPL-SI4705-KelA/greennovate/SI4705-KELA-main/greennovate/vendor/laravel/framework/src/Illuminate/Pipeline/Pipeline.php(219): Illuminate/Foundation/Http/Middleware/PreventRequestsDuringMaintenance->handle(Object(Illuminate/Http/Request), Object(Closure))
#55 C:/PPL-SI4705-KelA/greennovate/SI4705-KELA-main/greennovate/vendor/laravel/framework/src/Illuminate/Http/Middleware/HandleCors.php(61): Illuminate/Pipeline/Pipeline->Illuminate/Pipeline/{closure}(Object(Illuminate/Http/Request))
#56 C:/PPL-SI4705-KelA/greennovate/SI4705-KELA-main/greennovate/vendor/laravel/framework/src/Illuminate/Pipeline/Pipeline.php(219): Illuminate/Http/Middleware/HandleCors->handle(Object(Illuminate/Http/Request), Object(Closure))
#57 C:/PPL-SI4705-KelA/greennovate/SI4705-KELA-main/greennovate/vendor/laravel/framework/src/Illuminate/Http/Middleware/TrustProxies.php(58): Illuminate/Pipeline/Pipeline->Illuminate/Pipeline/{closure}(Object(Illuminate/Http/Request))
#58 C:/PPL-SI4705-KelA/greennovate/SI4705-KELA-main/greennovate/vendor/laravel/framework/src/Illuminate/Pipeline/Pipeline.php(219): Illuminate/Http/Middleware/TrustProxies->handle(Object(Illuminate/Http/Request), Object(Closure))
#59 C:/PPL-SI4705-KelA/greennovate/SI4705-KELA-main/greennovate/vendor/laravel/framework/src/Illuminate/Foundation/Http/Middleware/InvokeDeferredCallbacks.php(22): Illuminate/Pipeline/Pipeline->Illuminate/Pipeline/{closure}(Object(Illuminate/Http/Request))
#60 C:/PPL-SI4705-KelA/greennovate/SI4705-KELA-main/greennovate/vendor/laravel/framework/src/Illuminate/Pipeline/Pipeline.php(219): Illuminate/Foundation/Http/Middleware/InvokeDeferredCallbacks->handle(Object(Illuminate/Http/Request), Object(Closure))
#61 C:/PPL-SI4705-KelA/greennovate/SI4705-KELA-main/greennovate/vendor/laravel/framework/src/Illuminate/Http/Middleware/ValidatePathEncoding.php(26): Illuminate/Pipeline/Pipeline->Illuminate/Pipeline/{closure}(Object(Illuminate/Http/Request))
#62 C:/PPL-SI4705-KelA/greennovate/SI4705-KELA-main/greennovate/vendor/laravel/framework/src/Illuminate/Pipeline/Pipeline.php(219): Illuminate/Http/Middleware/ValidatePathEncoding->handle(Object(Illuminate/Http/Request), Object(Closure))
#63 C:/PPL-SI4705-KelA/greennovate/SI4705-KELA-main/greennovate/vendor/laravel/framework/src/Illuminate/Pipeline/Pipeline.php(137): Illuminate/Pipeline/Pipeline->Illuminate/Pipeline/{closure}(Object(Illuminate/Http/Request))
#64 C:/PPL-SI4705-KelA/greennovate/SI4705-KELA-main/greennovate/vendor/laravel/framework/src/Illuminate/Foundation/Http/Kernel.php(175): Illuminate/Pipeline/Pipeline->then(Object(Closure))
#65 C:/PPL-SI4705-KelA/greennovate/SI4705-KELA-main/greennovate/vendor/laravel/framework/src/Illuminate/Foundation/Http/Kernel.php(144): Illuminate/Foundation/Http/Kernel->sendRequestThroughRouter(Object(Illuminate/Http/Request))
#66 C:/PPL-SI4705-KelA/greennovate/SI4705-KELA-main/greennovate/vendor/laravel/framework/src/Illuminate/Foundation/Application.php(1220): Illuminate/Foundation/Http/Kernel->handle(Object(Illuminate/Http/Request))
#67 C:/PPL-SI4705-KelA/greennovate/SI4705-KELA-main/greennovate/public/index.php(20): Illuminate/Foundation/Application->handleRequest(Object(Illuminate/Http/Request))
#68 C:/PPL-SI4705-KelA/greennovate/SI4705-KELA-main/greennovate/vendor/laravel/framework/src/Illuminate/Foundation/resources/server.php(23): require_once('C://PPL-SI4705-K...')
#69 {main}
"} 
[2026-05-19 07:43:56] local.ERROR: Maximum execution time of 60 seconds exceeded {"userId":1,"exception":"[object] (Symfony\\Component\\ErrorHandler\\Error\\FatalError(code: 0): Maximum execution time of 60 seconds exceeded at C:/PPL-SI4705-KelA/greennovate/SI4705-KELA-main/greennovate/vendor/laravel/framework/src/Illuminate/Database/Connection.php:427)
[stacktrace]
#0 {main}
"} 
[2026-06-01 14:35:35] local.ERROR: Route [donations.index] not defined. (View: C:\PPL-SI4705-KelA\greennovate\SI4705-KELA-main\greennovate\resources\views\layouts\landing.blade.php) (View: C:\PPL-SI4705-KelA\greennovate\SI4705-KELA-main\greennovate\resources\views\layouts\landing.blade.php) {"userId":1,"exception":"[object] (Illuminate\\View\\ViewException(code: 0): Route [donations.index] not defined. (View: C:\\PPL-SI4705-KelA\\greennovate\\SI4705-KELA-main\\greennovate\\resources\\views\\layouts\\landing.blade.php) (View: C:\\PPL-SI4705-KelA\\greennovate\\SI4705-KELA-main\\greennovate\\resources\\views\\layouts\\landing.blade.php) at C:/PPL-SI4705-KelA/greennovate/SI4705-KELA-main/greennovate/vendor/laravel/framework/src/Illuminate/Routing/UrlGenerator.php:528)
[stacktrace]
#0 C:/PPL-SI4705-KelA/greennovate/SI4705-KELA-main/greennovate/vendor/laravel/framework/src/Illuminate/View/Engines/PhpEngine.php(59): Illuminate/View/Engines/CompilerEngine->handleViewException(Object(Illuminate/View/ViewException), 1)
#1 C:/PPL-SI4705-KelA/greennovate/SI4705-KELA-main/greennovate/vendor/laravel/framework/src/Illuminate/View/Engines/CompilerEngine.php(76): Illuminate/View/Engines/PhpEngine->evaluatePath('C://PPL-SI4705-K...', Array)
#2 C:/PPL-SI4705-KelA/greennovate/SI4705-KELA-main/greennovate/vendor/laravel/framework/src/Illuminate/View/View.php(208): Illuminate/View/Engines/CompilerEngine->get('C://PPL-SI4705-K...', Array)
#3 C:/PPL-SI4705-KelA/greennovate/SI4705-KELA-main/greennovate/vendor/laravel/framework/src/Illuminate/View/View.php(191): Illuminate/View/View->getContents()
#4 C:/PPL-SI4705-KelA/greennovate/SI4705-KELA-main/greennovate/vendor/laravel/framework/src/Illuminate/View/View.php(160): Illuminate/View/View->renderContents()
#5 C:/PPL-SI4705-KelA/greennovate/SI4705-KELA-main/greennovate/vendor/laravel/framework/src/Illuminate/Http/Response.php(78): Illuminate/View/View->render()
#6 C:/PPL-SI4705-KelA/greennovate/SI4705-KELA-main/greennovate/vendor/laravel/framework/src/Illuminate/Http/Response.php(34): Illuminate/Http/Response->setContent(Object(Illuminate/View/View))
#7 C:/PPL-SI4705-KelA/greennovate/SI4705-KELA-main/greennovate/vendor/laravel/framework/src/Illuminate/Routing/Router.php(939): Illuminate/Http/Response->__construct(Object(Illuminate/View/View), 200, Array)
#8 C:/PPL-SI4705-KelA/greennovate/SI4705-KELA-main/greennovate/vendor/laravel/framework/src/Illuminate/Routing/Router.php(906): Illuminate/Routing/Router::toResponse(Object(Illuminate/Http/Request), Object(Illuminate/View/View))
#9 C:/PPL-SI4705-KelA/greennovate/SI4705-KELA-main/greennovate/vendor/laravel/framework/src/Illuminate/Routing/Router.php(821): Illuminate/Routing/Router->prepareResponse(Object(Illuminate/Http/Request), Object(Illuminate/View/View))
#10 C:/PPL-SI4705-KelA/greennovate/SI4705-KELA-main/greennovate/vendor/laravel/framework/src/Illuminate/Pipeline/Pipeline.php(180): Illuminate/Routing/Router->Illuminate/Routing/{closure}(Object(Illuminate/Http/Request))
#11 C:/PPL-SI4705-KelA/greennovate/SI4705-KELA-main/greennovate/app/Http/Middleware/SetLocale.php(39): Illuminate/Pipeline/Pipeline->Illuminate/Pipeline/{closure}(Object(Illuminate/Http/Request))
#12 C:/PPL-SI4705-KelA/greennovate/SI4705-KELA-main/greennovate/vendor/laravel/framework/src/Illuminate/Pipeline/Pipeline.php(219): App/Http/Middleware/SetLocale->handle(Object(Illuminate/Http/Request), Object(Closure))
#13 C:/PPL-SI4705-KelA/greennovate/SI4705-KELA-main/greennovate/vendor/laravel/framework/src/Illuminate/Routing/Middleware/SubstituteBindings.php(50): Illuminate/Pipeline/Pipeline->Illuminate/Pipeline/{closure}(Object(Illuminate/Http/Request))
#14 C:/PPL-SI4705-KelA/greennovate/SI4705-KELA-main/greennovate/vendor/laravel/framework/src/Illuminate/Pipeline/Pipeline.php(219): Illuminate/Routing/Middleware/SubstituteBindings->handle(Object(Illuminate/Http/Request), Object(Closure))
#15 C:/PPL-SI4705-KelA/greennovate/SI4705-KELA-main/greennovate/vendor/laravel/framework/src/Illuminate/Foundation/Http/Middleware/VerifyCsrfToken.php(87): Illuminate/Pipeline/Pipeline->Illuminate/Pipeline/{closure}(Object(Illuminate/Http/Request))
#16 C:/PPL-SI4705-KelA/greennovate/SI4705-KELA-main/greennovate/vendor/laravel/framework/src/Illuminate/Pipeline/Pipeline.php(219): Illuminate/Foundation/Http/Middleware/VerifyCsrfToken->handle(Object(Illuminate/Http/Request), Object(Closure))
#17 C:/PPL-SI4705-KelA/greennovate/SI4705-KELA-main/greennovate/vendor/laravel/framework/src/Illuminate/View/Middleware/ShareErrorsFromSession.php(48): Illuminate/Pipeline/Pipeline->Illuminate/Pipeline/{closure}(Object(Illuminate/Http/Request))
#18 C:/PPL-SI4705-KelA/greennovate/SI4705-KELA-main/greennovate/vendor/laravel/framework/src/Illuminate/Pipeline/Pipeline.php(219): Illuminate/View/Middleware/ShareErrorsFromSession->handle(Object(Illuminate/Http/Request), Object(Closure))
#19 C:/PPL-SI4705-KelA/greennovate/SI4705-KELA-main/greennovate/vendor/laravel/framework/src/Illuminate/Session/Middleware/StartSession.php(120): Illuminate/Pipeline/Pipeline->Illuminate/Pipeline/{closure}(Object(Illuminate/Http/Request))
#20 C:/PPL-SI4705-KelA/greennovate/SI4705-KELA-main/greennovate/vendor/laravel/framework/src/Illuminate/Session/Middleware/StartSession.php(63): Illuminate/Session/Middleware/StartSession->handleStatefulRequest(Object(Illuminate/Http/Request), Object(Illuminate/Session/Store), Object(Closure))
#21 C:/PPL-SI4705-KelA/greennovate/SI4705-KELA-main/greennovate/vendor/laravel/framework/src/Illuminate/Pipeline/Pipeline.php(219): Illuminate/Session/Middleware/StartSession->handle(Object(Illuminate/Http/Request), Object(Closure))
#22 C:/PPL-SI4705-KelA/greennovate/SI4705-KELA-main/greennovate/vendor/laravel/framework/src/Illuminate/Cookie/Middleware/AddQueuedCookiesToResponse.php(36): Illuminate/Pipeline/Pipeline->Illuminate/Pipeline/{closure}(Object(Illuminate/Http/Request))
#23 C:/PPL-SI4705-KelA/greennovate/SI4705-KELA-main/greennovate/vendor/laravel/framework/src/Illuminate/Pipeline/Pipeline.php(219): Illuminate/Cookie/Middleware/AddQueuedCookiesToResponse->handle(Object(Illuminate/Http/Request), Object(Closure))
#24 C:/PPL-SI4705-KelA/greennovate/SI4705-KELA-main/greennovate/vendor/laravel/framework/src/Illuminate/Cookie/Middleware/EncryptCookies.php(74): Illuminate/Pipeline/Pipeline->Illuminate/Pipeline/{closure}(Object(Illuminate/Http/Request))
#25 C:/PPL-SI4705-KelA/greennovate/SI4705-KELA-main/greennovate/vendor/laravel/framework/src/Illuminate/Pipeline/Pipeline.php(219): Illuminate/Cookie/Middleware/EncryptCookies->handle(Object(Illuminate/Http/Request), Object(Closure))
#26 C:/PPL-SI4705-KelA/greennovate/SI4705-KELA-main/greennovate/vendor/laravel/framework/src/Illuminate/Pipeline/Pipeline.php(137): Illuminate/Pipeline/Pipeline->Illuminate/Pipeline/{closure}(Object(Illuminate/Http/Request))
#27 C:/PPL-SI4705-KelA/greennovate/SI4705-KELA-main/greennovate/vendor/laravel/framework/src/Illuminate/Routing/Router.php(821): Illuminate/Pipeline/Pipeline->then(Object(Closure))
#28 C:/PPL-SI4705-KelA/greennovate/SI4705-KELA-main/greennovate/vendor/laravel/framework/src/Illuminate/Routing/Router.php(800): Illuminate/Routing/Router->runRouteWithinStack(Object(Illuminate/Routing/Route), Object(Illuminate/Http/Request))
#29 C:/PPL-SI4705-KelA/greennovate/SI4705-KELA-main/greennovate/vendor/laravel/framework/src/Illuminate/Routing/Router.php(764): Illuminate/Routing/Router->runRoute(Object(Illuminate/Http/Request), Object(Illuminate/Routing/Route))
#30 C:/PPL-SI4705-KelA/greennovate/SI4705-KELA-main/greennovate/vendor/laravel/framework/src/Illuminate/Routing/Router.php(753): Illuminate/Routing/Router->dispatchToRoute(Object(Illuminate/Http/Request))
#31 C:/PPL-SI4705-KelA/greennovate/SI4705-KELA-main/greennovate/vendor/laravel/framework/src/Illuminate/Foundation/Http/Kernel.php(200): Illuminate/Routing/Router->dispatch(Object(Illuminate/Http/Request))
#32 C:/PPL-SI4705-KelA/greennovate/SI4705-KELA-main/greennovate/vendor/laravel/framework/src/Illuminate/Pipeline/Pipeline.php(180): Illuminate/Foundation/Http/Kernel->Illuminate/Foundation/Http/{closure}(Object(Illuminate/Http/Request))
#33 C:/PPL-SI4705-KelA/greennovate/SI4705-KELA-main/greennovate/vendor/laravel/framework/src/Illuminate/Foundation/Http/Middleware/TransformsRequest.php(21): Illuminate/Pipeline/Pipeline->Illuminate/Pipeline/{closure}(Object(Illuminate/Http/Request))
#34 C:/PPL-SI4705-KelA/greennovate/SI4705-KELA-main/greennovate/vendor/laravel/framework/src/Illuminate/Foundation/Http/Middleware/ConvertEmptyStringsToNull.php(31): Illuminate/Foundation/Http/Middleware/TransformsRequest->handle(Object(Illuminate/Http/Request), Object(Closure))
#35 C:/PPL-SI4705-KelA/greennovate/SI4705-KELA-main/greennovate/vendor/laravel/framework/src/Illuminate/Pipeline/Pipeline.php(219): Illuminate/Foundation/Http/Middleware/ConvertEmptyStringsToNull->handle(Object(Illuminate/Http/Request), Object(Closure))
#36 C:/PPL-SI4705-KelA/greennovate/SI4705-KELA-main/greennovate/vendor/laravel/framework/src/Illuminate/Foundation/Http/Middleware/TransformsRequest.php(21): Illuminate/Pipeline/Pipeline->Illuminate/Pipeline/{closure}(Object(Illuminate/Http/Request))
#37 C:/PPL-SI4705-KelA/greennovate/SI4705-KELA-main/greennovate/vendor/laravel/framework/src/Illuminate/Foundation/Http/Middleware/TrimStrings.php(51): Illuminate/Foundation/Http/Middleware/TransformsRequest->handle(Object(Illuminate/Http/Request), Object(Closure))
#38 C:/PPL-SI4705-KelA/greennovate/SI4705-KELA-main/greennovate/vendor/laravel/framework/src/Illuminate/Pipeline/Pipeline.php(219): Illuminate/Foundation/Http/Middleware/TrimStrings->handle(Object(Illuminate/Http/Request), Object(Closure))
#39 C:/PPL-SI4705-KelA/greennovate/SI4705-KELA-main/greennovate/vendor/laravel/framework/src/Illuminate/Http/Middleware/ValidatePostSize.php(27): Illuminate/Pipeline/Pipeline->Illuminate/Pipeline/{closure}(Object(Illuminate/Http/Request))
#40 C:/PPL-SI4705-KelA/greennovate/SI4705-KELA-main/greennovate/vendor/laravel/framework/src/Illuminate/Pipeline/Pipeline.php(219): Illuminate/Http/Middleware/ValidatePostSize->handle(Object(Illuminate/Http/Request), Object(Closure))
#41 C:/PPL-SI4705-KelA/greennovate/SI4705-KELA-main/greennovate/vendor/laravel/framework/src/Illuminate/Foundation/Http/Middleware/PreventRequestsDuringMaintenance.php(109): Illuminate/Pipeline/Pipeline->Illuminate/Pipeline/{closure}(Object(Illuminate/Http/Request))
#42 C:/PPL-SI4705-KelA/greennovate/SI4705-KELA-main/greennovate/vendor/laravel/framework/src/Illuminate/Pipeline/Pipeline.php(219): Illuminate/Foundation/Http/Middleware/PreventRequestsDuringMaintenance->handle(Object(Illuminate/Http/Request), Object(Closure))
#43 C:/PPL-SI4705-KelA/greennovate/SI4705-KELA-main/greennovate/vendor/laravel/framework/src/Illuminate/Http/Middleware/HandleCors.php(61): Illuminate/Pipeline/Pipeline->Illuminate/Pipeline/{closure}(Object(Illuminate/Http/Request))
#44 C:/PPL-SI4705-KelA/greennovate/SI4705-KELA-main/greennovate/vendor/laravel/framework/src/Illuminate/Pipeline/Pipeline.php(219): Illuminate/Http/Middleware/HandleCors->handle(Object(Illuminate/Http/Request), Object(Closure))
#45 C:/PPL-SI4705-KelA/greennovate/SI4705-KELA-main/greennovate/vendor/laravel/framework/src/Illuminate/Http/Middleware/TrustProxies.php(58): Illuminate/Pipeline/Pipeline->Illuminate/Pipeline/{closure}(Object(Illuminate/Http/Request))
#46 C:/PPL-SI4705-KelA/greennovate/SI4705-KELA-main/greennovate/vendor/laravel/framework/src/Illuminate/Pipeline/Pipeline.php(219): Illuminate/Http/Middleware/TrustProxies->handle(Object(Illuminate/Http/Request), Object(Closure))
#47 C:/PPL-SI4705-KelA/greennovate/SI4705-KELA-main/greennovate/vendor/laravel/framework/src/Illuminate/Foundation/Http/Middleware/InvokeDeferredCallbacks.php(22): Illuminate/Pipeline/Pipeline->Illuminate/Pipeline/{closure}(Object(Illuminate/Http/Request))
#48 C:/PPL-SI4705-KelA/greennovate/SI4705-KELA-main/greennovate/vendor/laravel/framework/src/Illuminate/Pipeline/Pipeline.php(219): Illuminate/Foundation/Http/Middleware/InvokeDeferredCallbacks->handle(Object(Illuminate/Http/Request), Object(Closure))
#49 C:/PPL-SI4705-KelA/greennovate/SI4705-KELA-main/greennovate/vendor/laravel/framework/src/Illuminate/Http/Middleware/ValidatePathEncoding.php(26): Illuminate/Pipeline/Pipeline->Illuminate/Pipeline/{closure}(Object(Illuminate/Http/Request))
#50 C:/PPL-SI4705-KelA/greennovate/SI4705-KELA-main/greennovate/vendor/laravel/framework/src/Illuminate/Pipeline/Pipeline.php(219): Illuminate/Http/Middleware/ValidatePathEncoding->handle(Object(Illuminate/Http/Request), Object(Closure))
#51 C:/PPL-SI4705-KelA/greennovate/SI4705-KELA-main/greennovate/vendor/laravel/framework/src/Illuminate/Pipeline/Pipeline.php(137): Illuminate/Pipeline/Pipeline->Illuminate/Pipeline/{closure}(Object(Illuminate/Http/Request))
#52 C:/PPL-SI4705-KelA/greennovate/SI4705-KELA-main/greennovate/vendor/laravel/framework/src/Illuminate/Foundation/Http/Kernel.php(175): Illuminate/Pipeline/Pipeline->then(Object(Closure))
#53 C:/PPL-SI4705-KelA/greennovate/SI4705-KELA-main/greennovate/vendor/laravel/framework/src/Illuminate/Foundation/Http/Kernel.php(144): Illuminate/Foundation/Http/Kernel->sendRequestThroughRouter(Object(Illuminate/Http/Request))
#54 C:/PPL-SI4705-KelA/greennovate/SI4705-KELA-main/greennovate/vendor/laravel/framework/src/Illuminate/Foundation/Application.php(1220): Illuminate/Foundation/Http/Kernel->handle(Object(Illuminate/Http/Request))
#55 C:/PPL-SI4705-KelA/greennovate/SI4705-KELA-main/greennovate/public/index.php(20): Illuminate/Foundation/Application->handleRequest(Object(Illuminate/Http/Request))
#56 C:/PPL-SI4705-KelA/greennovate/SI4705-KELA-main/greennovate/vendor/laravel/framework/src/Illuminate/Foundation/resources/server.php(23): require_once('C://PPL-SI4705-K...')
#57 {main}

[previous exception] [object] (Illuminate\\View\\ViewException(code: 0): Route [donations.index] not defined. (View: C:\\PPL-SI4705-KelA\\greennovate\\SI4705-KELA-main\\greennovate\\resources\\views\\layouts\\landing.blade.php) at C:/PPL-SI4705-KelA/greennovate/SI4705-KELA-main/greennovate/vendor/laravel/framework/src/Illuminate/Routing/UrlGenerator.php:528)
[stacktrace]
#0 C:/PPL-SI4705-KelA/greennovate/SI4705-KELA-main/greennovate/vendor/laravel/framework/src/Illuminate/View/Engines/PhpEngine.php(59): Illuminate/View/Engines/CompilerEngine->handleViewException(Object(Symfony/Component/Routing/Exception/RouteNotFoundException), 2)
#1 C:/PPL-SI4705-KelA/greennovate/SI4705-KELA-main/greennovate/vendor/laravel/framework/src/Illuminate/View/Engines/CompilerEngine.php(76): Illuminate/View/Engines/PhpEngine->evaluatePath('C://PPL-SI4705-K...', Array)
#2 C:/PPL-SI4705-KelA/greennovate/SI4705-KELA-main/greennovate/vendor/laravel/framework/src/Illuminate/View/View.php(208): Illuminate/View/Engines/CompilerEngine->get('C://PPL-SI4705-K...', Array)
#3 C:/PPL-SI4705-KelA/greennovate/SI4705-KELA-main/greennovate/vendor/laravel/framework/src/Illuminate/View/View.php(191): Illuminate/View/View->getContents()
#4 C:/PPL-SI4705-KelA/greennovate/SI4705-KELA-main/greennovate/vendor/laravel/framework/src/Illuminate/View/View.php(160): Illuminate/View/View->renderContents()
#5 C:/PPL-SI4705-KelA/greennovate/SI4705-KELA-main/greennovate/storage/framework/views/a3c743165f36d9b6d04b035fb1bfc851.php(298): Illuminate/View/View->render()
#6 C:/PPL-SI4705-KelA/greennovate/SI4705-KELA-main/greennovate/vendor/laravel/framework/src/Illuminate/Filesystem/Filesystem.php(123): require('C://PPL-SI4705-K...')
#7 C:/PPL-SI4705-KelA/greennovate/SI4705-KELA-main/greennovate/vendor/laravel/framework/src/Illuminate/Filesystem/Filesystem.php(124): Illuminate/Filesystem/Filesystem::Illuminate/Filesystem/{closure}()
#8 C:/PPL-SI4705-KelA/greennovate/SI4705-KELA-main/greennovate/vendor/laravel/framework/src/Illuminate/View/Engines/PhpEngine.php(57): Illuminate/Filesystem/Filesystem->getRequire('C://PPL-SI4705-K...', Array)
#9 C:/PPL-SI4705-KelA/greennovate/SI4705-KELA-main/greennovate/vendor/laravel/framework/src/Illuminate/View/Engines/CompilerEngine.php(76): Illuminate/View/Engines/PhpEngine->evaluatePath('C://PPL-SI4705-K...', Array)
#10 C:/PPL-SI4705-KelA/greennovate/SI4705-KELA-main/greennovate/vendor/laravel/framework/src/Illuminate/View/View.php(208): Illuminate/View/Engines/CompilerEngine->get('C://PPL-SI4705-K...', Array)
#11 C:/PPL-SI4705-KelA/greennovate/SI4705-KELA-main/greennovate/vendor/laravel/framework/src/Illuminate/View/View.php(191): Illuminate/View/View->getContents()
#12 C:/PPL-SI4705-KelA/greennovate/SI4705-KELA-main/greennovate/vendor/laravel/framework/src/Illuminate/View/View.php(160): Illuminate/View/View->renderContents()
#13 C:/PPL-SI4705-KelA/greennovate/SI4705-KELA-main/greennovate/vendor/laravel/framework/src/Illuminate/Http/Response.php(78): Illuminate/View/View->render()
#14 C:/PPL-SI4705-KelA/greennovate/SI4705-KELA-main/greennovate/vendor/laravel/framework/src/Illuminate/Http/Response.php(34): Illuminate/Http/Response->setContent(Object(Illuminate/View/View))
#15 C:/PPL-SI4705-KelA/greennovate/SI4705-KELA-main/greennovate/vendor/laravel/framework/src/Illuminate/Routing/Router.php(939): Illuminate/Http/Response->__construct(Object(Illuminate/View/View), 200, Array)
#16 C:/PPL-SI4705-KelA/greennovate/SI4705-KELA-main/greennovate/vendor/laravel/framework/src/Illuminate/Routing/Router.php(906): Illuminate/Routing/Router::toResponse(Object(Illuminate/Http/Request), Object(Illuminate/View/View))
#17 C:/PPL-SI4705-KelA/greennovate/SI4705-KELA-main/greennovate/vendor/laravel/framework/src/Illuminate/Routing/Router.php(821): Illuminate/Routing/Router->prepareResponse(Object(Illuminate/Http/Request), Object(Illuminate/View/View))
#18 C:/PPL-SI4705-KelA/greennovate/SI4705-KELA-main/greennovate/vendor/laravel/framework/src/Illuminate/Pipeline/Pipeline.php(180): Illuminate/Routing/Router->Illuminate/Routing/{closure}(Object(Illuminate/Http/Request))
#19 C:/PPL-SI4705-KelA/greennovate/SI4705-KELA-main/greennovate/app/Http/Middleware/SetLocale.php(39): Illuminate/Pipeline/Pipeline->Illuminate/Pipeline/{closure}(Object(Illuminate/Http/Request))
#20 C:/PPL-SI4705-KelA/greennovate/SI4705-KELA-main/greennovate/vendor/laravel/framework/src/Illuminate/Pipeline/Pipeline.php(219): App/Http/Middleware/SetLocale->handle(Object(Illuminate/Http/Request), Object(Closure))
#21 C:/PPL-SI4705-KelA/greennovate/SI4705-KELA-main/greennovate/vendor/laravel/framework/src/Illuminate/Routing/Middleware/SubstituteBindings.php(50): Illuminate/Pipeline/Pipeline->Illuminate/Pipeline/{closure}(Object(Illuminate/Http/Request))
#22 C:/PPL-SI4705-KelA/greennovate/SI4705-KELA-main/greennovate/vendor/laravel/framework/src/Illuminate/Pipeline/Pipeline.php(219): Illuminate/Routing/Middleware/SubstituteBindings->handle(Object(Illuminate/Http/Request), Object(Closure))
#23 C:/PPL-SI4705-KelA/greennovate/SI4705-KELA-main/greennovate/vendor/laravel/framework/src/Illuminate/Foundation/Http/Middleware/VerifyCsrfToken.php(87): Illuminate/Pipeline/Pipeline->Illuminate/Pipeline/{closure}(Object(Illuminate/Http/Request))
#24 C:/PPL-SI4705-KelA/greennovate/SI4705-KELA-main/greennovate/vendor/laravel/framework/src/Illuminate/Pipeline/Pipeline.php(219): Illuminate/Foundation/Http/Middleware/VerifyCsrfToken->handle(Object(Illuminate/Http/Request), Object(Closure))
#25 C:/PPL-SI4705-KelA/greennovate/SI4705-KELA-main/greennovate/vendor/laravel/framework/src/Illuminate/View/Middleware/ShareErrorsFromSession.php(48): Illuminate/Pipeline/Pipeline->Illuminate/Pipeline/{closure}(Object(Illuminate/Http/Request))
#26 C:/PPL-SI4705-KelA/greennovate/SI4705-KELA-main/greennovate/vendor/laravel/framework/src/Illuminate/Pipeline/Pipeline.php(219): Illuminate/View/Middleware/ShareErrorsFromSession->handle(Object(Illuminate/Http/Request), Object(Closure))
#27 C:/PPL-SI4705-KelA/greennovate/SI4705-KELA-main/greennovate/vendor/laravel/framework/src/Illuminate/Session/Middleware/StartSession.php(120): Illuminate/Pipeline/Pipeline->Illuminate/Pipeline/{closure}(Object(Illuminate/Http/Request))
#28 C:/PPL-SI4705-KelA/greennovate/SI4705-KELA-main/greennovate/vendor/laravel/framework/src/Illuminate/Session/Middleware/StartSession.php(63): Illuminate/Session/Middleware/StartSession->handleStatefulRequest(Object(Illuminate/Http/Request), Object(Illuminate/Session/Store), Object(Closure))
#29 C:/PPL-SI4705-KelA/greennovate/SI4705-KELA-main/greennovate/vendor/laravel/framework/src/Illuminate/Pipeline/Pipeline.php(219): Illuminate/Session/Middleware/StartSession->handle(Object(Illuminate/Http/Request), Object(Closure))
#30 C:/PPL-SI4705-KelA/greennovate/SI4705-KELA-main/greennovate/vendor/laravel/framework/src/Illuminate/Cookie/Middleware/AddQueuedCookiesToResponse.php(36): Illuminate/Pipeline/Pipeline->Illuminate/Pipeline/{closure}(Object(Illuminate/Http/Request))
#31 C:/PPL-SI4705-KelA/greennovate/SI4705-KELA-main/greennovate/vendor/laravel/framework/src/Illuminate/Pipeline/Pipeline.php(219): Illuminate/Cookie/Middleware/AddQueuedCookiesToResponse->handle(Object(Illuminate/Http/Request), Object(Closure))
#32 C:/PPL-SI4705-KelA/greennovate/SI4705-KELA-main/greennovate/vendor/laravel/framework/src/Illuminate/Cookie/Middleware/EncryptCookies.php(74): Illuminate/Pipeline/Pipeline->Illuminate/Pipeline/{closure}(Object(Illuminate/Http/Request))
#33 C:/PPL-SI4705-KelA/greennovate/SI4705-KELA-main/greennovate/vendor/laravel/framework/src/Illuminate/Pipeline/Pipeline.php(219): Illuminate/Cookie/Middleware/EncryptCookies->handle(Object(Illuminate/Http/Request), Object(Closure))
#34 C:/PPL-SI4705-KelA/greennovate/SI4705-KELA-main/greennovate/vendor/laravel/framework/src/Illuminate/Pipeline/Pipeline.php(137): Illuminate/Pipeline/Pipeline->Illuminate/Pipeline/{closure}(Object(Illuminate/Http/Request))
#35 C:/PPL-SI4705-KelA/greennovate/SI4705-KELA-main/greennovate/vendor/laravel/framework/src/Illuminate/Routing/Router.php(821): Illuminate/Pipeline/Pipeline->then(Object(Closure))
#36 C:/PPL-SI4705-KelA/greennovate/SI4705-KELA-main/greennovate/vendor/laravel/framework/src/Illuminate/Routing/Router.php(800): Illuminate/Routing/Router->runRouteWithinStack(Object(Illuminate/Routing/Route), Object(Illuminate/Http/Request))
#37 C:/PPL-SI4705-KelA/greennovate/SI4705-KELA-main/greennovate/vendor/laravel/framework/src/Illuminate/Routing/Router.php(764): Illuminate/Routing/Router->runRoute(Object(Illuminate/Http/Request), Object(Illuminate/Routing/Route))
#38 C:/PPL-SI4705-KelA/greennovate/SI4705-KELA-main/greennovate/vendor/laravel/framework/src/Illuminate/Routing/Router.php(753): Illuminate/Routing/Router->dispatchToRoute(Object(Illuminate/Http/Request))
#39 C:/PPL-SI4705-KelA/greennovate/SI4705-KELA-main/greennovate/vendor/laravel/framework/src/Illuminate/Foundation/Http/Kernel.php(200): Illuminate/Routing/Router->dispatch(Object(Illuminate/Http/Request))
#40 C:/PPL-SI4705-KelA/greennovate/SI4705-KELA-main/greennovate/vendor/laravel/framework/src/Illuminate/Pipeline/Pipeline.php(180): Illuminate/Foundation/Http/Kernel->Illuminate/Foundation/Http/{closure}(Object(Illuminate/Http/Request))
#41 C:/PPL-SI4705-KelA/greennovate/SI4705-KELA-main/greennovate/vendor/laravel/framework/src/Illuminate/Foundation/Http/Middleware/TransformsRequest.php(21): Illuminate/Pipeline/Pipeline->Illuminate/Pipeline/{closure}(Object(Illuminate/Http/Request))
#42 C:/PPL-SI4705-KelA/greennovate/SI4705-KELA-main/greennovate/vendor/laravel/framework/src/Illuminate/Foundation/Http/Middleware/ConvertEmptyStringsToNull.php(31): Illuminate/Foundation/Http/Middleware/TransformsRequest->handle(Object(Illuminate/Http/Request), Object(Closure))
#43 C:/PPL-SI4705-KelA/greennovate/SI4705-KELA-main/greennovate/vendor/laravel/framework/src/Illuminate/Pipeline/Pipeline.php(219): Illuminate/Foundation/Http/Middleware/ConvertEmptyStringsToNull->handle(Object(Illuminate/Http/Request), Object(Closure))
#44 C:/PPL-SI4705-KelA/greennovate/SI4705-KELA-main/greennovate/vendor/laravel/framework/src/Illuminate/Foundation/Http/Middleware/TransformsRequest.php(21): Illuminate/Pipeline/Pipeline->Illuminate/Pipeline/{closure}(Object(Illuminate/Http/Request))
#45 C:/PPL-SI4705-KelA/greennovate/SI4705-KELA-main/greennovate/vendor/laravel/framework/src/Illuminate/Foundation/Http/Middleware/TrimStrings.php(51): Illuminate/Foundation/Http/Middleware/TransformsRequest->handle(Object(Illuminate/Http/Request), Object(Closure))
#46 C:/PPL-SI4705-KelA/greennovate/SI4705-KELA-main/greennovate/vendor/laravel/framework/src/Illuminate/Pipeline/Pipeline.php(219): Illuminate/Foundation/Http/Middleware/TrimStrings->handle(Object(Illuminate/Http/Request), Object(Closure))
#47 C:/PPL-SI4705-KelA/greennovate/SI4705-KELA-main/greennovate/vendor/laravel/framework/src/Illuminate/Http/Middleware/ValidatePostSize.php(27): Illuminate/Pipeline/Pipeline->Illuminate/Pipeline/{closure}(Object(Illuminate/Http/Request))
#48 C:/PPL-SI4705-KelA/greennovate/SI4705-KELA-main/greennovate/vendor/laravel/framework/src/Illuminate/Pipeline/Pipeline.php(219): Illuminate/Http/Middleware/ValidatePostSize->handle(Object(Illuminate/Http/Request), Object(Closure))
#49 C:/PPL-SI4705-KelA/greennovate/SI4705-KELA-main/greennovate/vendor/laravel/framework/src/Illuminate/Foundation/Http/Middleware/PreventRequestsDuringMaintenance.php(109): Illuminate/Pipeline/Pipeline->Illuminate/Pipeline/{closure}(Object(Illuminate/Http/Request))
#50 C:/PPL-SI4705-KelA/greennovate/SI4705-KELA-main/greennovate/vendor/laravel/framework/src/Illuminate/Pipeline/Pipeline.php(219): Illuminate/Foundation/Http/Middleware/PreventRequestsDuringMaintenance->handle(Object(Illuminate/Http/Request), Object(Closure))
#51 C:/PPL-SI4705-KelA/greennovate/SI4705-KELA-main/greennovate/vendor/laravel/framework/src/Illuminate/Http/Middleware/HandleCors.php(61): Illuminate/Pipeline/Pipeline->Illuminate/Pipeline/{closure}(Object(Illuminate/Http/Request))
#52 C:/PPL-SI4705-KelA/greennovate/SI4705-KELA-main/greennovate/vendor/laravel/framework/src/Illuminate/Pipeline/Pipeline.php(219): Illuminate/Http/Middleware/HandleCors->handle(Object(Illuminate/Http/Request), Object(Closure))
#53 C:/PPL-SI4705-KelA/greennovate/SI4705-KELA-main/greennovate/vendor/laravel/framework/src/Illuminate/Http/Middleware/TrustProxies.php(58): Illuminate/Pipeline/Pipeline->Illuminate/Pipeline/{closure}(Object(Illuminate/Http/Request))
#54 C:/PPL-SI4705-KelA/greennovate/SI4705-KELA-main/greennovate/vendor/laravel/framework/src/Illuminate/Pipeline/Pipeline.php(219): Illuminate/Http/Middleware/TrustProxies->handle(Object(Illuminate/Http/Request), Object(Closure))
#55 C:/PPL-SI4705-KelA/greennovate/SI4705-KELA-main/greennovate/vendor/laravel/framework/src/Illuminate/Foundation/Http/Middleware/InvokeDeferredCallbacks.php(22): Illuminate/Pipeline/Pipeline->Illuminate/Pipeline/{closure}(Object(Illuminate/Http/Request))
#56 C:/PPL-SI4705-KelA/greennovate/SI4705-KELA-main/greennovate/vendor/laravel/framework/src/Illuminate/Pipeline/Pipeline.php(219): Illuminate/Foundation/Http/Middleware/InvokeDeferredCallbacks->handle(Object(Illuminate/Http/Request), Object(Closure))
#57 C:/PPL-SI4705-KelA/greennovate/SI4705-KELA-main/greennovate/vendor/laravel/framework/src/Illuminate/Http/Middleware/ValidatePathEncoding.php(26): Illuminate/Pipeline/Pipeline->Illuminate/Pipeline/{closure}(Object(Illuminate/Http/Request))
#58 C:/PPL-SI4705-KelA/greennovate/SI4705-KELA-main/greennovate/vendor/laravel/framework/src/Illuminate/Pipeline/Pipeline.php(219): Illuminate/Http/Middleware/ValidatePathEncoding->handle(Object(Illuminate/Http/Request), Object(Closure))
#59 C:/PPL-SI4705-KelA/greennovate/SI4705-KELA-main/greennovate/vendor/laravel/framework/src/Illuminate/Pipeline/Pipeline.php(137): Illuminate/Pipeline/Pipeline->Illuminate/Pipeline/{closure}(Object(Illuminate/Http/Request))
#60 C:/PPL-SI4705-KelA/greennovate/SI4705-KELA-main/greennovate/vendor/laravel/framework/src/Illuminate/Foundation/Http/Kernel.php(175): Illuminate/Pipeline/Pipeline->then(Object(Closure))
#61 C:/PPL-SI4705-KelA/greennovate/SI4705-KELA-main/greennovate/vendor/laravel/framework/src/Illuminate/Foundation/Http/Kernel.php(144): Illuminate/Foundation/Http/Kernel->sendRequestThroughRouter(Object(Illuminate/Http/Request))
#62 C:/PPL-SI4705-KelA/greennovate/SI4705-KELA-main/greennovate/vendor/laravel/framework/src/Illuminate/Foundation/Application.php(1220): Illuminate/Foundation/Http/Kernel->handle(Object(Illuminate/Http/Request))
#63 C:/PPL-SI4705-KelA/greennovate/SI4705-KELA-main/greennovate/public/index.php(20): Illuminate/Foundation/Application->handleRequest(Object(Illuminate/Http/Request))
#64 C:/PPL-SI4705-KelA/greennovate/SI4705-KELA-main/greennovate/vendor/laravel/framework/src/Illuminate/Foundation/resources/server.php(23): require_once('C://PPL-SI4705-K...')
#65 {main}

[previous exception] [object] (Symfony\\Component\\Routing\\Exception\\RouteNotFoundException(code: 0): Route [donations.index] not defined. at C:/PPL-SI4705-KelA/greennovate/SI4705-KELA-main/greennovate/vendor/laravel/framework/src/Illuminate/Routing/UrlGenerator.php:528)
[stacktrace]
#0 C:/PPL-SI4705-KelA/greennovate/SI4705-KELA-main/greennovate/vendor/laravel/framework/src/Illuminate/Foundation/helpers.php(870): Illuminate/Routing/UrlGenerator->route('donations.index', Array, true)
#1 C:/PPL-SI4705-KelA/greennovate/SI4705-KELA-main/greennovate/storage/framework/views/7d02c79fe3e0caaa4289493a4da9685e.php(174): route('donations.index')
#2 C:/PPL-SI4705-KelA/greennovate/SI4705-KELA-main/greennovate/vendor/laravel/framework/src/Illuminate/Filesystem/Filesystem.php(123): require('C://PPL-SI4705-K...')
#3 C:/PPL-SI4705-KelA/greennovate/SI4705-KELA-main/greennovate/vendor/laravel/framework/src/Illuminate/Filesystem/Filesystem.php(124): Illuminate/Filesystem/Filesystem::Illuminate/Filesystem/{closure}()
#4 C:/PPL-SI4705-KelA/greennovate/SI4705-KELA-main/greennovate/vendor/laravel/framework/src/Illuminate/View/Engines/PhpEngine.php(57): Illuminate/Filesystem/Filesystem->getRequire('C://PPL-SI4705-K...', Array)
#5 C:/PPL-SI4705-KelA/greennovate/SI4705-KELA-main/greennovate/vendor/laravel/framework/src/Illuminate/View/Engines/CompilerEngine.php(76): Illuminate/View/Engines/PhpEngine->evaluatePath('C://PPL-SI4705-K...', Array)
#6 C:/PPL-SI4705-KelA/greennovate/SI4705-KELA-main/greennovate/vendor/laravel/framework/src/Illuminate/View/View.php(208): Illuminate/View/Engines/CompilerEngine->get('C://PPL-SI4705-K...', Array)
#7 C:/PPL-SI4705-KelA/greennovate/SI4705-KELA-main/greennovate/vendor/laravel/framework/src/Illuminate/View/View.php(191): Illuminate/View/View->getContents()
#8 C:/PPL-SI4705-KelA/greennovate/SI4705-KELA-main/greennovate/vendor/laravel/framework/src/Illuminate/View/View.php(160): Illuminate/View/View->renderContents()
#9 C:/PPL-SI4705-KelA/greennovate/SI4705-KELA-main/greennovate/storage/framework/views/a3c743165f36d9b6d04b035fb1bfc851.php(298): Illuminate/View/View->render()
#10 C:/PPL-SI4705-KelA/greennovate/SI4705-KELA-main/greennovate/vendor/laravel/framework/src/Illuminate/Filesystem/Filesystem.php(123): require('C://PPL-SI4705-K...')
#11 C:/PPL-SI4705-KelA/greennovate/SI4705-KELA-main/greennovate/vendor/laravel/framework/src/Illuminate/Filesystem/Filesystem.php(124): Illuminate/Filesystem/Filesystem::Illuminate/Filesystem/{closure}()
#12 C:/PPL-SI4705-KelA/greennovate/SI4705-KELA-main/greennovate/vendor/laravel/framework/src/Illuminate/View/Engines/PhpEngine.php(57): Illuminate/Filesystem/Filesystem->getRequire('C://PPL-SI4705-K...', Array)
#13 C:/PPL-SI4705-KelA/greennovate/SI4705-KELA-main/greennovate/vendor/laravel/framework/src/Illuminate/View/Engines/CompilerEngine.php(76): Illuminate/View/Engines/PhpEngine->evaluatePath('C://PPL-SI4705-K...', Array)
#14 C:/PPL-SI4705-KelA/greennovate/SI4705-KELA-main/greennovate/vendor/laravel/framework/src/Illuminate/View/View.php(208): Illuminate/View/Engines/CompilerEngine->get('C://PPL-SI4705-K...', Array)
#15 C:/PPL-SI4705-KelA/greennovate/SI4705-KELA-main/greennovate/vendor/laravel/framework/src/Illuminate/View/View.php(191): Illuminate/View/View->getContents()
#16 C:/PPL-SI4705-KelA/greennovate/SI4705-KELA-main/greennovate/vendor/laravel/framework/src/Illuminate/View/View.php(160): Illuminate/View/View->renderContents()
#17 C:/PPL-SI4705-KelA/greennovate/SI4705-KELA-main/greennovate/vendor/laravel/framework/src/Illuminate/Http/Response.php(78): Illuminate/View/View->render()
#18 C:/PPL-SI4705-KelA/greennovate/SI4705-KELA-main/greennovate/vendor/laravel/framework/src/Illuminate/Http/Response.php(34): Illuminate/Http/Response->setContent(Object(Illuminate/View/View))
#19 C:/PPL-SI4705-KelA/greennovate/SI4705-KELA-main/greennovate/vendor/laravel/framework/src/Illuminate/Routing/Router.php(939): Illuminate/Http/Response->__construct(Object(Illuminate/View/View), 200, Array)
#20 C:/PPL-SI4705-KelA/greennovate/SI4705-KELA-main/greennovate/vendor/laravel/framework/src/Illuminate/Routing/Router.php(906): Illuminate/Routing/Router::toResponse(Object(Illuminate/Http/Request), Object(Illuminate/View/View))
#21 C:/PPL-SI4705-KelA/greennovate/SI4705-KELA-main/greennovate/vendor/laravel/framework/src/Illuminate/Routing/Router.php(821): Illuminate/Routing/Router->prepareResponse(Object(Illuminate/Http/Request), Object(Illuminate/View/View))
#22 C:/PPL-SI4705-KelA/greennovate/SI4705-KELA-main/greennovate/vendor/laravel/framework/src/Illuminate/Pipeline/Pipeline.php(180): Illuminate/Routing/Router->Illuminate/Routing/{closure}(Object(Illuminate/Http/Request))
#23 C:/PPL-SI4705-KelA/greennovate/SI4705-KELA-main/greennovate/app/Http/Middleware/SetLocale.php(39): Illuminate/Pipeline/Pipeline->Illuminate/Pipeline/{closure}(Object(Illuminate/Http/Request))
#24 C:/PPL-SI4705-KelA/greennovate/SI4705-KELA-main/greennovate/vendor/laravel/framework/src/Illuminate/Pipeline/Pipeline.php(219): App/Http/Middleware/SetLocale->handle(Object(Illuminate/Http/Request), Object(Closure))
#25 C:/PPL-SI4705-KelA/greennovate/SI4705-KELA-main/greennovate/vendor/laravel/framework/src/Illuminate/Routing/Middleware/SubstituteBindings.php(50): Illuminate/Pipeline/Pipeline->Illuminate/Pipeline/{closure}(Object(Illuminate/Http/Request))
#26 C:/PPL-SI4705-KelA/greennovate/SI4705-KELA-main/greennovate/vendor/laravel/framework/src/Illuminate/Pipeline/Pipeline.php(219): Illuminate/Routing/Middleware/SubstituteBindings->handle(Object(Illuminate/Http/Request), Object(Closure))
#27 C:/PPL-SI4705-KelA/greennovate/SI4705-KELA-main/greennovate/vendor/laravel/framework/src/Illuminate/Foundation/Http/Middleware/VerifyCsrfToken.php(87): Illuminate/Pipeline/Pipeline->Illuminate/Pipeline/{closure}(Object(Illuminate/Http/Request))
#28 C:/PPL-SI4705-KelA/greennovate/SI4705-KELA-main/greennovate/vendor/laravel/framework/src/Illuminate/Pipeline/Pipeline.php(219): Illuminate/Foundation/Http/Middleware/VerifyCsrfToken->handle(Object(Illuminate/Http/Request), Object(Closure))
#29 C:/PPL-SI4705-KelA/greennovate/SI4705-KELA-main/greennovate/vendor/laravel/framework/src/Illuminate/View/Middleware/ShareErrorsFromSession.php(48): Illuminate/Pipeline/Pipeline->Illuminate/Pipeline/{closure}(Object(Illuminate/Http/Request))
#30 C:/PPL-SI4705-KelA/greennovate/SI4705-KELA-main/greennovate/vendor/laravel/framework/src/Illuminate/Pipeline/Pipeline.php(219): Illuminate/View/Middleware/ShareErrorsFromSession->handle(Object(Illuminate/Http/Request), Object(Closure))
#31 C:/PPL-SI4705-KelA/greennovate/SI4705-KELA-main/greennovate/vendor/laravel/framework/src/Illuminate/Session/Middleware/StartSession.php(120): Illuminate/Pipeline/Pipeline->Illuminate/Pipeline/{closure}(Object(Illuminate/Http/Request))
#32 C:/PPL-SI4705-KelA/greennovate/SI4705-KELA-main/greennovate/vendor/laravel/framework/src/Illuminate/Session/Middleware/StartSession.php(63): Illuminate/Session/Middleware/StartSession->handleStatefulRequest(Object(Illuminate/Http/Request), Object(Illuminate/Session/Store), Object(Closure))
#33 C:/PPL-SI4705-KelA/greennovate/SI4705-KELA-main/greennovate/vendor/laravel/framework/src/Illuminate/Pipeline/Pipeline.php(219): Illuminate/Session/Middleware/StartSession->handle(Object(Illuminate/Http/Request), Object(Closure))
#34 C:/PPL-SI4705-KelA/greennovate/SI4705-KELA-main/greennovate/vendor/laravel/framework/src/Illuminate/Cookie/Middleware/AddQueuedCookiesToResponse.php(36): Illuminate/Pipeline/Pipeline->Illuminate/Pipeline/{closure}(Object(Illuminate/Http/Request))
#35 C:/PPL-SI4705-KelA/greennovate/SI4705-KELA-main/greennovate/vendor/laravel/framework/src/Illuminate/Pipeline/Pipeline.php(219): Illuminate/Cookie/Middleware/AddQueuedCookiesToResponse->handle(Object(Illuminate/Http/Request), Object(Closure))
#36 C:/PPL-SI4705-KelA/greennovate/SI4705-KELA-main/greennovate/vendor/laravel/framework/src/Illuminate/Cookie/Middleware/EncryptCookies.php(74): Illuminate/Pipeline/Pipeline->Illuminate/Pipeline/{closure}(Object(Illuminate/Http/Request))
#37 C:/PPL-SI4705-KelA/greennovate/SI4705-KELA-main/greennovate/vendor/laravel/framework/src/Illuminate/Pipeline/Pipeline.php(219): Illuminate/Cookie/Middleware/EncryptCookies->handle(Object(Illuminate/Http/Request), Object(Closure))
#38 C:/PPL-SI4705-KelA/greennovate/SI4705-KELA-main/greennovate/vendor/laravel/framework/src/Illuminate/Pipeline/Pipeline.php(137): Illuminate/Pipeline/Pipeline->Illuminate/Pipeline/{closure}(Object(Illuminate/Http/Request))
#39 C:/PPL-SI4705-KelA/greennovate/SI4705-KELA-main/greennovate/vendor/laravel/framework/src/Illuminate/Routing/Router.php(821): Illuminate/Pipeline/Pipeline->then(Object(Closure))
#40 C:/PPL-SI4705-KelA/greennovate/SI4705-KELA-main/greennovate/vendor/laravel/framework/src/Illuminate/Routing/Router.php(800): Illuminate/Routing/Router->runRouteWithinStack(Object(Illuminate/Routing/Route), Object(Illuminate/Http/Request))
#41 C:/PPL-SI4705-KelA/greennovate/SI4705-KELA-main/greennovate/vendor/laravel/framework/src/Illuminate/Routing/Router.php(764): Illuminate/Routing/Router->runRoute(Object(Illuminate/Http/Request), Object(Illuminate/Routing/Route))
#42 C:/PPL-SI4705-KelA/greennovate/SI4705-KELA-main/greennovate/vendor/laravel/framework/src/Illuminate/Routing/Router.php(753): Illuminate/Routing/Router->dispatchToRoute(Object(Illuminate/Http/Request))
#43 C:/PPL-SI4705-KelA/greennovate/SI4705-KELA-main/greennovate/vendor/laravel/framework/src/Illuminate/Foundation/Http/Kernel.php(200): Illuminate/Routing/Router->dispatch(Object(Illuminate/Http/Request))
#44 C:/PPL-SI4705-KelA/greennovate/SI4705-KELA-main/greennovate/vendor/laravel/framework/src/Illuminate/Pipeline/Pipeline.php(180): Illuminate/Foundation/Http/Kernel->Illuminate/Foundation/Http/{closure}(Object(Illuminate/Http/Request))
#45 C:/PPL-SI4705-KelA/greennovate/SI4705-KELA-main/greennovate/vendor/laravel/framework/src/Illuminate/Foundation/Http/Middleware/TransformsRequest.php(21): Illuminate/Pipeline/Pipeline->Illuminate/Pipeline/{closure}(Object(Illuminate/Http/Request))
#46 C:/PPL-SI4705-KelA/greennovate/SI4705-KELA-main/greennovate/vendor/laravel/framework/src/Illuminate/Foundation/Http/Middleware/ConvertEmptyStringsToNull.php(31): Illuminate/Foundation/Http/Middleware/TransformsRequest->handle(Object(Illuminate/Http/Request), Object(Closure))
#47 C:/PPL-SI4705-KelA/greennovate/SI4705-KELA-main/greennovate/vendor/laravel/framework/src/Illuminate/Pipeline/Pipeline.php(219): Illuminate/Foundation/Http/Middleware/ConvertEmptyStringsToNull->handle(Object(Illuminate/Http/Request), Object(Closure))
#48 C:/PPL-SI4705-KelA/greennovate/SI4705-KELA-main/greennovate/vendor/laravel/framework/src/Illuminate/Foundation/Http/Middleware/TransformsRequest.php(21): Illuminate/Pipeline/Pipeline->Illuminate/Pipeline/{closure}(Object(Illuminate/Http/Request))
#49 C:/PPL-SI4705-KelA/greennovate/SI4705-KELA-main/greennovate/vendor/laravel/framework/src/Illuminate/Foundation/Http/Middleware/TrimStrings.php(51): Illuminate/Foundation/Http/Middleware/TransformsRequest->handle(Object(Illuminate/Http/Request), Object(Closure))
#50 C:/PPL-SI4705-KelA/greennovate/SI4705-KELA-main/greennovate/vendor/laravel/framework/src/Illuminate/Pipeline/Pipeline.php(219): Illuminate/Foundation/Http/Middleware/TrimStrings->handle(Object(Illuminate/Http/Request), Object(Closure))
#51 C:/PPL-SI4705-KelA/greennovate/SI4705-KELA-main/greennovate/vendor/laravel/framework/src/Illuminate/Http/Middleware/ValidatePostSize.php(27): Illuminate/Pipeline/Pipeline->Illuminate/Pipeline/{closure}(Object(Illuminate/Http/Request))
#52 C:/PPL-SI4705-KelA/greennovate/SI4705-KELA-main/greennovate/vendor/laravel/framework/src/Illuminate/Pipeline/Pipeline.php(219): Illuminate/Http/Middleware/ValidatePostSize->handle(Object(Illuminate/Http/Request), Object(Closure))
#53 C:/PPL-SI4705-KelA/greennovate/SI4705-KELA-main/greennovate/vendor/laravel/framework/src/Illuminate/Foundation/Http/Middleware/PreventRequestsDuringMaintenance.php(109): Illuminate/Pipeline/Pipeline->Illuminate/Pipeline/{closure}(Object(Illuminate/Http/Request))
#54 C:/PPL-SI4705-KelA/greennovate/SI4705-KELA-main/greennovate/vendor/laravel/framework/src/Illuminate/Pipeline/Pipeline.php(219): Illuminate/Foundation/Http/Middleware/PreventRequestsDuringMaintenance->handle(Object(Illuminate/Http/Request), Object(Closure))
#55 C:/PPL-SI4705-KelA/greennovate/SI4705-KELA-main/greennovate/vendor/laravel/framework/src/Illuminate/Http/Middleware/HandleCors.php(61): Illuminate/Pipeline/Pipeline->Illuminate/Pipeline/{closure}(Object(Illuminate/Http/Request))
#56 C:/PPL-SI4705-KelA/greennovate/SI4705-KELA-main/greennovate/vendor/laravel/framework/src/Illuminate/Pipeline/Pipeline.php(219): Illuminate/Http/Middleware/HandleCors->handle(Object(Illuminate/Http/Request), Object(Closure))
#57 C:/PPL-SI4705-KelA/greennovate/SI4705-KELA-main/greennovate/vendor/laravel/framework/src/Illuminate/Http/Middleware/TrustProxies.php(58): Illuminate/Pipeline/Pipeline->Illuminate/Pipeline/{closure}(Object(Illuminate/Http/Request))
#58 C:/PPL-SI4705-KelA/greennovate/SI4705-KELA-main/greennovate/vendor/laravel/framework/src/Illuminate/Pipeline/Pipeline.php(219): Illuminate/Http/Middleware/TrustProxies->handle(Object(Illuminate/Http/Request), Object(Closure))
#59 C:/PPL-SI4705-KelA/greennovate/SI4705-KELA-main/greennovate/vendor/laravel/framework/src/Illuminate/Foundation/Http/Middleware/InvokeDeferredCallbacks.php(22): Illuminate/Pipeline/Pipeline->Illuminate/Pipeline/{closure}(Object(Illuminate/Http/Request))
#60 C:/PPL-SI4705-KelA/greennovate/SI4705-KELA-main/greennovate/vendor/laravel/framework/src/Illuminate/Pipeline/Pipeline.php(219): Illuminate/Foundation/Http/Middleware/InvokeDeferredCallbacks->handle(Object(Illuminate/Http/Request), Object(Closure))
#61 C:/PPL-SI4705-KelA/greennovate/SI4705-KELA-main/greennovate/vendor/laravel/framework/src/Illuminate/Http/Middleware/ValidatePathEncoding.php(26): Illuminate/Pipeline/Pipeline->Illuminate/Pipeline/{closure}(Object(Illuminate/Http/Request))
#62 C:/PPL-SI4705-KelA/greennovate/SI4705-KELA-main/greennovate/vendor/laravel/framework/src/Illuminate/Pipeline/Pipeline.php(219): Illuminate/Http/Middleware/ValidatePathEncoding->handle(Object(Illuminate/Http/Request), Object(Closure))
#63 C:/PPL-SI4705-KelA/greennovate/SI4705-KELA-main/greennovate/vendor/laravel/framework/src/Illuminate/Pipeline/Pipeline.php(137): Illuminate/Pipeline/Pipeline->Illuminate/Pipeline/{closure}(Object(Illuminate/Http/Request))
#64 C:/PPL-SI4705-KelA/greennovate/SI4705-KELA-main/greennovate/vendor/laravel/framework/src/Illuminate/Foundation/Http/Kernel.php(175): Illuminate/Pipeline/Pipeline->then(Object(Closure))
#65 C:/PPL-SI4705-KelA/greennovate/SI4705-KELA-main/greennovate/vendor/laravel/framework/src/Illuminate/Foundation/Http/Kernel.php(144): Illuminate/Foundation/Http/Kernel->sendRequestThroughRouter(Object(Illuminate/Http/Request))
#66 C:/PPL-SI4705-KelA/greennovate/SI4705-KELA-main/greennovate/vendor/laravel/framework/src/Illuminate/Foundation/Application.php(1220): Illuminate/Foundation/Http/Kernel->handle(Object(Illuminate/Http/Request))
#67 C:/PPL-SI4705-KelA/greennovate/SI4705-KELA-main/greennovate/public/index.php(20): Illuminate/Foundation/Application->handleRequest(Object(Illuminate/Http/Request))
#68 C:/PPL-SI4705-KelA/greennovate/SI4705-KELA-main/greennovate/vendor/laravel/framework/src/Illuminate/Foundation/resources/server.php(23): require_once('C://PPL-SI4705-K...')
#69 {main}
"} 
[2026-06-01 14:35:43] local.ERROR: Route [donations.index] not defined. (View: C:\PPL-SI4705-KelA\greennovate\SI4705-KELA-main\greennovate\resources\views\layouts\landing.blade.php) (View: C:\PPL-SI4705-KelA\greennovate\SI4705-KELA-main\greennovate\resources\views\layouts\landing.blade.php) {"userId":1,"exception":"[object] (Illuminate\\View\\ViewException(code: 0): Route [donations.index] not defined. (View: C:\\PPL-SI4705-KelA\\greennovate\\SI4705-KELA-main\\greennovate\\resources\\views\\layouts\\landing.blade.php) (View: C:\\PPL-SI4705-KelA\\greennovate\\SI4705-KELA-main\\greennovate\\resources\\views\\layouts\\landing.blade.php) at C:/PPL-SI4705-KelA/greennovate/SI4705-KELA-main/greennovate/vendor/laravel/framework/src/Illuminate/Routing/UrlGenerator.php:528)
[stacktrace]
#0 C:/PPL-SI4705-KelA/greennovate/SI4705-KELA-main/greennovate/vendor/laravel/framework/src/Illuminate/View/Engines/PhpEngine.php(59): Illuminate/View/Engines/CompilerEngine->handleViewException(Object(Illuminate/View/ViewException), 1)
#1 C:/PPL-SI4705-KelA/greennovate/SI4705-KELA-main/greennovate/vendor/laravel/framework/src/Illuminate/View/Engines/CompilerEngine.php(76): Illuminate/View/Engines/PhpEngine->evaluatePath('C://PPL-SI4705-K...', Array)
#2 C:/PPL-SI4705-KelA/greennovate/SI4705-KELA-main/greennovate/vendor/laravel/framework/src/Illuminate/View/View.php(208): Illuminate/View/Engines/CompilerEngine->get('C://PPL-SI4705-K...', Array)
#3 C:/PPL-SI4705-KelA/greennovate/SI4705-KELA-main/greennovate/vendor/laravel/framework/src/Illuminate/View/View.php(191): Illuminate/View/View->getContents()
#4 C:/PPL-SI4705-KelA/greennovate/SI4705-KELA-main/greennovate/vendor/laravel/framework/src/Illuminate/View/View.php(160): Illuminate/View/View->renderContents()
#5 C:/PPL-SI4705-KelA/greennovate/SI4705-KELA-main/greennovate/vendor/laravel/framework/src/Illuminate/Http/Response.php(78): Illuminate/View/View->render()
#6 C:/PPL-SI4705-KelA/greennovate/SI4705-KELA-main/greennovate/vendor/laravel/framework/src/Illuminate/Http/Response.php(34): Illuminate/Http/Response->setContent(Object(Illuminate/View/View))
#7 C:/PPL-SI4705-KelA/greennovate/SI4705-KELA-main/greennovate/vendor/laravel/framework/src/Illuminate/Routing/Router.php(939): Illuminate/Http/Response->__construct(Object(Illuminate/View/View), 200, Array)
#8 C:/PPL-SI4705-KelA/greennovate/SI4705-KELA-main/greennovate/vendor/laravel/framework/src/Illuminate/Routing/Router.php(906): Illuminate/Routing/Router::toResponse(Object(Illuminate/Http/Request), Object(Illuminate/View/View))
#9 C:/PPL-SI4705-KelA/greennovate/SI4705-KELA-main/greennovate/vendor/laravel/framework/src/Illuminate/Routing/Router.php(821): Illuminate/Routing/Router->prepareResponse(Object(Illuminate/Http/Request), Object(Illuminate/View/View))
#10 C:/PPL-SI4705-KelA/greennovate/SI4705-KELA-main/greennovate/vendor/laravel/framework/src/Illuminate/Pipeline/Pipeline.php(180): Illuminate/Routing/Router->Illuminate/Routing/{closure}(Object(Illuminate/Http/Request))
#11 C:/PPL-SI4705-KelA/greennovate/SI4705-KELA-main/greennovate/app/Http/Middleware/SetLocale.php(39): Illuminate/Pipeline/Pipeline->Illuminate/Pipeline/{closure}(Object(Illuminate/Http/Request))
#12 C:/PPL-SI4705-KelA/greennovate/SI4705-KELA-main/greennovate/vendor/laravel/framework/src/Illuminate/Pipeline/Pipeline.php(219): App/Http/Middleware/SetLocale->handle(Object(Illuminate/Http/Request), Object(Closure))
#13 C:/PPL-SI4705-KelA/greennovate/SI4705-KELA-main/greennovate/vendor/laravel/framework/src/Illuminate/Routing/Middleware/SubstituteBindings.php(50): Illuminate/Pipeline/Pipeline->Illuminate/Pipeline/{closure}(Object(Illuminate/Http/Request))
#14 C:/PPL-SI4705-KelA/greennovate/SI4705-KELA-main/greennovate/vendor/laravel/framework/src/Illuminate/Pipeline/Pipeline.php(219): Illuminate/Routing/Middleware/SubstituteBindings->handle(Object(Illuminate/Http/Request), Object(Closure))
#15 C:/PPL-SI4705-KelA/greennovate/SI4705-KELA-main/greennovate/vendor/laravel/framework/src/Illuminate/Foundation/Http/Middleware/VerifyCsrfToken.php(87): Illuminate/Pipeline/Pipeline->Illuminate/Pipeline/{closure}(Object(Illuminate/Http/Request))
#16 C:/PPL-SI4705-KelA/greennovate/SI4705-KELA-main/greennovate/vendor/laravel/framework/src/Illuminate/Pipeline/Pipeline.php(219): Illuminate/Foundation/Http/Middleware/VerifyCsrfToken->handle(Object(Illuminate/Http/Request), Object(Closure))
#17 C:/PPL-SI4705-KelA/greennovate/SI4705-KELA-main/greennovate/vendor/laravel/framework/src/Illuminate/View/Middleware/ShareErrorsFromSession.php(48): Illuminate/Pipeline/Pipeline->Illuminate/Pipeline/{closure}(Object(Illuminate/Http/Request))
#18 C:/PPL-SI4705-KelA/greennovate/SI4705-KELA-main/greennovate/vendor/laravel/framework/src/Illuminate/Pipeline/Pipeline.php(219): Illuminate/View/Middleware/ShareErrorsFromSession->handle(Object(Illuminate/Http/Request), Object(Closure))
#19 C:/PPL-SI4705-KelA/greennovate/SI4705-KELA-main/greennovate/vendor/laravel/framework/src/Illuminate/Session/Middleware/StartSession.php(120): Illuminate/Pipeline/Pipeline->Illuminate/Pipeline/{closure}(Object(Illuminate/Http/Request))
#20 C:/PPL-SI4705-KelA/greennovate/SI4705-KELA-main/greennovate/vendor/laravel/framework/src/Illuminate/Session/Middleware/StartSession.php(63): Illuminate/Session/Middleware/StartSession->handleStatefulRequest(Object(Illuminate/Http/Request), Object(Illuminate/Session/Store), Object(Closure))
#21 C:/PPL-SI4705-KelA/greennovate/SI4705-KELA-main/greennovate/vendor/laravel/framework/src/Illuminate/Pipeline/Pipeline.php(219): Illuminate/Session/Middleware/StartSession->handle(Object(Illuminate/Http/Request), Object(Closure))
#22 C:/PPL-SI4705-KelA/greennovate/SI4705-KELA-main/greennovate/vendor/laravel/framework/src/Illuminate/Cookie/Middleware/AddQueuedCookiesToResponse.php(36): Illuminate/Pipeline/Pipeline->Illuminate/Pipeline/{closure}(Object(Illuminate/Http/Request))
#23 C:/PPL-SI4705-KelA/greennovate/SI4705-KELA-main/greennovate/vendor/laravel/framework/src/Illuminate/Pipeline/Pipeline.php(219): Illuminate/Cookie/Middleware/AddQueuedCookiesToResponse->handle(Object(Illuminate/Http/Request), Object(Closure))
#24 C:/PPL-SI4705-KelA/greennovate/SI4705-KELA-main/greennovate/vendor/laravel/framework/src/Illuminate/Cookie/Middleware/EncryptCookies.php(74): Illuminate/Pipeline/Pipeline->Illuminate/Pipeline/{closure}(Object(Illuminate/Http/Request))
#25 C:/PPL-SI4705-KelA/greennovate/SI4705-KELA-main/greennovate/vendor/laravel/framework/src/Illuminate/Pipeline/Pipeline.php(219): Illuminate/Cookie/Middleware/EncryptCookies->handle(Object(Illuminate/Http/Request), Object(Closure))
#26 C:/PPL-SI4705-KelA/greennovate/SI4705-KELA-main/greennovate/vendor/laravel/framework/src/Illuminate/Pipeline/Pipeline.php(137): Illuminate/Pipeline/Pipeline->Illuminate/Pipeline/{closure}(Object(Illuminate/Http/Request))
#27 C:/PPL-SI4705-KelA/greennovate/SI4705-KELA-main/greennovate/vendor/laravel/framework/src/Illuminate/Routing/Router.php(821): Illuminate/Pipeline/Pipeline->then(Object(Closure))
#28 C:/PPL-SI4705-KelA/greennovate/SI4705-KELA-main/greennovate/vendor/laravel/framework/src/Illuminate/Routing/Router.php(800): Illuminate/Routing/Router->runRouteWithinStack(Object(Illuminate/Routing/Route), Object(Illuminate/Http/Request))
#29 C:/PPL-SI4705-KelA/greennovate/SI4705-KELA-main/greennovate/vendor/laravel/framework/src/Illuminate/Routing/Router.php(764): Illuminate/Routing/Router->runRoute(Object(Illuminate/Http/Request), Object(Illuminate/Routing/Route))
#30 C:/PPL-SI4705-KelA/greennovate/SI4705-KELA-main/greennovate/vendor/laravel/framework/src/Illuminate/Routing/Router.php(753): Illuminate/Routing/Router->dispatchToRoute(Object(Illuminate/Http/Request))
#31 C:/PPL-SI4705-KelA/greennovate/SI4705-KELA-main/greennovate/vendor/laravel/framework/src/Illuminate/Foundation/Http/Kernel.php(200): Illuminate/Routing/Router->dispatch(Object(Illuminate/Http/Request))
#32 C:/PPL-SI4705-KelA/greennovate/SI4705-KELA-main/greennovate/vendor/laravel/framework/src/Illuminate/Pipeline/Pipeline.php(180): Illuminate/Foundation/Http/Kernel->Illuminate/Foundation/Http/{closure}(Object(Illuminate/Http/Request))
#33 C:/PPL-SI4705-KelA/greennovate/SI4705-KELA-main/greennovate/vendor/laravel/framework/src/Illuminate/Foundation/Http/Middleware/TransformsRequest.php(21): Illuminate/Pipeline/Pipeline->Illuminate/Pipeline/{closure}(Object(Illuminate/Http/Request))
#34 C:/PPL-SI4705-KelA/greennovate/SI4705-KELA-main/greennovate/vendor/laravel/framework/src/Illuminate/Foundation/Http/Middleware/ConvertEmptyStringsToNull.php(31): Illuminate/Foundation/Http/Middleware/TransformsRequest->handle(Object(Illuminate/Http/Request), Object(Closure))
#35 C:/PPL-SI4705-KelA/greennovate/SI4705-KELA-main/greennovate/vendor/laravel/framework/src/Illuminate/Pipeline/Pipeline.php(219): Illuminate/Foundation/Http/Middleware/ConvertEmptyStringsToNull->handle(Object(Illuminate/Http/Request), Object(Closure))
#36 C:/PPL-SI4705-KelA/greennovate/SI4705-KELA-main/greennovate/vendor/laravel/framework/src/Illuminate/Foundation/Http/Middleware/TransformsRequest.php(21): Illuminate/Pipeline/Pipeline->Illuminate/Pipeline/{closure}(Object(Illuminate/Http/Request))
#37 C:/PPL-SI4705-KelA/greennovate/SI4705-KELA-main/greennovate/vendor/laravel/framework/src/Illuminate/Foundation/Http/Middleware/TrimStrings.php(51): Illuminate/Foundation/Http/Middleware/TransformsRequest->handle(Object(Illuminate/Http/Request), Object(Closure))
#38 C:/PPL-SI4705-KelA/greennovate/SI4705-KELA-main/greennovate/vendor/laravel/framework/src/Illuminate/Pipeline/Pipeline.php(219): Illuminate/Foundation/Http/Middleware/TrimStrings->handle(Object(Illuminate/Http/Request), Object(Closure))
#39 C:/PPL-SI4705-KelA/greennovate/SI4705-KELA-main/greennovate/vendor/laravel/framework/src/Illuminate/Http/Middleware/ValidatePostSize.php(27): Illuminate/Pipeline/Pipeline->Illuminate/Pipeline/{closure}(Object(Illuminate/Http/Request))
#40 C:/PPL-SI4705-KelA/greennovate/SI4705-KELA-main/greennovate/vendor/laravel/framework/src/Illuminate/Pipeline/Pipeline.php(219): Illuminate/Http/Middleware/ValidatePostSize->handle(Object(Illuminate/Http/Request), Object(Closure))
#41 C:/PPL-SI4705-KelA/greennovate/SI4705-KELA-main/greennovate/vendor/laravel/framework/src/Illuminate/Foundation/Http/Middleware/PreventRequestsDuringMaintenance.php(109): Illuminate/Pipeline/Pipeline->Illuminate/Pipeline/{closure}(Object(Illuminate/Http/Request))
#42 C:/PPL-SI4705-KelA/greennovate/SI4705-KELA-main/greennovate/vendor/laravel/framework/src/Illuminate/Pipeline/Pipeline.php(219): Illuminate/Foundation/Http/Middleware/PreventRequestsDuringMaintenance->handle(Object(Illuminate/Http/Request), Object(Closure))
#43 C:/PPL-SI4705-KelA/greennovate/SI4705-KELA-main/greennovate/vendor/laravel/framework/src/Illuminate/Http/Middleware/HandleCors.php(61): Illuminate/Pipeline/Pipeline->Illuminate/Pipeline/{closure}(Object(Illuminate/Http/Request))
#44 C:/PPL-SI4705-KelA/greennovate/SI4705-KELA-main/greennovate/vendor/laravel/framework/src/Illuminate/Pipeline/Pipeline.php(219): Illuminate/Http/Middleware/HandleCors->handle(Object(Illuminate/Http/Request), Object(Closure))
#45 C:/PPL-SI4705-KelA/greennovate/SI4705-KELA-main/greennovate/vendor/laravel/framework/src/Illuminate/Http/Middleware/TrustProxies.php(58): Illuminate/Pipeline/Pipeline->Illuminate/Pipeline/{closure}(Object(Illuminate/Http/Request))
#46 C:/PPL-SI4705-KelA/greennovate/SI4705-KELA-main/greennovate/vendor/laravel/framework/src/Illuminate/Pipeline/Pipeline.php(219): Illuminate/Http/Middleware/TrustProxies->handle(Object(Illuminate/Http/Request), Object(Closure))
#47 C:/PPL-SI4705-KelA/greennovate/SI4705-KELA-main/greennovate/vendor/laravel/framework/src/Illuminate/Foundation/Http/Middleware/InvokeDeferredCallbacks.php(22): Illuminate/Pipeline/Pipeline->Illuminate/Pipeline/{closure}(Object(Illuminate/Http/Request))
#48 C:/PPL-SI4705-KelA/greennovate/SI4705-KELA-main/greennovate/vendor/laravel/framework/src/Illuminate/Pipeline/Pipeline.php(219): Illuminate/Foundation/Http/Middleware/InvokeDeferredCallbacks->handle(Object(Illuminate/Http/Request), Object(Closure))
#49 C:/PPL-SI4705-KelA/greennovate/SI4705-KELA-main/greennovate/vendor/laravel/framework/src/Illuminate/Http/Middleware/ValidatePathEncoding.php(26): Illuminate/Pipeline/Pipeline->Illuminate/Pipeline/{closure}(Object(Illuminate/Http/Request))
#50 C:/PPL-SI4705-KelA/greennovate/SI4705-KELA-main/greennovate/vendor/laravel/framework/src/Illuminate/Pipeline/Pipeline.php(219): Illuminate/Http/Middleware/ValidatePathEncoding->handle(Object(Illuminate/Http/Request), Object(Closure))
#51 C:/PPL-SI4705-KelA/greennovate/SI4705-KELA-main/greennovate/vendor/laravel/framework/src/Illuminate/Pipeline/Pipeline.php(137): Illuminate/Pipeline/Pipeline->Illuminate/Pipeline/{closure}(Object(Illuminate/Http/Request))
#52 C:/PPL-SI4705-KelA/greennovate/SI4705-KELA-main/greennovate/vendor/laravel/framework/src/Illuminate/Foundation/Http/Kernel.php(175): Illuminate/Pipeline/Pipeline->then(Object(Closure))
#53 C:/PPL-SI4705-KelA/greennovate/SI4705-KELA-main/greennovate/vendor/laravel/framework/src/Illuminate/Foundation/Http/Kernel.php(144): Illuminate/Foundation/Http/Kernel->sendRequestThroughRouter(Object(Illuminate/Http/Request))
#54 C:/PPL-SI4705-KelA/greennovate/SI4705-KELA-main/greennovate/vendor/laravel/framework/src/Illuminate/Foundation/Application.php(1220): Illuminate/Foundation/Http/Kernel->handle(Object(Illuminate/Http/Request))
#55 C:/PPL-SI4705-KelA/greennovate/SI4705-KELA-main/greennovate/public/index.php(20): Illuminate/Foundation/Application->handleRequest(Object(Illuminate/Http/Request))
#56 C:/PPL-SI4705-KelA/greennovate/SI4705-KELA-main/greennovate/vendor/laravel/framework/src/Illuminate/Foundation/resources/server.php(23): require_once('C://PPL-SI4705-K...')
#57 {main}

[previous exception] [object] (Illuminate\\View\\ViewException(code: 0): Route [donations.index] not defined. (View: C:\\PPL-SI4705-KelA\\greennovate\\SI4705-KELA-main\\greennovate\\resources\\views\\layouts\\landing.blade.php) at C:/PPL-SI4705-KelA/greennovate/SI4705-KELA-main/greennovate/vendor/laravel/framework/src/Illuminate/Routing/UrlGenerator.php:528)
[stacktrace]
#0 C:/PPL-SI4705-KelA/greennovate/SI4705-KELA-main/greennovate/vendor/laravel/framework/src/Illuminate/View/Engines/PhpEngine.php(59): Illuminate/View/Engines/CompilerEngine->handleViewException(Object(Symfony/Component/Routing/Exception/RouteNotFoundException), 2)
#1 C:/PPL-SI4705-KelA/greennovate/SI4705-KELA-main/greennovate/vendor/laravel/framework/src/Illuminate/View/Engines/CompilerEngine.php(76): Illuminate/View/Engines/PhpEngine->evaluatePath('C://PPL-SI4705-K...', Array)
#2 C:/PPL-SI4705-KelA/greennovate/SI4705-KELA-main/greennovate/vendor/laravel/framework/src/Illuminate/View/View.php(208): Illuminate/View/Engines/CompilerEngine->get('C://PPL-SI4705-K...', Array)
#3 C:/PPL-SI4705-KelA/greennovate/SI4705-KELA-main/greennovate/vendor/laravel/framework/src/Illuminate/View/View.php(191): Illuminate/View/View->getContents()
#4 C:/PPL-SI4705-KelA/greennovate/SI4705-KELA-main/greennovate/vendor/laravel/framework/src/Illuminate/View/View.php(160): Illuminate/View/View->renderContents()
#5 C:/PPL-SI4705-KelA/greennovate/SI4705-KELA-main/greennovate/storage/framework/views/a3c743165f36d9b6d04b035fb1bfc851.php(298): Illuminate/View/View->render()
#6 C:/PPL-SI4705-KelA/greennovate/SI4705-KELA-main/greennovate/vendor/laravel/framework/src/Illuminate/Filesystem/Filesystem.php(123): require('C://PPL-SI4705-K...')
#7 C:/PPL-SI4705-KelA/greennovate/SI4705-KELA-main/greennovate/vendor/laravel/framework/src/Illuminate/Filesystem/Filesystem.php(124): Illuminate/Filesystem/Filesystem::Illuminate/Filesystem/{closure}()
#8 C:/PPL-SI4705-KelA/greennovate/SI4705-KELA-main/greennovate/vendor/laravel/framework/src/Illuminate/View/Engines/PhpEngine.php(57): Illuminate/Filesystem/Filesystem->getRequire('C://PPL-SI4705-K...', Array)
#9 C:/PPL-SI4705-KelA/greennovate/SI4705-KELA-main/greennovate/vendor/laravel/framework/src/Illuminate/View/Engines/CompilerEngine.php(76): Illuminate/View/Engines/PhpEngine->evaluatePath('C://PPL-SI4705-K...', Array)
#10 C:/PPL-SI4705-KelA/greennovate/SI4705-KELA-main/greennovate/vendor/laravel/framework/src/Illuminate/View/View.php(208): Illuminate/View/Engines/CompilerEngine->get('C://PPL-SI4705-K...', Array)
#11 C:/PPL-SI4705-KelA/greennovate/SI4705-KELA-main/greennovate/vendor/laravel/framework/src/Illuminate/View/View.php(191): Illuminate/View/View->getContents()
#12 C:/PPL-SI4705-KelA/greennovate/SI4705-KELA-main/greennovate/vendor/laravel/framework/src/Illuminate/View/View.php(160): Illuminate/View/View->renderContents()
#13 C:/PPL-SI4705-KelA/greennovate/SI4705-KELA-main/greennovate/vendor/laravel/framework/src/Illuminate/Http/Response.php(78): Illuminate/View/View->render()
#14 C:/PPL-SI4705-KelA/greennovate/SI4705-KELA-main/greennovate/vendor/laravel/framework/src/Illuminate/Http/Response.php(34): Illuminate/Http/Response->setContent(Object(Illuminate/View/View))
#15 C:/PPL-SI4705-KelA/greennovate/SI4705-KELA-main/greennovate/vendor/laravel/framework/src/Illuminate/Routing/Router.php(939): Illuminate/Http/Response->__construct(Object(Illuminate/View/View), 200, Array)
#16 C:/PPL-SI4705-KelA/greennovate/SI4705-KELA-main/greennovate/vendor/laravel/framework/src/Illuminate/Routing/Router.php(906): Illuminate/Routing/Router::toResponse(Object(Illuminate/Http/Request), Object(Illuminate/View/View))
#17 C:/PPL-SI4705-KelA/greennovate/SI4705-KELA-main/greennovate/vendor/laravel/framework/src/Illuminate/Routing/Router.php(821): Illuminate/Routing/Router->prepareResponse(Object(Illuminate/Http/Request), Object(Illuminate/View/View))
#18 C:/PPL-SI4705-KelA/greennovate/SI4705-KELA-main/greennovate/vendor/laravel/framework/src/Illuminate/Pipeline/Pipeline.php(180): Illuminate/Routing/Router->Illuminate/Routing/{closure}(Object(Illuminate/Http/Request))
#19 C:/PPL-SI4705-KelA/greennovate/SI4705-KELA-main/greennovate/app/Http/Middleware/SetLocale.php(39): Illuminate/Pipeline/Pipeline->Illuminate/Pipeline/{closure}(Object(Illuminate/Http/Request))
#20 C:/PPL-SI4705-KelA/greennovate/SI4705-KELA-main/greennovate/vendor/laravel/framework/src/Illuminate/Pipeline/Pipeline.php(219): App/Http/Middleware/SetLocale->handle(Object(Illuminate/Http/Request), Object(Closure))
#21 C:/PPL-SI4705-KelA/greennovate/SI4705-KELA-main/greennovate/vendor/laravel/framework/src/Illuminate/Routing/Middleware/SubstituteBindings.php(50): Illuminate/Pipeline/Pipeline->Illuminate/Pipeline/{closure}(Object(Illuminate/Http/Request))
#22 C:/PPL-SI4705-KelA/greennovate/SI4705-KELA-main/greennovate/vendor/laravel/framework/src/Illuminate/Pipeline/Pipeline.php(219): Illuminate/Routing/Middleware/SubstituteBindings->handle(Object(Illuminate/Http/Request), Object(Closure))
#23 C:/PPL-SI4705-KelA/greennovate/SI4705-KELA-main/greennovate/vendor/laravel/framework/src/Illuminate/Foundation/Http/Middleware/VerifyCsrfToken.php(87): Illuminate/Pipeline/Pipeline->Illuminate/Pipeline/{closure}(Object(Illuminate/Http/Request))
#24 C:/PPL-SI4705-KelA/greennovate/SI4705-KELA-main/greennovate/vendor/laravel/framework/src/Illuminate/Pipeline/Pipeline.php(219): Illuminate/Foundation/Http/Middleware/VerifyCsrfToken->handle(Object(Illuminate/Http/Request), Object(Closure))
#25 C:/PPL-SI4705-KelA/greennovate/SI4705-KELA-main/greennovate/vendor/laravel/framework/src/Illuminate/View/Middleware/ShareErrorsFromSession.php(48): Illuminate/Pipeline/Pipeline->Illuminate/Pipeline/{closure}(Object(Illuminate/Http/Request))
#26 C:/PPL-SI4705-KelA/greennovate/SI4705-KELA-main/greennovate/vendor/laravel/framework/src/Illuminate/Pipeline/Pipeline.php(219): Illuminate/View/Middleware/ShareErrorsFromSession->handle(Object(Illuminate/Http/Request), Object(Closure))
#27 C:/PPL-SI4705-KelA/greennovate/SI4705-KELA-main/greennovate/vendor/laravel/framework/src/Illuminate/Session/Middleware/StartSession.php(120): Illuminate/Pipeline/Pipeline->Illuminate/Pipeline/{closure}(Object(Illuminate/Http/Request))
#28 C:/PPL-SI4705-KelA/greennovate/SI4705-KELA-main/greennovate/vendor/laravel/framework/src/Illuminate/Session/Middleware/StartSession.php(63): Illuminate/Session/Middleware/StartSession->handleStatefulRequest(Object(Illuminate/Http/Request), Object(Illuminate/Session/Store), Object(Closure))
#29 C:/PPL-SI4705-KelA/greennovate/SI4705-KELA-main/greennovate/vendor/laravel/framework/src/Illuminate/Pipeline/Pipeline.php(219): Illuminate/Session/Middleware/StartSession->handle(Object(Illuminate/Http/Request), Object(Closure))
#30 C:/PPL-SI4705-KelA/greennovate/SI4705-KELA-main/greennovate/vendor/laravel/framework/src/Illuminate/Cookie/Middleware/AddQueuedCookiesToResponse.php(36): Illuminate/Pipeline/Pipeline->Illuminate/Pipeline/{closure}(Object(Illuminate/Http/Request))
#31 C:/PPL-SI4705-KelA/greennovate/SI4705-KELA-main/greennovate/vendor/laravel/framework/src/Illuminate/Pipeline/Pipeline.php(219): Illuminate/Cookie/Middleware/AddQueuedCookiesToResponse->handle(Object(Illuminate/Http/Request), Object(Closure))
#32 C:/PPL-SI4705-KelA/greennovate/SI4705-KELA-main/greennovate/vendor/laravel/framework/src/Illuminate/Cookie/Middleware/EncryptCookies.php(74): Illuminate/Pipeline/Pipeline->Illuminate/Pipeline/{closure}(Object(Illuminate/Http/Request))
#33 C:/PPL-SI4705-KelA/greennovate/SI4705-KELA-main/greennovate/vendor/laravel/framework/src/Illuminate/Pipeline/Pipeline.php(219): Illuminate/Cookie/Middleware/EncryptCookies->handle(Object(Illuminate/Http/Request), Object(Closure))
#34 C:/PPL-SI4705-KelA/greennovate/SI4705-KELA-main/greennovate/vendor/laravel/framework/src/Illuminate/Pipeline/Pipeline.php(137): Illuminate/Pipeline/Pipeline->Illuminate/Pipeline/{closure}(Object(Illuminate/Http/Request))
#35 C:/PPL-SI4705-KelA/greennovate/SI4705-KELA-main/greennovate/vendor/laravel/framework/src/Illuminate/Routing/Router.php(821): Illuminate/Pipeline/Pipeline->then(Object(Closure))
#36 C:/PPL-SI4705-KelA/greennovate/SI4705-KELA-main/greennovate/vendor/laravel/framework/src/Illuminate/Routing/Router.php(800): Illuminate/Routing/Router->runRouteWithinStack(Object(Illuminate/Routing/Route), Object(Illuminate/Http/Request))
#37 C:/PPL-SI4705-KelA/greennovate/SI4705-KELA-main/greennovate/vendor/laravel/framework/src/Illuminate/Routing/Router.php(764): Illuminate/Routing/Router->runRoute(Object(Illuminate/Http/Request), Object(Illuminate/Routing/Route))
#38 C:/PPL-SI4705-KelA/greennovate/SI4705-KELA-main/greennovate/vendor/laravel/framework/src/Illuminate/Routing/Router.php(753): Illuminate/Routing/Router->dispatchToRoute(Object(Illuminate/Http/Request))
#39 C:/PPL-SI4705-KelA/greennovate/SI4705-KELA-main/greennovate/vendor/laravel/framework/src/Illuminate/Foundation/Http/Kernel.php(200): Illuminate/Routing/Router->dispatch(Object(Illuminate/Http/Request))
#40 C:/PPL-SI4705-KelA/greennovate/SI4705-KELA-main/greennovate/vendor/laravel/framework/src/Illuminate/Pipeline/Pipeline.php(180): Illuminate/Foundation/Http/Kernel->Illuminate/Foundation/Http/{closure}(Object(Illuminate/Http/Request))
#41 C:/PPL-SI4705-KelA/greennovate/SI4705-KELA-main/greennovate/vendor/laravel/framework/src/Illuminate/Foundation/Http/Middleware/TransformsRequest.php(21): Illuminate/Pipeline/Pipeline->Illuminate/Pipeline/{closure}(Object(Illuminate/Http/Request))
#42 C:/PPL-SI4705-KelA/greennovate/SI4705-KELA-main/greennovate/vendor/laravel/framework/src/Illuminate/Foundation/Http/Middleware/ConvertEmptyStringsToNull.php(31): Illuminate/Foundation/Http/Middleware/TransformsRequest->handle(Object(Illuminate/Http/Request), Object(Closure))
#43 C:/PPL-SI4705-KelA/greennovate/SI4705-KELA-main/greennovate/vendor/laravel/framework/src/Illuminate/Pipeline/Pipeline.php(219): Illuminate/Foundation/Http/Middleware/ConvertEmptyStringsToNull->handle(Object(Illuminate/Http/Request), Object(Closure))
#44 C:/PPL-SI4705-KelA/greennovate/SI4705-KELA-main/greennovate/vendor/laravel/framework/src/Illuminate/Foundation/Http/Middleware/TransformsRequest.php(21): Illuminate/Pipeline/Pipeline->Illuminate/Pipeline/{closure}(Object(Illuminate/Http/Request))
#45 C:/PPL-SI4705-KelA/greennovate/SI4705-KELA-main/greennovate/vendor/laravel/framework/src/Illuminate/Foundation/Http/Middleware/TrimStrings.php(51): Illuminate/Foundation/Http/Middleware/TransformsRequest->handle(Object(Illuminate/Http/Request), Object(Closure))
#46 C:/PPL-SI4705-KelA/greennovate/SI4705-KELA-main/greennovate/vendor/laravel/framework/src/Illuminate/Pipeline/Pipeline.php(219): Illuminate/Foundation/Http/Middleware/TrimStrings->handle(Object(Illuminate/Http/Request), Object(Closure))
#47 C:/PPL-SI4705-KelA/greennovate/SI4705-KELA-main/greennovate/vendor/laravel/framework/src/Illuminate/Http/Middleware/ValidatePostSize.php(27): Illuminate/Pipeline/Pipeline->Illuminate/Pipeline/{closure}(Object(Illuminate/Http/Request))
#48 C:/PPL-SI4705-KelA/greennovate/SI4705-KELA-main/greennovate/vendor/laravel/framework/src/Illuminate/Pipeline/Pipeline.php(219): Illuminate/Http/Middleware/ValidatePostSize->handle(Object(Illuminate/Http/Request), Object(Closure))
#49 C:/PPL-SI4705-KelA/greennovate/SI4705-KELA-main/greennovate/vendor/laravel/framework/src/Illuminate/Foundation/Http/Middleware/PreventRequestsDuringMaintenance.php(109): Illuminate/Pipeline/Pipeline->Illuminate/Pipeline/{closure}(Object(Illuminate/Http/Request))
#50 C:/PPL-SI4705-KelA/greennovate/SI4705-KELA-main/greennovate/vendor/laravel/framework/src/Illuminate/Pipeline/Pipeline.php(219): Illuminate/Foundation/Http/Middleware/PreventRequestsDuringMaintenance->handle(Object(Illuminate/Http/Request), Object(Closure))
#51 C:/PPL-SI4705-KelA/greennovate/SI4705-KELA-main/greennovate/vendor/laravel/framework/src/Illuminate/Http/Middleware/HandleCors.php(61): Illuminate/Pipeline/Pipeline->Illuminate/Pipeline/{closure}(Object(Illuminate/Http/Request))
#52 C:/PPL-SI4705-KelA/greennovate/SI4705-KELA-main/greennovate/vendor/laravel/framework/src/Illuminate/Pipeline/Pipeline.php(219): Illuminate/Http/Middleware/HandleCors->handle(Object(Illuminate/Http/Request), Object(Closure))
#53 C:/PPL-SI4705-KelA/greennovate/SI4705-KELA-main/greennovate/vendor/laravel/framework/src/Illuminate/Http/Middleware/TrustProxies.php(58): Illuminate/Pipeline/Pipeline->Illuminate/Pipeline/{closure}(Object(Illuminate/Http/Request))
#54 C:/PPL-SI4705-KelA/greennovate/SI4705-KELA-main/greennovate/vendor/laravel/framework/src/Illuminate/Pipeline/Pipeline.php(219): Illuminate/Http/Middleware/TrustProxies->handle(Object(Illuminate/Http/Request), Object(Closure))
#55 C:/PPL-SI4705-KelA/greennovate/SI4705-KELA-main/greennovate/vendor/laravel/framework/src/Illuminate/Foundation/Http/Middleware/InvokeDeferredCallbacks.php(22): Illuminate/Pipeline/Pipeline->Illuminate/Pipeline/{closure}(Object(Illuminate/Http/Request))
#56 C:/PPL-SI4705-KelA/greennovate/SI4705-KELA-main/greennovate/vendor/laravel/framework/src/Illuminate/Pipeline/Pipeline.php(219): Illuminate/Foundation/Http/Middleware/InvokeDeferredCallbacks->handle(Object(Illuminate/Http/Request), Object(Closure))
#57 C:/PPL-SI4705-KelA/greennovate/SI4705-KELA-main/greennovate/vendor/laravel/framework/src/Illuminate/Http/Middleware/ValidatePathEncoding.php(26): Illuminate/Pipeline/Pipeline->Illuminate/Pipeline/{closure}(Object(Illuminate/Http/Request))
#58 C:/PPL-SI4705-KelA/greennovate/SI4705-KELA-main/greennovate/vendor/laravel/framework/src/Illuminate/Pipeline/Pipeline.php(219): Illuminate/Http/Middleware/ValidatePathEncoding->handle(Object(Illuminate/Http/Request), Object(Closure))
#59 C:/PPL-SI4705-KelA/greennovate/SI4705-KELA-main/greennovate/vendor/laravel/framework/src/Illuminate/Pipeline/Pipeline.php(137): Illuminate/Pipeline/Pipeline->Illuminate/Pipeline/{closure}(Object(Illuminate/Http/Request))
#60 C:/PPL-SI4705-KelA/greennovate/SI4705-KELA-main/greennovate/vendor/laravel/framework/src/Illuminate/Foundation/Http/Kernel.php(175): Illuminate/Pipeline/Pipeline->then(Object(Closure))
#61 C:/PPL-SI4705-KelA/greennovate/SI4705-KELA-main/greennovate/vendor/laravel/framework/src/Illuminate/Foundation/Http/Kernel.php(144): Illuminate/Foundation/Http/Kernel->sendRequestThroughRouter(Object(Illuminate/Http/Request))
#62 C:/PPL-SI4705-KelA/greennovate/SI4705-KELA-main/greennovate/vendor/laravel/framework/src/Illuminate/Foundation/Application.php(1220): Illuminate/Foundation/Http/Kernel->handle(Object(Illuminate/Http/Request))
#63 C:/PPL-SI4705-KelA/greennovate/SI4705-KELA-main/greennovate/public/index.php(20): Illuminate/Foundation/Application->handleRequest(Object(Illuminate/Http/Request))
#64 C:/PPL-SI4705-KelA/greennovate/SI4705-KELA-main/greennovate/vendor/laravel/framework/src/Illuminate/Foundation/resources/server.php(23): require_once('C://PPL-SI4705-K...')
#65 {main}

[previous exception] [object] (Symfony\\Component\\Routing\\Exception\\RouteNotFoundException(code: 0): Route [donations.index] not defined. at C:/PPL-SI4705-KelA/greennovate/SI4705-KELA-main/greennovate/vendor/laravel/framework/src/Illuminate/Routing/UrlGenerator.php:528)
[stacktrace]
#0 C:/PPL-SI4705-KelA/greennovate/SI4705-KELA-main/greennovate/vendor/laravel/framework/src/Illuminate/Foundation/helpers.php(870): Illuminate/Routing/UrlGenerator->route('donations.index', Array, true)
#1 C:/PPL-SI4705-KelA/greennovate/SI4705-KELA-main/greennovate/storage/framework/views/7d02c79fe3e0caaa4289493a4da9685e.php(174): route('donations.index')
#2 C:/PPL-SI4705-KelA/greennovate/SI4705-KELA-main/greennovate/vendor/laravel/framework/src/Illuminate/Filesystem/Filesystem.php(123): require('C://PPL-SI4705-K...')
#3 C:/PPL-SI4705-KelA/greennovate/SI4705-KELA-main/greennovate/vendor/laravel/framework/src/Illuminate/Filesystem/Filesystem.php(124): Illuminate/Filesystem/Filesystem::Illuminate/Filesystem/{closure}()
#4 C:/PPL-SI4705-KelA/greennovate/SI4705-KELA-main/greennovate/vendor/laravel/framework/src/Illuminate/View/Engines/PhpEngine.php(57): Illuminate/Filesystem/Filesystem->getRequire('C://PPL-SI4705-K...', Array)
#5 C:/PPL-SI4705-KelA/greennovate/SI4705-KELA-main/greennovate/vendor/laravel/framework/src/Illuminate/View/Engines/CompilerEngine.php(76): Illuminate/View/Engines/PhpEngine->evaluatePath('C://PPL-SI4705-K...', Array)
#6 C:/PPL-SI4705-KelA/greennovate/SI4705-KELA-main/greennovate/vendor/laravel/framework/src/Illuminate/View/View.php(208): Illuminate/View/Engines/CompilerEngine->get('C://PPL-SI4705-K...', Array)
#7 C:/PPL-SI4705-KelA/greennovate/SI4705-KELA-main/greennovate/vendor/laravel/framework/src/Illuminate/View/View.php(191): Illuminate/View/View->getContents()
#8 C:/PPL-SI4705-KelA/greennovate/SI4705-KELA-main/greennovate/vendor/laravel/framework/src/Illuminate/View/View.php(160): Illuminate/View/View->renderContents()
#9 C:/PPL-SI4705-KelA/greennovate/SI4705-KELA-main/greennovate/storage/framework/views/a3c743165f36d9b6d04b035fb1bfc851.php(298): Illuminate/View/View->render()
#10 C:/PPL-SI4705-KelA/greennovate/SI4705-KELA-main/greennovate/vendor/laravel/framework/src/Illuminate/Filesystem/Filesystem.php(123): require('C://PPL-SI4705-K...')
#11 C:/PPL-SI4705-KelA/greennovate/SI4705-KELA-main/greennovate/vendor/laravel/framework/src/Illuminate/Filesystem/Filesystem.php(124): Illuminate/Filesystem/Filesystem::Illuminate/Filesystem/{closure}()
#12 C:/PPL-SI4705-KelA/greennovate/SI4705-KELA-main/greennovate/vendor/laravel/framework/src/Illuminate/View/Engines/PhpEngine.php(57): Illuminate/Filesystem/Filesystem->getRequire('C://PPL-SI4705-K...', Array)
#13 C:/PPL-SI4705-KelA/greennovate/SI4705-KELA-main/greennovate/vendor/laravel/framework/src/Illuminate/View/Engines/CompilerEngine.php(76): Illuminate/View/Engines/PhpEngine->evaluatePath('C://PPL-SI4705-K...', Array)
#14 C:/PPL-SI4705-KelA/greennovate/SI4705-KELA-main/greennovate/vendor/laravel/framework/src/Illuminate/View/View.php(208): Illuminate/View/Engines/CompilerEngine->get('C://PPL-SI4705-K...', Array)
#15 C:/PPL-SI4705-KelA/greennovate/SI4705-KELA-main/greennovate/vendor/laravel/framework/src/Illuminate/View/View.php(191): Illuminate/View/View->getContents()
#16 C:/PPL-SI4705-KelA/greennovate/SI4705-KELA-main/greennovate/vendor/laravel/framework/src/Illuminate/View/View.php(160): Illuminate/View/View->renderContents()
#17 C:/PPL-SI4705-KelA/greennovate/SI4705-KELA-main/greennovate/vendor/laravel/framework/src/Illuminate/Http/Response.php(78): Illuminate/View/View->render()
#18 C:/PPL-SI4705-KelA/greennovate/SI4705-KELA-main/greennovate/vendor/laravel/framework/src/Illuminate/Http/Response.php(34): Illuminate/Http/Response->setContent(Object(Illuminate/View/View))
#19 C:/PPL-SI4705-KelA/greennovate/SI4705-KELA-main/greennovate/vendor/laravel/framework/src/Illuminate/Routing/Router.php(939): Illuminate/Http/Response->__construct(Object(Illuminate/View/View), 200, Array)
#20 C:/PPL-SI4705-KelA/greennovate/SI4705-KELA-main/greennovate/vendor/laravel/framework/src/Illuminate/Routing/Router.php(906): Illuminate/Routing/Router::toResponse(Object(Illuminate/Http/Request), Object(Illuminate/View/View))
#21 C:/PPL-SI4705-KelA/greennovate/SI4705-KELA-main/greennovate/vendor/laravel/framework/src/Illuminate/Routing/Router.php(821): Illuminate/Routing/Router->prepareResponse(Object(Illuminate/Http/Request), Object(Illuminate/View/View))
#22 C:/PPL-SI4705-KelA/greennovate/SI4705-KELA-main/greennovate/vendor/laravel/framework/src/Illuminate/Pipeline/Pipeline.php(180): Illuminate/Routing/Router->Illuminate/Routing/{closure}(Object(Illuminate/Http/Request))
#23 C:/PPL-SI4705-KelA/greennovate/SI4705-KELA-main/greennovate/app/Http/Middleware/SetLocale.php(39): Illuminate/Pipeline/Pipeline->Illuminate/Pipeline/{closure}(Object(Illuminate/Http/Request))
#24 C:/PPL-SI4705-KelA/greennovate/SI4705-KELA-main/greennovate/vendor/laravel/framework/src/Illuminate/Pipeline/Pipeline.php(219): App/Http/Middleware/SetLocale->handle(Object(Illuminate/Http/Request), Object(Closure))
#25 C:/PPL-SI4705-KelA/greennovate/SI4705-KELA-main/greennovate/vendor/laravel/framework/src/Illuminate/Routing/Middleware/SubstituteBindings.php(50): Illuminate/Pipeline/Pipeline->Illuminate/Pipeline/{closure}(Object(Illuminate/Http/Request))
#26 C:/PPL-SI4705-KelA/greennovate/SI4705-KELA-main/greennovate/vendor/laravel/framework/src/Illuminate/Pipeline/Pipeline.php(219): Illuminate/Routing/Middleware/SubstituteBindings->handle(Object(Illuminate/Http/Request), Object(Closure))
#27 C:/PPL-SI4705-KelA/greennovate/SI4705-KELA-main/greennovate/vendor/laravel/framework/src/Illuminate/Foundation/Http/Middleware/VerifyCsrfToken.php(87): Illuminate/Pipeline/Pipeline->Illuminate/Pipeline/{closure}(Object(Illuminate/Http/Request))
#28 C:/PPL-SI4705-KelA/greennovate/SI4705-KELA-main/greennovate/vendor/laravel/framework/src/Illuminate/Pipeline/Pipeline.php(219): Illuminate/Foundation/Http/Middleware/VerifyCsrfToken->handle(Object(Illuminate/Http/Request), Object(Closure))
#29 C:/PPL-SI4705-KelA/greennovate/SI4705-KELA-main/greennovate/vendor/laravel/framework/src/Illuminate/View/Middleware/ShareErrorsFromSession.php(48): Illuminate/Pipeline/Pipeline->Illuminate/Pipeline/{closure}(Object(Illuminate/Http/Request))
#30 C:/PPL-SI4705-KelA/greennovate/SI4705-KELA-main/greennovate/vendor/laravel/framework/src/Illuminate/Pipeline/Pipeline.php(219): Illuminate/View/Middleware/ShareErrorsFromSession->handle(Object(Illuminate/Http/Request), Object(Closure))
#31 C:/PPL-SI4705-KelA/greennovate/SI4705-KELA-main/greennovate/vendor/laravel/framework/src/Illuminate/Session/Middleware/StartSession.php(120): Illuminate/Pipeline/Pipeline->Illuminate/Pipeline/{closure}(Object(Illuminate/Http/Request))
#32 C:/PPL-SI4705-KelA/greennovate/SI4705-KELA-main/greennovate/vendor/laravel/framework/src/Illuminate/Session/Middleware/StartSession.php(63): Illuminate/Session/Middleware/StartSession->handleStatefulRequest(Object(Illuminate/Http/Request), Object(Illuminate/Session/Store), Object(Closure))
#33 C:/PPL-SI4705-KelA/greennovate/SI4705-KELA-main/greennovate/vendor/laravel/framework/src/Illuminate/Pipeline/Pipeline.php(219): Illuminate/Session/Middleware/StartSession->handle(Object(Illuminate/Http/Request), Object(Closure))
#34 C:/PPL-SI4705-KelA/greennovate/SI4705-KELA-main/greennovate/vendor/laravel/framework/src/Illuminate/Cookie/Middleware/AddQueuedCookiesToResponse.php(36): Illuminate/Pipeline/Pipeline->Illuminate/Pipeline/{closure}(Object(Illuminate/Http/Request))
#35 C:/PPL-SI4705-KelA/greennovate/SI4705-KELA-main/greennovate/vendor/laravel/framework/src/Illuminate/Pipeline/Pipeline.php(219): Illuminate/Cookie/Middleware/AddQueuedCookiesToResponse->handle(Object(Illuminate/Http/Request), Object(Closure))
#36 C:/PPL-SI4705-KelA/greennovate/SI4705-KELA-main/greennovate/vendor/laravel/framework/src/Illuminate/Cookie/Middleware/EncryptCookies.php(74): Illuminate/Pipeline/Pipeline->Illuminate/Pipeline/{closure}(Object(Illuminate/Http/Request))
#37 C:/PPL-SI4705-KelA/greennovate/SI4705-KELA-main/greennovate/vendor/laravel/framework/src/Illuminate/Pipeline/Pipeline.php(219): Illuminate/Cookie/Middleware/EncryptCookies->handle(Object(Illuminate/Http/Request), Object(Closure))
#38 C:/PPL-SI4705-KelA/greennovate/SI4705-KELA-main/greennovate/vendor/laravel/framework/src/Illuminate/Pipeline/Pipeline.php(137): Illuminate/Pipeline/Pipeline->Illuminate/Pipeline/{closure}(Object(Illuminate/Http/Request))
#39 C:/PPL-SI4705-KelA/greennovate/SI4705-KELA-main/greennovate/vendor/laravel/framework/src/Illuminate/Routing/Router.php(821): Illuminate/Pipeline/Pipeline->then(Object(Closure))
#40 C:/PPL-SI4705-KelA/greennovate/SI4705-KELA-main/greennovate/vendor/laravel/framework/src/Illuminate/Routing/Router.php(800): Illuminate/Routing/Router->runRouteWithinStack(Object(Illuminate/Routing/Route), Object(Illuminate/Http/Request))
#41 C:/PPL-SI4705-KelA/greennovate/SI4705-KELA-main/greennovate/vendor/laravel/framework/src/Illuminate/Routing/Router.php(764): Illuminate/Routing/Router->runRoute(Object(Illuminate/Http/Request), Object(Illuminate/Routing/Route))
#42 C:/PPL-SI4705-KelA/greennovate/SI4705-KELA-main/greennovate/vendor/laravel/framework/src/Illuminate/Routing/Router.php(753): Illuminate/Routing/Router->dispatchToRoute(Object(Illuminate/Http/Request))
#43 C:/PPL-SI4705-KelA/greennovate/SI4705-KELA-main/greennovate/vendor/laravel/framework/src/Illuminate/Foundation/Http/Kernel.php(200): Illuminate/Routing/Router->dispatch(Object(Illuminate/Http/Request))
#44 C:/PPL-SI4705-KelA/greennovate/SI4705-KELA-main/greennovate/vendor/laravel/framework/src/Illuminate/Pipeline/Pipeline.php(180): Illuminate/Foundation/Http/Kernel->Illuminate/Foundation/Http/{closure}(Object(Illuminate/Http/Request))
#45 C:/PPL-SI4705-KelA/greennovate/SI4705-KELA-main/greennovate/vendor/laravel/framework/src/Illuminate/Foundation/Http/Middleware/TransformsRequest.php(21): Illuminate/Pipeline/Pipeline->Illuminate/Pipeline/{closure}(Object(Illuminate/Http/Request))
#46 C:/PPL-SI4705-KelA/greennovate/SI4705-KELA-main/greennovate/vendor/laravel/framework/src/Illuminate/Foundation/Http/Middleware/ConvertEmptyStringsToNull.php(31): Illuminate/Foundation/Http/Middleware/TransformsRequest->handle(Object(Illuminate/Http/Request), Object(Closure))
#47 C:/PPL-SI4705-KelA/greennovate/SI4705-KELA-main/greennovate/vendor/laravel/framework/src/Illuminate/Pipeline/Pipeline.php(219): Illuminate/Foundation/Http/Middleware/ConvertEmptyStringsToNull->handle(Object(Illuminate/Http/Request), Object(Closure))
#48 C:/PPL-SI4705-KelA/greennovate/SI4705-KELA-main/greennovate/vendor/laravel/framework/src/Illuminate/Foundation/Http/Middleware/TransformsRequest.php(21): Illuminate/Pipeline/Pipeline->Illuminate/Pipeline/{closure}(Object(Illuminate/Http/Request))
#49 C:/PPL-SI4705-KelA/greennovate/SI4705-KELA-main/greennovate/vendor/laravel/framework/src/Illuminate/Foundation/Http/Middleware/TrimStrings.php(51): Illuminate/Foundation/Http/Middleware/TransformsRequest->handle(Object(Illuminate/Http/Request), Object(Closure))
#50 C:/PPL-SI4705-KelA/greennovate/SI4705-KELA-main/greennovate/vendor/laravel/framework/src/Illuminate/Pipeline/Pipeline.php(219): Illuminate/Foundation/Http/Middleware/TrimStrings->handle(Object(Illuminate/Http/Request), Object(Closure))
#51 C:/PPL-SI4705-KelA/greennovate/SI4705-KELA-main/greennovate/vendor/laravel/framework/src/Illuminate/Http/Middleware/ValidatePostSize.php(27): Illuminate/Pipeline/Pipeline->Illuminate/Pipeline/{closure}(Object(Illuminate/Http/Request))
#52 C:/PPL-SI4705-KelA/greennovate/SI4705-KELA-main/greennovate/vendor/laravel/framework/src/Illuminate/Pipeline/Pipeline.php(219): Illuminate/Http/Middleware/ValidatePostSize->handle(Object(Illuminate/Http/Request), Object(Closure))
#53 C:/PPL-SI4705-KelA/greennovate/SI4705-KELA-main/greennovate/vendor/laravel/framework/src/Illuminate/Foundation/Http/Middleware/PreventRequestsDuringMaintenance.php(109): Illuminate/Pipeline/Pipeline->Illuminate/Pipeline/{closure}(Object(Illuminate/Http/Request))
#54 C:/PPL-SI4705-KelA/greennovate/SI4705-KELA-main/greennovate/vendor/laravel/framework/src/Illuminate/Pipeline/Pipeline.php(219): Illuminate/Foundation/Http/Middleware/PreventRequestsDuringMaintenance->handle(Object(Illuminate/Http/Request), Object(Closure))
#55 C:/PPL-SI4705-KelA/greennovate/SI4705-KELA-main/greennovate/vendor/laravel/framework/src/Illuminate/Http/Middleware/HandleCors.php(61): Illuminate/Pipeline/Pipeline->Illuminate/Pipeline/{closure}(Object(Illuminate/Http/Request))
#56 C:/PPL-SI4705-KelA/greennovate/SI4705-KELA-main/greennovate/vendor/laravel/framework/src/Illuminate/Pipeline/Pipeline.php(219): Illuminate/Http/Middleware/HandleCors->handle(Object(Illuminate/Http/Request), Object(Closure))
#57 C:/PPL-SI4705-KelA/greennovate/SI4705-KELA-main/greennovate/vendor/laravel/framework/src/Illuminate/Http/Middleware/TrustProxies.php(58): Illuminate/Pipeline/Pipeline->Illuminate/Pipeline/{closure}(Object(Illuminate/Http/Request))
#58 C:/PPL-SI4705-KelA/greennovate/SI4705-KELA-main/greennovate/vendor/laravel/framework/src/Illuminate/Pipeline/Pipeline.php(219): Illuminate/Http/Middleware/TrustProxies->handle(Object(Illuminate/Http/Request), Object(Closure))
#59 C:/PPL-SI4705-KelA/greennovate/SI4705-KELA-main/greennovate/vendor/laravel/framework/src/Illuminate/Foundation/Http/Middleware/InvokeDeferredCallbacks.php(22): Illuminate/Pipeline/Pipeline->Illuminate/Pipeline/{closure}(Object(Illuminate/Http/Request))
#60 C:/PPL-SI4705-KelA/greennovate/SI4705-KELA-main/greennovate/vendor/laravel/framework/src/Illuminate/Pipeline/Pipeline.php(219): Illuminate/Foundation/Http/Middleware/InvokeDeferredCallbacks->handle(Object(Illuminate/Http/Request), Object(Closure))
#61 C:/PPL-SI4705-KelA/greennovate/SI4705-KELA-main/greennovate/vendor/laravel/framework/src/Illuminate/Http/Middleware/ValidatePathEncoding.php(26): Illuminate/Pipeline/Pipeline->Illuminate/Pipeline/{closure}(Object(Illuminate/Http/Request))
#62 C:/PPL-SI4705-KelA/greennovate/SI4705-KELA-main/greennovate/vendor/laravel/framework/src/Illuminate/Pipeline/Pipeline.php(219): Illuminate/Http/Middleware/ValidatePathEncoding->handle(Object(Illuminate/Http/Request), Object(Closure))
#63 C:/PPL-SI4705-KelA/greennovate/SI4705-KELA-main/greennovate/vendor/laravel/framework/src/Illuminate/Pipeline/Pipeline.php(137): Illuminate/Pipeline/Pipeline->Illuminate/Pipeline/{closure}(Object(Illuminate/Http/Request))
#64 C:/PPL-SI4705-KelA/greennovate/SI4705-KELA-main/greennovate/vendor/laravel/framework/src/Illuminate/Foundation/Http/Kernel.php(175): Illuminate/Pipeline/Pipeline->then(Object(Closure))
#65 C:/PPL-SI4705-KelA/greennovate/SI4705-KELA-main/greennovate/vendor/laravel/framework/src/Illuminate/Foundation/Http/Kernel.php(144): Illuminate/Foundation/Http/Kernel->sendRequestThroughRouter(Object(Illuminate/Http/Request))
#66 C:/PPL-SI4705-KelA/greennovate/SI4705-KELA-main/greennovate/vendor/laravel/framework/src/Illuminate/Foundation/Application.php(1220): Illuminate/Foundation/Http/Kernel->handle(Object(Illuminate/Http/Request))
#67 C:/PPL-SI4705-KelA/greennovate/SI4705-KELA-main/greennovate/public/index.php(20): Illuminate/Foundation/Application->handleRequest(Object(Illuminate/Http/Request))
#68 C:/PPL-SI4705-KelA/greennovate/SI4705-KELA-main/greennovate/vendor/laravel/framework/src/Illuminate/Foundation/resources/server.php(23): require_once('C://PPL-SI4705-K...')
#69 {main}
"} 
[2026-06-01 14:39:16] local.ERROR: Target class [AdminChatController] does not exist. {"userId":1,"exception":"[object] (Illuminate\\Contracts\\Container\\BindingResolutionException(code: 0): Target class [AdminChatController] does not exist. at C:/PPL-SI4705-KelA/greennovate/SI4705-KELA-main/greennovate/vendor/laravel/framework/src/Illuminate/Container/Container.php:1124)
[stacktrace]
#0 C:/PPL-SI4705-KelA/greennovate/SI4705-KELA-main/greennovate/vendor/laravel/framework/src/Illuminate/Container/Container.php(933): Illuminate/Container/Container->build('AdminChatContro...')
#1 C:/PPL-SI4705-KelA/greennovate/SI4705-KELA-main/greennovate/vendor/laravel/framework/src/Illuminate/Foundation/Application.php(1078): Illuminate/Container/Container->resolve('AdminChatContro...', Array, true)
#2 C:/PPL-SI4705-KelA/greennovate/SI4705-KELA-main/greennovate/vendor/laravel/framework/src/Illuminate/Container/Container.php(864): Illuminate/Foundation/Application->resolve('AdminChatContro...', Array)
#3 C:/PPL-SI4705-KelA/greennovate/SI4705-KELA-main/greennovate/vendor/laravel/framework/src/Illuminate/Foundation/Application.php(1058): Illuminate/Container/Container->make('AdminChatContro...', Array)
#4 C:/PPL-SI4705-KelA/greennovate/SI4705-KELA-main/greennovate/vendor/laravel/framework/src/Illuminate/Routing/Route.php(286): Illuminate/Foundation/Application->make('AdminChatContro...')
#5 C:/PPL-SI4705-KelA/greennovate/SI4705-KELA-main/greennovate/vendor/laravel/framework/src/Illuminate/Routing/Route.php(266): Illuminate/Routing/Route->getController()
#6 C:/PPL-SI4705-KelA/greennovate/SI4705-KELA-main/greennovate/vendor/laravel/framework/src/Illuminate/Routing/Route.php(211): Illuminate/Routing/Route->runController()
#7 C:/PPL-SI4705-KelA/greennovate/SI4705-KELA-main/greennovate/vendor/laravel/framework/src/Illuminate/Routing/Router.php(822): Illuminate/Routing/Route->run()
#8 C:/PPL-SI4705-KelA/greennovate/SI4705-KELA-main/greennovate/vendor/laravel/framework/src/Illuminate/Pipeline/Pipeline.php(180): Illuminate/Routing/Router->Illuminate/Routing/{closure}(Object(Illuminate/Http/Request))
#9 C:/PPL-SI4705-KelA/greennovate/SI4705-KELA-main/greennovate/app/Http/Middleware/IsAdmin.php(22): Illuminate/Pipeline/Pipeline->Illuminate/Pipeline/{closure}(Object(Illuminate/Http/Request))
#10 C:/PPL-SI4705-KelA/greennovate/SI4705-KELA-main/greennovate/vendor/laravel/framework/src/Illuminate/Pipeline/Pipeline.php(219): App/Http/Middleware/IsAdmin->handle(Object(Illuminate/Http/Request), Object(Closure))
#11 C:/PPL-SI4705-KelA/greennovate/SI4705-KELA-main/greennovate/app/Http/Middleware/CheckActive.php(29): Illuminate/Pipeline/Pipeline->Illuminate/Pipeline/{closure}(Object(Illuminate/Http/Request))
#12 C:/PPL-SI4705-KelA/greennovate/SI4705-KELA-main/greennovate/vendor/laravel/framework/src/Illuminate/Pipeline/Pipeline.php(219): App/Http/Middleware/CheckActive->handle(Object(Illuminate/Http/Request), Object(Closure))
#13 C:/PPL-SI4705-KelA/greennovate/SI4705-KELA-main/greennovate/app/Http/Middleware/SetLocale.php(39): Illuminate/Pipeline/Pipeline->Illuminate/Pipeline/{closure}(Object(Illuminate/Http/Request))
#14 C:/PPL-SI4705-KelA/greennovate/SI4705-KELA-main/greennovate/vendor/laravel/framework/src/Illuminate/Pipeline/Pipeline.php(219): App/Http/Middleware/SetLocale->handle(Object(Illuminate/Http/Request), Object(Closure))
#15 C:/PPL-SI4705-KelA/greennovate/SI4705-KELA-main/greennovate/vendor/laravel/framework/src/Illuminate/Routing/Middleware/SubstituteBindings.php(50): Illuminate/Pipeline/Pipeline->Illuminate/Pipeline/{closure}(Object(Illuminate/Http/Request))
#16 C:/PPL-SI4705-KelA/greennovate/SI4705-KELA-main/greennovate/vendor/laravel/framework/src/Illuminate/Pipeline/Pipeline.php(219): Illuminate/Routing/Middleware/SubstituteBindings->handle(Object(Illuminate/Http/Request), Object(Closure))
#17 C:/PPL-SI4705-KelA/greennovate/SI4705-KELA-main/greennovate/vendor/laravel/framework/src/Illuminate/Auth/Middleware/Authenticate.php(63): Illuminate/Pipeline/Pipeline->Illuminate/Pipeline/{closure}(Object(Illuminate/Http/Request))
#18 C:/PPL-SI4705-KelA/greennovate/SI4705-KELA-main/greennovate/vendor/laravel/framework/src/Illuminate/Pipeline/Pipeline.php(219): Illuminate/Auth/Middleware/Authenticate->handle(Object(Illuminate/Http/Request), Object(Closure))
#19 C:/PPL-SI4705-KelA/greennovate/SI4705-KELA-main/greennovate/vendor/laravel/framework/src/Illuminate/Foundation/Http/Middleware/VerifyCsrfToken.php(87): Illuminate/Pipeline/Pipeline->Illuminate/Pipeline/{closure}(Object(Illuminate/Http/Request))
#20 C:/PPL-SI4705-KelA/greennovate/SI4705-KELA-main/greennovate/vendor/laravel/framework/src/Illuminate/Pipeline/Pipeline.php(219): Illuminate/Foundation/Http/Middleware/VerifyCsrfToken->handle(Object(Illuminate/Http/Request), Object(Closure))
#21 C:/PPL-SI4705-KelA/greennovate/SI4705-KELA-main/greennovate/vendor/laravel/framework/src/Illuminate/View/Middleware/ShareErrorsFromSession.php(48): Illuminate/Pipeline/Pipeline->Illuminate/Pipeline/{closure}(Object(Illuminate/Http/Request))
#22 C:/PPL-SI4705-KelA/greennovate/SI4705-KELA-main/greennovate/vendor/laravel/framework/src/Illuminate/Pipeline/Pipeline.php(219): Illuminate/View/Middleware/ShareErrorsFromSession->handle(Object(Illuminate/Http/Request), Object(Closure))
#23 C:/PPL-SI4705-KelA/greennovate/SI4705-KELA-main/greennovate/vendor/laravel/framework/src/Illuminate/Session/Middleware/StartSession.php(120): Illuminate/Pipeline/Pipeline->Illuminate/Pipeline/{closure}(Object(Illuminate/Http/Request))
#24 C:/PPL-SI4705-KelA/greennovate/SI4705-KELA-main/greennovate/vendor/laravel/framework/src/Illuminate/Session/Middleware/StartSession.php(63): Illuminate/Session/Middleware/StartSession->handleStatefulRequest(Object(Illuminate/Http/Request), Object(Illuminate/Session/Store), Object(Closure))
#25 C:/PPL-SI4705-KelA/greennovate/SI4705-KELA-main/greennovate/vendor/laravel/framework/src/Illuminate/Pipeline/Pipeline.php(219): Illuminate/Session/Middleware/StartSession->handle(Object(Illuminate/Http/Request), Object(Closure))
#26 C:/PPL-SI4705-KelA/greennovate/SI4705-KELA-main/greennovate/vendor/laravel/framework/src/Illuminate/Cookie/Middleware/AddQueuedCookiesToResponse.php(36): Illuminate/Pipeline/Pipeline->Illuminate/Pipeline/{closure}(Object(Illuminate/Http/Request))
#27 C:/PPL-SI4705-KelA/greennovate/SI4705-KELA-main/greennovate/vendor/laravel/framework/src/Illuminate/Pipeline/Pipeline.php(219): Illuminate/Cookie/Middleware/AddQueuedCookiesToResponse->handle(Object(Illuminate/Http/Request), Object(Closure))
#28 C:/PPL-SI4705-KelA/greennovate/SI4705-KELA-main/greennovate/vendor/laravel/framework/src/Illuminate/Cookie/Middleware/EncryptCookies.php(74): Illuminate/Pipeline/Pipeline->Illuminate/Pipeline/{closure}(Object(Illuminate/Http/Request))
#29 C:/PPL-SI4705-KelA/greennovate/SI4705-KELA-main/greennovate/vendor/laravel/framework/src/Illuminate/Pipeline/Pipeline.php(219): Illuminate/Cookie/Middleware/EncryptCookies->handle(Object(Illuminate/Http/Request), Object(Closure))
#30 C:/PPL-SI4705-KelA/greennovate/SI4705-KELA-main/greennovate/vendor/laravel/framework/src/Illuminate/Pipeline/Pipeline.php(137): Illuminate/Pipeline/Pipeline->Illuminate/Pipeline/{closure}(Object(Illuminate/Http/Request))
#31 C:/PPL-SI4705-KelA/greennovate/SI4705-KELA-main/greennovate/vendor/laravel/framework/src/Illuminate/Routing/Router.php(821): Illuminate/Pipeline/Pipeline->then(Object(Closure))
#32 C:/PPL-SI4705-KelA/greennovate/SI4705-KELA-main/greennovate/vendor/laravel/framework/src/Illuminate/Routing/Router.php(800): Illuminate/Routing/Router->runRouteWithinStack(Object(Illuminate/Routing/Route), Object(Illuminate/Http/Request))
#33 C:/PPL-SI4705-KelA/greennovate/SI4705-KELA-main/greennovate/vendor/laravel/framework/src/Illuminate/Routing/Router.php(764): Illuminate/Routing/Router->runRoute(Object(Illuminate/Http/Request), Object(Illuminate/Routing/Route))
#34 C:/PPL-SI4705-KelA/greennovate/SI4705-KELA-main/greennovate/vendor/laravel/framework/src/Illuminate/Routing/Router.php(753): Illuminate/Routing/Router->dispatchToRoute(Object(Illuminate/Http/Request))
#35 C:/PPL-SI4705-KelA/greennovate/SI4705-KELA-main/greennovate/vendor/laravel/framework/src/Illuminate/Foundation/Http/Kernel.php(200): Illuminate/Routing/Router->dispatch(Object(Illuminate/Http/Request))
#36 C:/PPL-SI4705-KelA/greennovate/SI4705-KELA-main/greennovate/vendor/laravel/framework/src/Illuminate/Pipeline/Pipeline.php(180): Illuminate/Foundation/Http/Kernel->Illuminate/Foundation/Http/{closure}(Object(Illuminate/Http/Request))
#37 C:/PPL-SI4705-KelA/greennovate/SI4705-KELA-main/greennovate/vendor/laravel/framework/src/Illuminate/Foundation/Http/Middleware/TransformsRequest.php(21): Illuminate/Pipeline/Pipeline->Illuminate/Pipeline/{closure}(Object(Illuminate/Http/Request))
#38 C:/PPL-SI4705-KelA/greennovate/SI4705-KELA-main/greennovate/vendor/laravel/framework/src/Illuminate/Foundation/Http/Middleware/ConvertEmptyStringsToNull.php(31): Illuminate/Foundation/Http/Middleware/TransformsRequest->handle(Object(Illuminate/Http/Request), Object(Closure))
#39 C:/PPL-SI4705-KelA/greennovate/SI4705-KELA-main/greennovate/vendor/laravel/framework/src/Illuminate/Pipeline/Pipeline.php(219): Illuminate/Foundation/Http/Middleware/ConvertEmptyStringsToNull->handle(Object(Illuminate/Http/Request), Object(Closure))
#40 C:/PPL-SI4705-KelA/greennovate/SI4705-KELA-main/greennovate/vendor/laravel/framework/src/Illuminate/Foundation/Http/Middleware/TransformsRequest.php(21): Illuminate/Pipeline/Pipeline->Illuminate/Pipeline/{closure}(Object(Illuminate/Http/Request))
#41 C:/PPL-SI4705-KelA/greennovate/SI4705-KELA-main/greennovate/vendor/laravel/framework/src/Illuminate/Foundation/Http/Middleware/TrimStrings.php(51): Illuminate/Foundation/Http/Middleware/TransformsRequest->handle(Object(Illuminate/Http/Request), Object(Closure))
#42 C:/PPL-SI4705-KelA/greennovate/SI4705-KELA-main/greennovate/vendor/laravel/framework/src/Illuminate/Pipeline/Pipeline.php(219): Illuminate/Foundation/Http/Middleware/TrimStrings->handle(Object(Illuminate/Http/Request), Object(Closure))
#43 C:/PPL-SI4705-KelA/greennovate/SI4705-KELA-main/greennovate/vendor/laravel/framework/src/Illuminate/Http/Middleware/ValidatePostSize.php(27): Illuminate/Pipeline/Pipeline->Illuminate/Pipeline/{closure}(Object(Illuminate/Http/Request))
#44 C:/PPL-SI4705-KelA/greennovate/SI4705-KELA-main/greennovate/vendor/laravel/framework/src/Illuminate/Pipeline/Pipeline.php(219): Illuminate/Http/Middleware/ValidatePostSize->handle(Object(Illuminate/Http/Request), Object(Closure))
#45 C:/PPL-SI4705-KelA/greennovate/SI4705-KELA-main/greennovate/vendor/laravel/framework/src/Illuminate/Foundation/Http/Middleware/PreventRequestsDuringMaintenance.php(109): Illuminate/Pipeline/Pipeline->Illuminate/Pipeline/{closure}(Object(Illuminate/Http/Request))
#46 C:/PPL-SI4705-KelA/greennovate/SI4705-KELA-main/greennovate/vendor/laravel/framework/src/Illuminate/Pipeline/Pipeline.php(219): Illuminate/Foundation/Http/Middleware/PreventRequestsDuringMaintenance->handle(Object(Illuminate/Http/Request), Object(Closure))
#47 C:/PPL-SI4705-KelA/greennovate/SI4705-KELA-main/greennovate/vendor/laravel/framework/src/Illuminate/Http/Middleware/HandleCors.php(61): Illuminate/Pipeline/Pipeline->Illuminate/Pipeline/{closure}(Object(Illuminate/Http/Request))
#48 C:/PPL-SI4705-KelA/greennovate/SI4705-KELA-main/greennovate/vendor/laravel/framework/src/Illuminate/Pipeline/Pipeline.php(219): Illuminate/Http/Middleware/HandleCors->handle(Object(Illuminate/Http/Request), Object(Closure))
#49 C:/PPL-SI4705-KelA/greennovate/SI4705-KELA-main/greennovate/vendor/laravel/framework/src/Illuminate/Http/Middleware/TrustProxies.php(58): Illuminate/Pipeline/Pipeline->Illuminate/Pipeline/{closure}(Object(Illuminate/Http/Request))
#50 C:/PPL-SI4705-KelA/greennovate/SI4705-KELA-main/greennovate/vendor/laravel/framework/src/Illuminate/Pipeline/Pipeline.php(219): Illuminate/Http/Middleware/TrustProxies->handle(Object(Illuminate/Http/Request), Object(Closure))
#51 C:/PPL-SI4705-KelA/greennovate/SI4705-KELA-main/greennovate/vendor/laravel/framework/src/Illuminate/Foundation/Http/Middleware/InvokeDeferredCallbacks.php(22): Illuminate/Pipeline/Pipeline->Illuminate/Pipeline/{closure}(Object(Illuminate/Http/Request))
#52 C:/PPL-SI4705-KelA/greennovate/SI4705-KELA-main/greennovate/vendor/laravel/framework/src/Illuminate/Pipeline/Pipeline.php(219): Illuminate/Foundation/Http/Middleware/InvokeDeferredCallbacks->handle(Object(Illuminate/Http/Request), Object(Closure))
#53 C:/PPL-SI4705-KelA/greennovate/SI4705-KELA-main/greennovate/vendor/laravel/framework/src/Illuminate/Http/Middleware/ValidatePathEncoding.php(26): Illuminate/Pipeline/Pipeline->Illuminate/Pipeline/{closure}(Object(Illuminate/Http/Request))
#54 C:/PPL-SI4705-KelA/greennovate/SI4705-KELA-main/greennovate/vendor/laravel/framework/src/Illuminate/Pipeline/Pipeline.php(219): Illuminate/Http/Middleware/ValidatePathEncoding->handle(Object(Illuminate/Http/Request), Object(Closure))
#55 C:/PPL-SI4705-KelA/greennovate/SI4705-KELA-main/greennovate/vendor/laravel/framework/src/Illuminate/Pipeline/Pipeline.php(137): Illuminate/Pipeline/Pipeline->Illuminate/Pipeline/{closure}(Object(Illuminate/Http/Request))
#56 C:/PPL-SI4705-KelA/greennovate/SI4705-KELA-main/greennovate/vendor/laravel/framework/src/Illuminate/Foundation/Http/Kernel.php(175): Illuminate/Pipeline/Pipeline->then(Object(Closure))
#57 C:/PPL-SI4705-KelA/greennovate/SI4705-KELA-main/greennovate/vendor/laravel/framework/src/Illuminate/Foundation/Http/Kernel.php(144): Illuminate/Foundation/Http/Kernel->sendRequestThroughRouter(Object(Illuminate/Http/Request))
#58 C:/PPL-SI4705-KelA/greennovate/SI4705-KELA-main/greennovate/vendor/laravel/framework/src/Illuminate/Foundation/Application.php(1220): Illuminate/Foundation/Http/Kernel->handle(Object(Illuminate/Http/Request))
#59 C:/PPL-SI4705-KelA/greennovate/SI4705-KELA-main/greennovate/public/index.php(20): Illuminate/Foundation/Application->handleRequest(Object(Illuminate/Http/Request))
#60 C:/PPL-SI4705-KelA/greennovate/SI4705-KELA-main/greennovate/vendor/laravel/framework/src/Illuminate/Foundation/resources/server.php(23): require_once('C://PPL-SI4705-K...')
#61 {main}

[previous exception] [object] (ReflectionException(code: -1): Class \"AdminChatController\" does not exist at C:/PPL-SI4705-KelA/greennovate/SI4705-KELA-main/greennovate/vendor/laravel/framework/src/Illuminate/Container/Container.php:1122)
[stacktrace]
#0 C:/PPL-SI4705-KelA/greennovate/SI4705-KELA-main/greennovate/vendor/laravel/framework/src/Illuminate/Container/Container.php(1122): ReflectionClass->__construct('AdminChatContro...')
#1 C:/PPL-SI4705-KelA/greennovate/SI4705-KELA-main/greennovate/vendor/laravel/framework/src/Illuminate/Container/Container.php(933): Illuminate/Container/Container->build('AdminChatContro...')
#2 C:/PPL-SI4705-KelA/greennovate/SI4705-KELA-main/greennovate/vendor/laravel/framework/src/Illuminate/Foundation/Application.php(1078): Illuminate/Container/Container->resolve('AdminChatContro...', Array, true)
#3 C:/PPL-SI4705-KelA/greennovate/SI4705-KELA-main/greennovate/vendor/laravel/framework/src/Illuminate/Container/Container.php(864): Illuminate/Foundation/Application->resolve('AdminChatContro...', Array)
#4 C:/PPL-SI4705-KelA/greennovate/SI4705-KELA-main/greennovate/vendor/laravel/framework/src/Illuminate/Foundation/Application.php(1058): Illuminate/Container/Container->make('AdminChatContro...', Array)
#5 C:/PPL-SI4705-KelA/greennovate/SI4705-KELA-main/greennovate/vendor/laravel/framework/src/Illuminate/Routing/Route.php(286): Illuminate/Foundation/Application->make('AdminChatContro...')
#6 C:/PPL-SI4705-KelA/greennovate/SI4705-KELA-main/greennovate/vendor/laravel/framework/src/Illuminate/Routing/Route.php(266): Illuminate/Routing/Route->getController()
#7 C:/PPL-SI4705-KelA/greennovate/SI4705-KELA-main/greennovate/vendor/laravel/framework/src/Illuminate/Routing/Route.php(211): Illuminate/Routing/Route->runController()
#8 C:/PPL-SI4705-KelA/greennovate/SI4705-KELA-main/greennovate/vendor/laravel/framework/src/Illuminate/Routing/Router.php(822): Illuminate/Routing/Route->run()
#9 C:/PPL-SI4705-KelA/greennovate/SI4705-KELA-main/greennovate/vendor/laravel/framework/src/Illuminate/Pipeline/Pipeline.php(180): Illuminate/Routing/Router->Illuminate/Routing/{closure}(Object(Illuminate/Http/Request))
#10 C:/PPL-SI4705-KelA/greennovate/SI4705-KELA-main/greennovate/app/Http/Middleware/IsAdmin.php(22): Illuminate/Pipeline/Pipeline->Illuminate/Pipeline/{closure}(Object(Illuminate/Http/Request))
#11 C:/PPL-SI4705-KelA/greennovate/SI4705-KELA-main/greennovate/vendor/laravel/framework/src/Illuminate/Pipeline/Pipeline.php(219): App/Http/Middleware/IsAdmin->handle(Object(Illuminate/Http/Request), Object(Closure))
#12 C:/PPL-SI4705-KelA/greennovate/SI4705-KELA-main/greennovate/app/Http/Middleware/CheckActive.php(29): Illuminate/Pipeline/Pipeline->Illuminate/Pipeline/{closure}(Object(Illuminate/Http/Request))
#13 C:/PPL-SI4705-KelA/greennovate/SI4705-KELA-main/greennovate/vendor/laravel/framework/src/Illuminate/Pipeline/Pipeline.php(219): App/Http/Middleware/CheckActive->handle(Object(Illuminate/Http/Request), Object(Closure))
#14 C:/PPL-SI4705-KelA/greennovate/SI4705-KELA-main/greennovate/app/Http/Middleware/SetLocale.php(39): Illuminate/Pipeline/Pipeline->Illuminate/Pipeline/{closure}(Object(Illuminate/Http/Request))
#15 C:/PPL-SI4705-KelA/greennovate/SI4705-KELA-main/greennovate/vendor/laravel/framework/src/Illuminate/Pipeline/Pipeline.php(219): App/Http/Middleware/SetLocale->handle(Object(Illuminate/Http/Request), Object(Closure))
#16 C:/PPL-SI4705-KelA/greennovate/SI4705-KELA-main/greennovate/vendor/laravel/framework/src/Illuminate/Routing/Middleware/SubstituteBindings.php(50): Illuminate/Pipeline/Pipeline->Illuminate/Pipeline/{closure}(Object(Illuminate/Http/Request))
#17 C:/PPL-SI4705-KelA/greennovate/SI4705-KELA-main/greennovate/vendor/laravel/framework/src/Illuminate/Pipeline/Pipeline.php(219): Illuminate/Routing/Middleware/SubstituteBindings->handle(Object(Illuminate/Http/Request), Object(Closure))
#18 C:/PPL-SI4705-KelA/greennovate/SI4705-KELA-main/greennovate/vendor/laravel/framework/src/Illuminate/Auth/Middleware/Authenticate.php(63): Illuminate/Pipeline/Pipeline->Illuminate/Pipeline/{closure}(Object(Illuminate/Http/Request))
#19 C:/PPL-SI4705-KelA/greennovate/SI4705-KELA-main/greennovate/vendor/laravel/framework/src/Illuminate/Pipeline/Pipeline.php(219): Illuminate/Auth/Middleware/Authenticate->handle(Object(Illuminate/Http/Request), Object(Closure))
#20 C:/PPL-SI4705-KelA/greennovate/SI4705-KELA-main/greennovate/vendor/laravel/framework/src/Illuminate/Foundation/Http/Middleware/VerifyCsrfToken.php(87): Illuminate/Pipeline/Pipeline->Illuminate/Pipeline/{closure}(Object(Illuminate/Http/Request))
#21 C:/PPL-SI4705-KelA/greennovate/SI4705-KELA-main/greennovate/vendor/laravel/framework/src/Illuminate/Pipeline/Pipeline.php(219): Illuminate/Foundation/Http/Middleware/VerifyCsrfToken->handle(Object(Illuminate/Http/Request), Object(Closure))
#22 C:/PPL-SI4705-KelA/greennovate/SI4705-KELA-main/greennovate/vendor/laravel/framework/src/Illuminate/View/Middleware/ShareErrorsFromSession.php(48): Illuminate/Pipeline/Pipeline->Illuminate/Pipeline/{closure}(Object(Illuminate/Http/Request))
#23 C:/PPL-SI4705-KelA/greennovate/SI4705-KELA-main/greennovate/vendor/laravel/framework/src/Illuminate/Pipeline/Pipeline.php(219): Illuminate/View/Middleware/ShareErrorsFromSession->handle(Object(Illuminate/Http/Request), Object(Closure))
#24 C:/PPL-SI4705-KelA/greennovate/SI4705-KELA-main/greennovate/vendor/laravel/framework/src/Illuminate/Session/Middleware/StartSession.php(120): Illuminate/Pipeline/Pipeline->Illuminate/Pipeline/{closure}(Object(Illuminate/Http/Request))
#25 C:/PPL-SI4705-KelA/greennovate/SI4705-KELA-main/greennovate/vendor/laravel/framework/src/Illuminate/Session/Middleware/StartSession.php(63): Illuminate/Session/Middleware/StartSession->handleStatefulRequest(Object(Illuminate/Http/Request), Object(Illuminate/Session/Store), Object(Closure))
#26 C:/PPL-SI4705-KelA/greennovate/SI4705-KELA-main/greennovate/vendor/laravel/framework/src/Illuminate/Pipeline/Pipeline.php(219): Illuminate/Session/Middleware/StartSession->handle(Object(Illuminate/Http/Request), Object(Closure))
#27 C:/PPL-SI4705-KelA/greennovate/SI4705-KELA-main/greennovate/vendor/laravel/framework/src/Illuminate/Cookie/Middleware/AddQueuedCookiesToResponse.php(36): Illuminate/Pipeline/Pipeline->Illuminate/Pipeline/{closure}(Object(Illuminate/Http/Request))
#28 C:/PPL-SI4705-KelA/greennovate/SI4705-KELA-main/greennovate/vendor/laravel/framework/src/Illuminate/Pipeline/Pipeline.php(219): Illuminate/Cookie/Middleware/AddQueuedCookiesToResponse->handle(Object(Illuminate/Http/Request), Object(Closure))
#29 C:/PPL-SI4705-KelA/greennovate/SI4705-KELA-main/greennovate/vendor/laravel/framework/src/Illuminate/Cookie/Middleware/EncryptCookies.php(74): Illuminate/Pipeline/Pipeline->Illuminate/Pipeline/{closure}(Object(Illuminate/Http/Request))
#30 C:/PPL-SI4705-KelA/greennovate/SI4705-KELA-main/greennovate/vendor/laravel/framework/src/Illuminate/Pipeline/Pipeline.php(219): Illuminate/Cookie/Middleware/EncryptCookies->handle(Object(Illuminate/Http/Request), Object(Closure))
#31 C:/PPL-SI4705-KelA/greennovate/SI4705-KELA-main/greennovate/vendor/laravel/framework/src/Illuminate/Pipeline/Pipeline.php(137): Illuminate/Pipeline/Pipeline->Illuminate/Pipeline/{closure}(Object(Illuminate/Http/Request))
#32 C:/PPL-SI4705-KelA/greennovate/SI4705-KELA-main/greennovate/vendor/laravel/framework/src/Illuminate/Routing/Router.php(821): Illuminate/Pipeline/Pipeline->then(Object(Closure))
#33 C:/PPL-SI4705-KelA/greennovate/SI4705-KELA-main/greennovate/vendor/laravel/framework/src/Illuminate/Routing/Router.php(800): Illuminate/Routing/Router->runRouteWithinStack(Object(Illuminate/Routing/Route), Object(Illuminate/Http/Request))
#34 C:/PPL-SI4705-KelA/greennovate/SI4705-KELA-main/greennovate/vendor/laravel/framework/src/Illuminate/Routing/Router.php(764): Illuminate/Routing/Router->runRoute(Object(Illuminate/Http/Request), Object(Illuminate/Routing/Route))
#35 C:/PPL-SI4705-KelA/greennovate/SI4705-KELA-main/greennovate/vendor/laravel/framework/src/Illuminate/Routing/Router.php(753): Illuminate/Routing/Router->dispatchToRoute(Object(Illuminate/Http/Request))
#36 C:/PPL-SI4705-KelA/greennovate/SI4705-KELA-main/greennovate/vendor/laravel/framework/src/Illuminate/Foundation/Http/Kernel.php(200): Illuminate/Routing/Router->dispatch(Object(Illuminate/Http/Request))
#37 C:/PPL-SI4705-KelA/greennovate/SI4705-KELA-main/greennovate/vendor/laravel/framework/src/Illuminate/Pipeline/Pipeline.php(180): Illuminate/Foundation/Http/Kernel->Illuminate/Foundation/Http/{closure}(Object(Illuminate/Http/Request))
#38 C:/PPL-SI4705-KelA/greennovate/SI4705-KELA-main/greennovate/vendor/laravel/framework/src/Illuminate/Foundation/Http/Middleware/TransformsRequest.php(21): Illuminate/Pipeline/Pipeline->Illuminate/Pipeline/{closure}(Object(Illuminate/Http/Request))
#39 C:/PPL-SI4705-KelA/greennovate/SI4705-KELA-main/greennovate/vendor/laravel/framework/src/Illuminate/Foundation/Http/Middleware/ConvertEmptyStringsToNull.php(31): Illuminate/Foundation/Http/Middleware/TransformsRequest->handle(Object(Illuminate/Http/Request), Object(Closure))
#40 C:/PPL-SI4705-KelA/greennovate/SI4705-KELA-main/greennovate/vendor/laravel/framework/src/Illuminate/Pipeline/Pipeline.php(219): Illuminate/Foundation/Http/Middleware/ConvertEmptyStringsToNull->handle(Object(Illuminate/Http/Request), Object(Closure))
#41 C:/PPL-SI4705-KelA/greennovate/SI4705-KELA-main/greennovate/vendor/laravel/framework/src/Illuminate/Foundation/Http/Middleware/TransformsRequest.php(21): Illuminate/Pipeline/Pipeline->Illuminate/Pipeline/{closure}(Object(Illuminate/Http/Request))
#42 C:/PPL-SI4705-KelA/greennovate/SI4705-KELA-main/greennovate/vendor/laravel/framework/src/Illuminate/Foundation/Http/Middleware/TrimStrings.php(51): Illuminate/Foundation/Http/Middleware/TransformsRequest->handle(Object(Illuminate/Http/Request), Object(Closure))
#43 C:/PPL-SI4705-KelA/greennovate/SI4705-KELA-main/greennovate/vendor/laravel/framework/src/Illuminate/Pipeline/Pipeline.php(219): Illuminate/Foundation/Http/Middleware/TrimStrings->handle(Object(Illuminate/Http/Request), Object(Closure))
#44 C:/PPL-SI4705-KelA/greennovate/SI4705-KELA-main/greennovate/vendor/laravel/framework/src/Illuminate/Http/Middleware/ValidatePostSize.php(27): Illuminate/Pipeline/Pipeline->Illuminate/Pipeline/{closure}(Object(Illuminate/Http/Request))
#45 C:/PPL-SI4705-KelA/greennovate/SI4705-KELA-main/greennovate/vendor/laravel/framework/src/Illuminate/Pipeline/Pipeline.php(219): Illuminate/Http/Middleware/ValidatePostSize->handle(Object(Illuminate/Http/Request), Object(Closure))
#46 C:/PPL-SI4705-KelA/greennovate/SI4705-KELA-main/greennovate/vendor/laravel/framework/src/Illuminate/Foundation/Http/Middleware/PreventRequestsDuringMaintenance.php(109): Illuminate/Pipeline/Pipeline->Illuminate/Pipeline/{closure}(Object(Illuminate/Http/Request))
#47 C:/PPL-SI4705-KelA/greennovate/SI4705-KELA-main/greennovate/vendor/laravel/framework/src/Illuminate/Pipeline/Pipeline.php(219): Illuminate/Foundation/Http/Middleware/PreventRequestsDuringMaintenance->handle(Object(Illuminate/Http/Request), Object(Closure))
#48 C:/PPL-SI4705-KelA/greennovate/SI4705-KELA-main/greennovate/vendor/laravel/framework/src/Illuminate/Http/Middleware/HandleCors.php(61): Illuminate/Pipeline/Pipeline->Illuminate/Pipeline/{closure}(Object(Illuminate/Http/Request))
#49 C:/PPL-SI4705-KelA/greennovate/SI4705-KELA-main/greennovate/vendor/laravel/framework/src/Illuminate/Pipeline/Pipeline.php(219): Illuminate/Http/Middleware/HandleCors->handle(Object(Illuminate/Http/Request), Object(Closure))
#50 C:/PPL-SI4705-KelA/greennovate/SI4705-KELA-main/greennovate/vendor/laravel/framework/src/Illuminate/Http/Middleware/TrustProxies.php(58): Illuminate/Pipeline/Pipeline->Illuminate/Pipeline/{closure}(Object(Illuminate/Http/Request))
#51 C:/PPL-SI4705-KelA/greennovate/SI4705-KELA-main/greennovate/vendor/laravel/framework/src/Illuminate/Pipeline/Pipeline.php(219): Illuminate/Http/Middleware/TrustProxies->handle(Object(Illuminate/Http/Request), Object(Closure))
#52 C:/PPL-SI4705-KelA/greennovate/SI4705-KELA-main/greennovate/vendor/laravel/framework/src/Illuminate/Foundation/Http/Middleware/InvokeDeferredCallbacks.php(22): Illuminate/Pipeline/Pipeline->Illuminate/Pipeline/{closure}(Object(Illuminate/Http/Request))
#53 C:/PPL-SI4705-KelA/greennovate/SI4705-KELA-main/greennovate/vendor/laravel/framework/src/Illuminate/Pipeline/Pipeline.php(219): Illuminate/Foundation/Http/Middleware/InvokeDeferredCallbacks->handle(Object(Illuminate/Http/Request), Object(Closure))
#54 C:/PPL-SI4705-KelA/greennovate/SI4705-KELA-main/greennovate/vendor/laravel/framework/src/Illuminate/Http/Middleware/ValidatePathEncoding.php(26): Illuminate/Pipeline/Pipeline->Illuminate/Pipeline/{closure}(Object(Illuminate/Http/Request))
#55 C:/PPL-SI4705-KelA/greennovate/SI4705-KELA-main/greennovate/vendor/laravel/framework/src/Illuminate/Pipeline/Pipeline.php(219): Illuminate/Http/Middleware/ValidatePathEncoding->handle(Object(Illuminate/Http/Request), Object(Closure))
#56 C:/PPL-SI4705-KelA/greennovate/SI4705-KELA-main/greennovate/vendor/laravel/framework/src/Illuminate/Pipeline/Pipeline.php(137): Illuminate/Pipeline/Pipeline->Illuminate/Pipeline/{closure}(Object(Illuminate/Http/Request))
#57 C:/PPL-SI4705-KelA/greennovate/SI4705-KELA-main/greennovate/vendor/laravel/framework/src/Illuminate/Foundation/Http/Kernel.php(175): Illuminate/Pipeline/Pipeline->then(Object(Closure))
#58 C:/PPL-SI4705-KelA/greennovate/SI4705-KELA-main/greennovate/vendor/laravel/framework/src/Illuminate/Foundation/Http/Kernel.php(144): Illuminate/Foundation/Http/Kernel->sendRequestThroughRouter(Object(Illuminate/Http/Request))
#59 C:/PPL-SI4705-KelA/greennovate/SI4705-KELA-main/greennovate/vendor/laravel/framework/src/Illuminate/Foundation/Application.php(1220): Illuminate/Foundation/Http/Kernel->handle(Object(Illuminate/Http/Request))
#60 C:/PPL-SI4705-KelA/greennovate/SI4705-KELA-main/greennovate/public/index.php(20): Illuminate/Foundation/Application->handleRequest(Object(Illuminate/Http/Request))
#61 C:/PPL-SI4705-KelA/greennovate/SI4705-KELA-main/greennovate/vendor/laravel/framework/src/Illuminate/Foundation/resources/server.php(23): require_once('C://PPL-SI4705-K...')
#62 {main}
"} 
[2026-06-01 14:42:21] local.ERROR: Route [chat.index] not defined. (View: C:\PPL-SI4705-KelA\greennovate\SI4705-KELA-main\greennovate\resources\views\layouts\auth.blade.php) (View: C:\PPL-SI4705-KelA\greennovate\SI4705-KELA-main\greennovate\resources\views\layouts\auth.blade.php) {"userId":3,"exception":"[object] (Illuminate\\View\\ViewException(code: 0): Route [chat.index] not defined. (View: C:\\PPL-SI4705-KelA\\greennovate\\SI4705-KELA-main\\greennovate\\resources\\views\\layouts\\auth.blade.php) (View: C:\\PPL-SI4705-KelA\\greennovate\\SI4705-KELA-main\\greennovate\\resources\\views\\layouts\\auth.blade.php) at C:/PPL-SI4705-KelA/greennovate/SI4705-KELA-main/greennovate/vendor/laravel/framework/src/Illuminate/Routing/UrlGenerator.php:528)
[stacktrace]
#0 C:/PPL-SI4705-KelA/greennovate/SI4705-KELA-main/greennovate/vendor/laravel/framework/src/Illuminate/View/Engines/PhpEngine.php(59): Illuminate/View/Engines/CompilerEngine->handleViewException(Object(Illuminate/View/ViewException), 1)
#1 C:/PPL-SI4705-KelA/greennovate/SI4705-KELA-main/greennovate/vendor/laravel/framework/src/Illuminate/View/Engines/CompilerEngine.php(76): Illuminate/View/Engines/PhpEngine->evaluatePath('C://PPL-SI4705-K...', Array)
#2 C:/PPL-SI4705-KelA/greennovate/SI4705-KELA-main/greennovate/vendor/laravel/framework/src/Illuminate/View/View.php(208): Illuminate/View/Engines/CompilerEngine->get('C://PPL-SI4705-K...', Array)
#3 C:/PPL-SI4705-KelA/greennovate/SI4705-KELA-main/greennovate/vendor/laravel/framework/src/Illuminate/View/View.php(191): Illuminate/View/View->getContents()
#4 C:/PPL-SI4705-KelA/greennovate/SI4705-KELA-main/greennovate/vendor/laravel/framework/src/Illuminate/View/View.php(160): Illuminate/View/View->renderContents()
#5 C:/PPL-SI4705-KelA/greennovate/SI4705-KELA-main/greennovate/vendor/laravel/framework/src/Illuminate/Http/Response.php(78): Illuminate/View/View->render()
#6 C:/PPL-SI4705-KelA/greennovate/SI4705-KELA-main/greennovate/vendor/laravel/framework/src/Illuminate/Http/Response.php(34): Illuminate/Http/Response->setContent(Object(Illuminate/View/View))
#7 C:/PPL-SI4705-KelA/greennovate/SI4705-KELA-main/greennovate/vendor/laravel/framework/src/Illuminate/Routing/Router.php(939): Illuminate/Http/Response->__construct(Object(Illuminate/View/View), 200, Array)
#8 C:/PPL-SI4705-KelA/greennovate/SI4705-KELA-main/greennovate/vendor/laravel/framework/src/Illuminate/Routing/Router.php(906): Illuminate/Routing/Router::toResponse(Object(Illuminate/Http/Request), Object(Illuminate/View/View))
#9 C:/PPL-SI4705-KelA/greennovate/SI4705-KELA-main/greennovate/vendor/laravel/framework/src/Illuminate/Routing/Router.php(821): Illuminate/Routing/Router->prepareResponse(Object(Illuminate/Http/Request), Object(Illuminate/View/View))
#10 C:/PPL-SI4705-KelA/greennovate/SI4705-KELA-main/greennovate/vendor/laravel/framework/src/Illuminate/Pipeline/Pipeline.php(180): Illuminate/Routing/Router->Illuminate/Routing/{closure}(Object(Illuminate/Http/Request))
#11 C:/PPL-SI4705-KelA/greennovate/SI4705-KELA-main/greennovate/app/Http/Middleware/CheckActive.php(29): Illuminate/Pipeline/Pipeline->Illuminate/Pipeline/{closure}(Object(Illuminate/Http/Request))
#12 C:/PPL-SI4705-KelA/greennovate/SI4705-KELA-main/greennovate/vendor/laravel/framework/src/Illuminate/Pipeline/Pipeline.php(219): App/Http/Middleware/CheckActive->handle(Object(Illuminate/Http/Request), Object(Closure))
#13 C:/PPL-SI4705-KelA/greennovate/SI4705-KELA-main/greennovate/app/Http/Middleware/SetLocale.php(39): Illuminate/Pipeline/Pipeline->Illuminate/Pipeline/{closure}(Object(Illuminate/Http/Request))
#14 C:/PPL-SI4705-KelA/greennovate/SI4705-KELA-main/greennovate/vendor/laravel/framework/src/Illuminate/Pipeline/Pipeline.php(219): App/Http/Middleware/SetLocale->handle(Object(Illuminate/Http/Request), Object(Closure))
#15 C:/PPL-SI4705-KelA/greennovate/SI4705-KELA-main/greennovate/vendor/laravel/framework/src/Illuminate/Routing/Middleware/SubstituteBindings.php(50): Illuminate/Pipeline/Pipeline->Illuminate/Pipeline/{closure}(Object(Illuminate/Http/Request))
#16 C:/PPL-SI4705-KelA/greennovate/SI4705-KELA-main/greennovate/vendor/laravel/framework/src/Illuminate/Pipeline/Pipeline.php(219): Illuminate/Routing/Middleware/SubstituteBindings->handle(Object(Illuminate/Http/Request), Object(Closure))
#17 C:/PPL-SI4705-KelA/greennovate/SI4705-KELA-main/greennovate/vendor/laravel/framework/src/Illuminate/Auth/Middleware/Authenticate.php(63): Illuminate/Pipeline/Pipeline->Illuminate/Pipeline/{closure}(Object(Illuminate/Http/Request))
#18 C:/PPL-SI4705-KelA/greennovate/SI4705-KELA-main/greennovate/vendor/laravel/framework/src/Illuminate/Pipeline/Pipeline.php(219): Illuminate/Auth/Middleware/Authenticate->handle(Object(Illuminate/Http/Request), Object(Closure))
#19 C:/PPL-SI4705-KelA/greennovate/SI4705-KELA-main/greennovate/vendor/laravel/framework/src/Illuminate/Foundation/Http/Middleware/VerifyCsrfToken.php(87): Illuminate/Pipeline/Pipeline->Illuminate/Pipeline/{closure}(Object(Illuminate/Http/Request))
#20 C:/PPL-SI4705-KelA/greennovate/SI4705-KELA-main/greennovate/vendor/laravel/framework/src/Illuminate/Pipeline/Pipeline.php(219): Illuminate/Foundation/Http/Middleware/VerifyCsrfToken->handle(Object(Illuminate/Http/Request), Object(Closure))
#21 C:/PPL-SI4705-KelA/greennovate/SI4705-KELA-main/greennovate/vendor/laravel/framework/src/Illuminate/View/Middleware/ShareErrorsFromSession.php(48): Illuminate/Pipeline/Pipeline->Illuminate/Pipeline/{closure}(Object(Illuminate/Http/Request))
#22 C:/PPL-SI4705-KelA/greennovate/SI4705-KELA-main/greennovate/vendor/laravel/framework/src/Illuminate/Pipeline/Pipeline.php(219): Illuminate/View/Middleware/ShareErrorsFromSession->handle(Object(Illuminate/Http/Request), Object(Closure))
#23 C:/PPL-SI4705-KelA/greennovate/SI4705-KELA-main/greennovate/vendor/laravel/framework/src/Illuminate/Session/Middleware/StartSession.php(120): Illuminate/Pipeline/Pipeline->Illuminate/Pipeline/{closure}(Object(Illuminate/Http/Request))
#24 C:/PPL-SI4705-KelA/greennovate/SI4705-KELA-main/greennovate/vendor/laravel/framework/src/Illuminate/Session/Middleware/StartSession.php(63): Illuminate/Session/Middleware/StartSession->handleStatefulRequest(Object(Illuminate/Http/Request), Object(Illuminate/Session/Store), Object(Closure))
#25 C:/PPL-SI4705-KelA/greennovate/SI4705-KELA-main/greennovate/vendor/laravel/framework/src/Illuminate/Pipeline/Pipeline.php(219): Illuminate/Session/Middleware/StartSession->handle(Object(Illuminate/Http/Request), Object(Closure))
#26 C:/PPL-SI4705-KelA/greennovate/SI4705-KELA-main/greennovate/vendor/laravel/framework/src/Illuminate/Cookie/Middleware/AddQueuedCookiesToResponse.php(36): Illuminate/Pipeline/Pipeline->Illuminate/Pipeline/{closure}(Object(Illuminate/Http/Request))
#27 C:/PPL-SI4705-KelA/greennovate/SI4705-KELA-main/greennovate/vendor/laravel/framework/src/Illuminate/Pipeline/Pipeline.php(219): Illuminate/Cookie/Middleware/AddQueuedCookiesToResponse->handle(Object(Illuminate/Http/Request), Object(Closure))
#28 C:/PPL-SI4705-KelA/greennovate/SI4705-KELA-main/greennovate/vendor/laravel/framework/src/Illuminate/Cookie/Middleware/EncryptCookies.php(74): Illuminate/Pipeline/Pipeline->Illuminate/Pipeline/{closure}(Object(Illuminate/Http/Request))
#29 C:/PPL-SI4705-KelA/greennovate/SI4705-KELA-main/greennovate/vendor/laravel/framework/src/Illuminate/Pipeline/Pipeline.php(219): Illuminate/Cookie/Middleware/EncryptCookies->handle(Object(Illuminate/Http/Request), Object(Closure))
#30 C:/PPL-SI4705-KelA/greennovate/SI4705-KELA-main/greennovate/vendor/laravel/framework/src/Illuminate/Pipeline/Pipeline.php(137): Illuminate/Pipeline/Pipeline->Illuminate/Pipeline/{closure}(Object(Illuminate/Http/Request))
#31 C:/PPL-SI4705-KelA/greennovate/SI4705-KELA-main/greennovate/vendor/laravel/framework/src/Illuminate/Routing/Router.php(821): Illuminate/Pipeline/Pipeline->then(Object(Closure))
#32 C:/PPL-SI4705-KelA/greennovate/SI4705-KELA-main/greennovate/vendor/laravel/framework/src/Illuminate/Routing/Router.php(800): Illuminate/Routing/Router->runRouteWithinStack(Object(Illuminate/Routing/Route), Object(Illuminate/Http/Request))
#33 C:/PPL-SI4705-KelA/greennovate/SI4705-KELA-main/greennovate/vendor/laravel/framework/src/Illuminate/Routing/Router.php(764): Illuminate/Routing/Router->runRoute(Object(Illuminate/Http/Request), Object(Illuminate/Routing/Route))
#34 C:/PPL-SI4705-KelA/greennovate/SI4705-KELA-main/greennovate/vendor/laravel/framework/src/Illuminate/Routing/Router.php(753): Illuminate/Routing/Router->dispatchToRoute(Object(Illuminate/Http/Request))
#35 C:/PPL-SI4705-KelA/greennovate/SI4705-KELA-main/greennovate/vendor/laravel/framework/src/Illuminate/Foundation/Http/Kernel.php(200): Illuminate/Routing/Router->dispatch(Object(Illuminate/Http/Request))
#36 C:/PPL-SI4705-KelA/greennovate/SI4705-KELA-main/greennovate/vendor/laravel/framework/src/Illuminate/Pipeline/Pipeline.php(180): Illuminate/Foundation/Http/Kernel->Illuminate/Foundation/Http/{closure}(Object(Illuminate/Http/Request))
#37 C:/PPL-SI4705-KelA/greennovate/SI4705-KELA-main/greennovate/vendor/laravel/framework/src/Illuminate/Foundation/Http/Middleware/TransformsRequest.php(21): Illuminate/Pipeline/Pipeline->Illuminate/Pipeline/{closure}(Object(Illuminate/Http/Request))
#38 C:/PPL-SI4705-KelA/greennovate/SI4705-KELA-main/greennovate/vendor/laravel/framework/src/Illuminate/Foundation/Http/Middleware/ConvertEmptyStringsToNull.php(31): Illuminate/Foundation/Http/Middleware/TransformsRequest->handle(Object(Illuminate/Http/Request), Object(Closure))
#39 C:/PPL-SI4705-KelA/greennovate/SI4705-KELA-main/greennovate/vendor/laravel/framework/src/Illuminate/Pipeline/Pipeline.php(219): Illuminate/Foundation/Http/Middleware/ConvertEmptyStringsToNull->handle(Object(Illuminate/Http/Request), Object(Closure))
#40 C:/PPL-SI4705-KelA/greennovate/SI4705-KELA-main/greennovate/vendor/laravel/framework/src/Illuminate/Foundation/Http/Middleware/TransformsRequest.php(21): Illuminate/Pipeline/Pipeline->Illuminate/Pipeline/{closure}(Object(Illuminate/Http/Request))
#41 C:/PPL-SI4705-KelA/greennovate/SI4705-KELA-main/greennovate/vendor/laravel/framework/src/Illuminate/Foundation/Http/Middleware/TrimStrings.php(51): Illuminate/Foundation/Http/Middleware/TransformsRequest->handle(Object(Illuminate/Http/Request), Object(Closure))
#42 C:/PPL-SI4705-KelA/greennovate/SI4705-KELA-main/greennovate/vendor/laravel/framework/src/Illuminate/Pipeline/Pipeline.php(219): Illuminate/Foundation/Http/Middleware/TrimStrings->handle(Object(Illuminate/Http/Request), Object(Closure))
#43 C:/PPL-SI4705-KelA/greennovate/SI4705-KELA-main/greennovate/vendor/laravel/framework/src/Illuminate/Http/Middleware/ValidatePostSize.php(27): Illuminate/Pipeline/Pipeline->Illuminate/Pipeline/{closure}(Object(Illuminate/Http/Request))
#44 C:/PPL-SI4705-KelA/greennovate/SI4705-KELA-main/greennovate/vendor/laravel/framework/src/Illuminate/Pipeline/Pipeline.php(219): Illuminate/Http/Middleware/ValidatePostSize->handle(Object(Illuminate/Http/Request), Object(Closure))
#45 C:/PPL-SI4705-KelA/greennovate/SI4705-KELA-main/greennovate/vendor/laravel/framework/src/Illuminate/Foundation/Http/Middleware/PreventRequestsDuringMaintenance.php(109): Illuminate/Pipeline/Pipeline->Illuminate/Pipeline/{closure}(Object(Illuminate/Http/Request))
#46 C:/PPL-SI4705-KelA/greennovate/SI4705-KELA-main/greennovate/vendor/laravel/framework/src/Illuminate/Pipeline/Pipeline.php(219): Illuminate/Foundation/Http/Middleware/PreventRequestsDuringMaintenance->handle(Object(Illuminate/Http/Request), Object(Closure))
#47 C:/PPL-SI4705-KelA/greennovate/SI4705-KELA-main/greennovate/vendor/laravel/framework/src/Illuminate/Http/Middleware/HandleCors.php(61): Illuminate/Pipeline/Pipeline->Illuminate/Pipeline/{closure}(Object(Illuminate/Http/Request))
#48 C:/PPL-SI4705-KelA/greennovate/SI4705-KELA-main/greennovate/vendor/laravel/framework/src/Illuminate/Pipeline/Pipeline.php(219): Illuminate/Http/Middleware/HandleCors->handle(Object(Illuminate/Http/Request), Object(Closure))
#49 C:/PPL-SI4705-KelA/greennovate/SI4705-KELA-main/greennovate/vendor/laravel/framework/src/Illuminate/Http/Middleware/TrustProxies.php(58): Illuminate/Pipeline/Pipeline->Illuminate/Pipeline/{closure}(Object(Illuminate/Http/Request))
#50 C:/PPL-SI4705-KelA/greennovate/SI4705-KELA-main/greennovate/vendor/laravel/framework/src/Illuminate/Pipeline/Pipeline.php(219): Illuminate/Http/Middleware/TrustProxies->handle(Object(Illuminate/Http/Request), Object(Closure))
#51 C:/PPL-SI4705-KelA/greennovate/SI4705-KELA-main/greennovate/vendor/laravel/framework/src/Illuminate/Foundation/Http/Middleware/InvokeDeferredCallbacks.php(22): Illuminate/Pipeline/Pipeline->Illuminate/Pipeline/{closure}(Object(Illuminate/Http/Request))
#52 C:/PPL-SI4705-KelA/greennovate/SI4705-KELA-main/greennovate/vendor/laravel/framework/src/Illuminate/Pipeline/Pipeline.php(219): Illuminate/Foundation/Http/Middleware/InvokeDeferredCallbacks->handle(Object(Illuminate/Http/Request), Object(Closure))
#53 C:/PPL-SI4705-KelA/greennovate/SI4705-KELA-main/greennovate/vendor/laravel/framework/src/Illuminate/Http/Middleware/ValidatePathEncoding.php(26): Illuminate/Pipeline/Pipeline->Illuminate/Pipeline/{closure}(Object(Illuminate/Http/Request))
#54 C:/PPL-SI4705-KelA/greennovate/SI4705-KELA-main/greennovate/vendor/laravel/framework/src/Illuminate/Pipeline/Pipeline.php(219): Illuminate/Http/Middleware/ValidatePathEncoding->handle(Object(Illuminate/Http/Request), Object(Closure))
#55 C:/PPL-SI4705-KelA/greennovate/SI4705-KELA-main/greennovate/vendor/laravel/framework/src/Illuminate/Pipeline/Pipeline.php(137): Illuminate/Pipeline/Pipeline->Illuminate/Pipeline/{closure}(Object(Illuminate/Http/Request))
#56 C:/PPL-SI4705-KelA/greennovate/SI4705-KELA-main/greennovate/vendor/laravel/framework/src/Illuminate/Foundation/Http/Kernel.php(175): Illuminate/Pipeline/Pipeline->then(Object(Closure))
#57 C:/PPL-SI4705-KelA/greennovate/SI4705-KELA-main/greennovate/vendor/laravel/framework/src/Illuminate/Foundation/Http/Kernel.php(144): Illuminate/Foundation/Http/Kernel->sendRequestThroughRouter(Object(Illuminate/Http/Request))
#58 C:/PPL-SI4705-KelA/greennovate/SI4705-KELA-main/greennovate/vendor/laravel/framework/src/Illuminate/Foundation/Application.php(1220): Illuminate/Foundation/Http/Kernel->handle(Object(Illuminate/Http/Request))
#59 C:/PPL-SI4705-KelA/greennovate/SI4705-KELA-main/greennovate/public/index.php(20): Illuminate/Foundation/Application->handleRequest(Object(Illuminate/Http/Request))
#60 C:/PPL-SI4705-KelA/greennovate/SI4705-KELA-main/greennovate/vendor/laravel/framework/src/Illuminate/Foundation/resources/server.php(23): require_once('C://PPL-SI4705-K...')
#61 {main}

[previous exception] [object] (Illuminate\\View\\ViewException(code: 0): Route [chat.index] not defined. (View: C:\\PPL-SI4705-KelA\\greennovate\\SI4705-KELA-main\\greennovate\\resources\\views\\layouts\\auth.blade.php) at C:/PPL-SI4705-KelA/greennovate/SI4705-KELA-main/greennovate/vendor/laravel/framework/src/Illuminate/Routing/UrlGenerator.php:528)
[stacktrace]
#0 C:/PPL-SI4705-KelA/greennovate/SI4705-KELA-main/greennovate/vendor/laravel/framework/src/Illuminate/View/Engines/PhpEngine.php(59): Illuminate/View/Engines/CompilerEngine->handleViewException(Object(Symfony/Component/Routing/Exception/RouteNotFoundException), 2)
#1 C:/PPL-SI4705-KelA/greennovate/SI4705-KELA-main/greennovate/vendor/laravel/framework/src/Illuminate/View/Engines/CompilerEngine.php(76): Illuminate/View/Engines/PhpEngine->evaluatePath('C://PPL-SI4705-K...', Array)
#2 C:/PPL-SI4705-KelA/greennovate/SI4705-KELA-main/greennovate/vendor/laravel/framework/src/Illuminate/View/View.php(208): Illuminate/View/Engines/CompilerEngine->get('C://PPL-SI4705-K...', Array)
#3 C:/PPL-SI4705-KelA/greennovate/SI4705-KELA-main/greennovate/vendor/laravel/framework/src/Illuminate/View/View.php(191): Illuminate/View/View->getContents()
#4 C:/PPL-SI4705-KelA/greennovate/SI4705-KELA-main/greennovate/vendor/laravel/framework/src/Illuminate/View/View.php(160): Illuminate/View/View->renderContents()
#5 C:/PPL-SI4705-KelA/greennovate/SI4705-KELA-main/greennovate/storage/framework/views/cc12efc38fb7604434cf7eba6f439dce.php(68): Illuminate/View/View->render()
#6 C:/PPL-SI4705-KelA/greennovate/SI4705-KELA-main/greennovate/vendor/laravel/framework/src/Illuminate/Filesystem/Filesystem.php(123): require('C://PPL-SI4705-K...')
#7 C:/PPL-SI4705-KelA/greennovate/SI4705-KELA-main/greennovate/vendor/laravel/framework/src/Illuminate/Filesystem/Filesystem.php(124): Illuminate/Filesystem/Filesystem::Illuminate/Filesystem/{closure}()
#8 C:/PPL-SI4705-KelA/greennovate/SI4705-KELA-main/greennovate/vendor/laravel/framework/src/Illuminate/View/Engines/PhpEngine.php(57): Illuminate/Filesystem/Filesystem->getRequire('C://PPL-SI4705-K...', Array)
#9 C:/PPL-SI4705-KelA/greennovate/SI4705-KELA-main/greennovate/vendor/laravel/framework/src/Illuminate/View/Engines/CompilerEngine.php(76): Illuminate/View/Engines/PhpEngine->evaluatePath('C://PPL-SI4705-K...', Array)
#10 C:/PPL-SI4705-KelA/greennovate/SI4705-KELA-main/greennovate/vendor/laravel/framework/src/Illuminate/View/View.php(208): Illuminate/View/Engines/CompilerEngine->get('C://PPL-SI4705-K...', Array)
#11 C:/PPL-SI4705-KelA/greennovate/SI4705-KELA-main/greennovate/vendor/laravel/framework/src/Illuminate/View/View.php(191): Illuminate/View/View->getContents()
#12 C:/PPL-SI4705-KelA/greennovate/SI4705-KELA-main/greennovate/vendor/laravel/framework/src/Illuminate/View/View.php(160): Illuminate/View/View->renderContents()
#13 C:/PPL-SI4705-KelA/greennovate/SI4705-KELA-main/greennovate/vendor/laravel/framework/src/Illuminate/Http/Response.php(78): Illuminate/View/View->render()
#14 C:/PPL-SI4705-KelA/greennovate/SI4705-KELA-main/greennovate/vendor/laravel/framework/src/Illuminate/Http/Response.php(34): Illuminate/Http/Response->setContent(Object(Illuminate/View/View))
#15 C:/PPL-SI4705-KelA/greennovate/SI4705-KELA-main/greennovate/vendor/laravel/framework/src/Illuminate/Routing/Router.php(939): Illuminate/Http/Response->__construct(Object(Illuminate/View/View), 200, Array)
#16 C:/PPL-SI4705-KelA/greennovate/SI4705-KELA-main/greennovate/vendor/laravel/framework/src/Illuminate/Routing/Router.php(906): Illuminate/Routing/Router::toResponse(Object(Illuminate/Http/Request), Object(Illuminate/View/View))
#17 C:/PPL-SI4705-KelA/greennovate/SI4705-KELA-main/greennovate/vendor/laravel/framework/src/Illuminate/Routing/Router.php(821): Illuminate/Routing/Router->prepareResponse(Object(Illuminate/Http/Request), Object(Illuminate/View/View))
#18 C:/PPL-SI4705-KelA/greennovate/SI4705-KELA-main/greennovate/vendor/laravel/framework/src/Illuminate/Pipeline/Pipeline.php(180): Illuminate/Routing/Router->Illuminate/Routing/{closure}(Object(Illuminate/Http/Request))
#19 C:/PPL-SI4705-KelA/greennovate/SI4705-KELA-main/greennovate/app/Http/Middleware/CheckActive.php(29): Illuminate/Pipeline/Pipeline->Illuminate/Pipeline/{closure}(Object(Illuminate/Http/Request))
#20 C:/PPL-SI4705-KelA/greennovate/SI4705-KELA-main/greennovate/vendor/laravel/framework/src/Illuminate/Pipeline/Pipeline.php(219): App/Http/Middleware/CheckActive->handle(Object(Illuminate/Http/Request), Object(Closure))
#21 C:/PPL-SI4705-KelA/greennovate/SI4705-KELA-main/greennovate/app/Http/Middleware/SetLocale.php(39): Illuminate/Pipeline/Pipeline->Illuminate/Pipeline/{closure}(Object(Illuminate/Http/Request))
#22 C:/PPL-SI4705-KelA/greennovate/SI4705-KELA-main/greennovate/vendor/laravel/framework/src/Illuminate/Pipeline/Pipeline.php(219): App/Http/Middleware/SetLocale->handle(Object(Illuminate/Http/Request), Object(Closure))
#23 C:/PPL-SI4705-KelA/greennovate/SI4705-KELA-main/greennovate/vendor/laravel/framework/src/Illuminate/Routing/Middleware/SubstituteBindings.php(50): Illuminate/Pipeline/Pipeline->Illuminate/Pipeline/{closure}(Object(Illuminate/Http/Request))
#24 C:/PPL-SI4705-KelA/greennovate/SI4705-KELA-main/greennovate/vendor/laravel/framework/src/Illuminate/Pipeline/Pipeline.php(219): Illuminate/Routing/Middleware/SubstituteBindings->handle(Object(Illuminate/Http/Request), Object(Closure))
#25 C:/PPL-SI4705-KelA/greennovate/SI4705-KELA-main/greennovate/vendor/laravel/framework/src/Illuminate/Auth/Middleware/Authenticate.php(63): Illuminate/Pipeline/Pipeline->Illuminate/Pipeline/{closure}(Object(Illuminate/Http/Request))
#26 C:/PPL-SI4705-KelA/greennovate/SI4705-KELA-main/greennovate/vendor/laravel/framework/src/Illuminate/Pipeline/Pipeline.php(219): Illuminate/Auth/Middleware/Authenticate->handle(Object(Illuminate/Http/Request), Object(Closure))
#27 C:/PPL-SI4705-KelA/greennovate/SI4705-KELA-main/greennovate/vendor/laravel/framework/src/Illuminate/Foundation/Http/Middleware/VerifyCsrfToken.php(87): Illuminate/Pipeline/Pipeline->Illuminate/Pipeline/{closure}(Object(Illuminate/Http/Request))
#28 C:/PPL-SI4705-KelA/greennovate/SI4705-KELA-main/greennovate/vendor/laravel/framework/src/Illuminate/Pipeline/Pipeline.php(219): Illuminate/Foundation/Http/Middleware/VerifyCsrfToken->handle(Object(Illuminate/Http/Request), Object(Closure))
#29 C:/PPL-SI4705-KelA/greennovate/SI4705-KELA-main/greennovate/vendor/laravel/framework/src/Illuminate/View/Middleware/ShareErrorsFromSession.php(48): Illuminate/Pipeline/Pipeline->Illuminate/Pipeline/{closure}(Object(Illuminate/Http/Request))
#30 C:/PPL-SI4705-KelA/greennovate/SI4705-KELA-main/greennovate/vendor/laravel/framework/src/Illuminate/Pipeline/Pipeline.php(219): Illuminate/View/Middleware/ShareErrorsFromSession->handle(Object(Illuminate/Http/Request), Object(Closure))
#31 C:/PPL-SI4705-KelA/greennovate/SI4705-KELA-main/greennovate/vendor/laravel/framework/src/Illuminate/Session/Middleware/StartSession.php(120): Illuminate/Pipeline/Pipeline->Illuminate/Pipeline/{closure}(Object(Illuminate/Http/Request))
#32 C:/PPL-SI4705-KelA/greennovate/SI4705-KELA-main/greennovate/vendor/laravel/framework/src/Illuminate/Session/Middleware/StartSession.php(63): Illuminate/Session/Middleware/StartSession->handleStatefulRequest(Object(Illuminate/Http/Request), Object(Illuminate/Session/Store), Object(Closure))
#33 C:/PPL-SI4705-KelA/greennovate/SI4705-KELA-main/greennovate/vendor/laravel/framework/src/Illuminate/Pipeline/Pipeline.php(219): Illuminate/Session/Middleware/StartSession->handle(Object(Illuminate/Http/Request), Object(Closure))
#34 C:/PPL-SI4705-KelA/greennovate/SI4705-KELA-main/greennovate/vendor/laravel/framework/src/Illuminate/Cookie/Middleware/AddQueuedCookiesToResponse.php(36): Illuminate/Pipeline/Pipeline->Illuminate/Pipeline/{closure}(Object(Illuminate/Http/Request))
#35 C:/PPL-SI4705-KelA/greennovate/SI4705-KELA-main/greennovate/vendor/laravel/framework/src/Illuminate/Pipeline/Pipeline.php(219): Illuminate/Cookie/Middleware/AddQueuedCookiesToResponse->handle(Object(Illuminate/Http/Request), Object(Closure))
#36 C:/PPL-SI4705-KelA/greennovate/SI4705-KELA-main/greennovate/vendor/laravel/framework/src/Illuminate/Cookie/Middleware/EncryptCookies.php(74): Illuminate/Pipeline/Pipeline->Illuminate/Pipeline/{closure}(Object(Illuminate/Http/Request))
#37 C:/PPL-SI4705-KelA/greennovate/SI4705-KELA-main/greennovate/vendor/laravel/framework/src/Illuminate/Pipeline/Pipeline.php(219): Illuminate/Cookie/Middleware/EncryptCookies->handle(Object(Illuminate/Http/Request), Object(Closure))
#38 C:/PPL-SI4705-KelA/greennovate/SI4705-KELA-main/greennovate/vendor/laravel/framework/src/Illuminate/Pipeline/Pipeline.php(137): Illuminate/Pipeline/Pipeline->Illuminate/Pipeline/{closure}(Object(Illuminate/Http/Request))
#39 C:/PPL-SI4705-KelA/greennovate/SI4705-KELA-main/greennovate/vendor/laravel/framework/src/Illuminate/Routing/Router.php(821): Illuminate/Pipeline/Pipeline->then(Object(Closure))
#40 C:/PPL-SI4705-KelA/greennovate/SI4705-KELA-main/greennovate/vendor/laravel/framework/src/Illuminate/Routing/Router.php(800): Illuminate/Routing/Router->runRouteWithinStack(Object(Illuminate/Routing/Route), Object(Illuminate/Http/Request))
#41 C:/PPL-SI4705-KelA/greennovate/SI4705-KELA-main/greennovate/vendor/laravel/framework/src/Illuminate/Routing/Router.php(764): Illuminate/Routing/Router->runRoute(Object(Illuminate/Http/Request), Object(Illuminate/Routing/Route))
#42 C:/PPL-SI4705-KelA/greennovate/SI4705-KELA-main/greennovate/vendor/laravel/framework/src/Illuminate/Routing/Router.php(753): Illuminate/Routing/Router->dispatchToRoute(Object(Illuminate/Http/Request))
#43 C:/PPL-SI4705-KelA/greennovate/SI4705-KELA-main/greennovate/vendor/laravel/framework/src/Illuminate/Foundation/Http/Kernel.php(200): Illuminate/Routing/Router->dispatch(Object(Illuminate/Http/Request))
#44 C:/PPL-SI4705-KelA/greennovate/SI4705-KELA-main/greennovate/vendor/laravel/framework/src/Illuminate/Pipeline/Pipeline.php(180): Illuminate/Foundation/Http/Kernel->Illuminate/Foundation/Http/{closure}(Object(Illuminate/Http/Request))
#45 C:/PPL-SI4705-KelA/greennovate/SI4705-KELA-main/greennovate/vendor/laravel/framework/src/Illuminate/Foundation/Http/Middleware/TransformsRequest.php(21): Illuminate/Pipeline/Pipeline->Illuminate/Pipeline/{closure}(Object(Illuminate/Http/Request))
#46 C:/PPL-SI4705-KelA/greennovate/SI4705-KELA-main/greennovate/vendor/laravel/framework/src/Illuminate/Foundation/Http/Middleware/ConvertEmptyStringsToNull.php(31): Illuminate/Foundation/Http/Middleware/TransformsRequest->handle(Object(Illuminate/Http/Request), Object(Closure))
#47 C:/PPL-SI4705-KelA/greennovate/SI4705-KELA-main/greennovate/vendor/laravel/framework/src/Illuminate/Pipeline/Pipeline.php(219): Illuminate/Foundation/Http/Middleware/ConvertEmptyStringsToNull->handle(Object(Illuminate/Http/Request), Object(Closure))
#48 C:/PPL-SI4705-KelA/greennovate/SI4705-KELA-main/greennovate/vendor/laravel/framework/src/Illuminate/Foundation/Http/Middleware/TransformsRequest.php(21): Illuminate/Pipeline/Pipeline->Illuminate/Pipeline/{closure}(Object(Illuminate/Http/Request))
#49 C:/PPL-SI4705-KelA/greennovate/SI4705-KELA-main/greennovate/vendor/laravel/framework/src/Illuminate/Foundation/Http/Middleware/TrimStrings.php(51): Illuminate/Foundation/Http/Middleware/TransformsRequest->handle(Object(Illuminate/Http/Request), Object(Closure))
#50 C:/PPL-SI4705-KelA/greennovate/SI4705-KELA-main/greennovate/vendor/laravel/framework/src/Illuminate/Pipeline/Pipeline.php(219): Illuminate/Foundation/Http/Middleware/TrimStrings->handle(Object(Illuminate/Http/Request), Object(Closure))
#51 C:/PPL-SI4705-KelA/greennovate/SI4705-KELA-main/greennovate/vendor/laravel/framework/src/Illuminate/Http/Middleware/ValidatePostSize.php(27): Illuminate/Pipeline/Pipeline->Illuminate/Pipeline/{closure}(Object(Illuminate/Http/Request))
#52 C:/PPL-SI4705-KelA/greennovate/SI4705-KELA-main/greennovate/vendor/laravel/framework/src/Illuminate/Pipeline/Pipeline.php(219): Illuminate/Http/Middleware/ValidatePostSize->handle(Object(Illuminate/Http/Request), Object(Closure))
#53 C:/PPL-SI4705-KelA/greennovate/SI4705-KELA-main/greennovate/vendor/laravel/framework/src/Illuminate/Foundation/Http/Middleware/PreventRequestsDuringMaintenance.php(109): Illuminate/Pipeline/Pipeline->Illuminate/Pipeline/{closure}(Object(Illuminate/Http/Request))
#54 C:/PPL-SI4705-KelA/greennovate/SI4705-KELA-main/greennovate/vendor/laravel/framework/src/Illuminate/Pipeline/Pipeline.php(219): Illuminate/Foundation/Http/Middleware/PreventRequestsDuringMaintenance->handle(Object(Illuminate/Http/Request), Object(Closure))
#55 C:/PPL-SI4705-KelA/greennovate/SI4705-KELA-main/greennovate/vendor/laravel/framework/src/Illuminate/Http/Middleware/HandleCors.php(61): Illuminate/Pipeline/Pipeline->Illuminate/Pipeline/{closure}(Object(Illuminate/Http/Request))
#56 C:/PPL-SI4705-KelA/greennovate/SI4705-KELA-main/greennovate/vendor/laravel/framework/src/Illuminate/Pipeline/Pipeline.php(219): Illuminate/Http/Middleware/HandleCors->handle(Object(Illuminate/Http/Request), Object(Closure))
#57 C:/PPL-SI4705-KelA/greennovate/SI4705-KELA-main/greennovate/vendor/laravel/framework/src/Illuminate/Http/Middleware/TrustProxies.php(58): Illuminate/Pipeline/Pipeline->Illuminate/Pipeline/{closure}(Object(Illuminate/Http/Request))
#58 C:/PPL-SI4705-KelA/greennovate/SI4705-KELA-main/greennovate/vendor/laravel/framework/src/Illuminate/Pipeline/Pipeline.php(219): Illuminate/Http/Middleware/TrustProxies->handle(Object(Illuminate/Http/Request), Object(Closure))
#59 C:/PPL-SI4705-KelA/greennovate/SI4705-KELA-main/greennovate/vendor/laravel/framework/src/Illuminate/Foundation/Http/Middleware/InvokeDeferredCallbacks.php(22): Illuminate/Pipeline/Pipeline->Illuminate/Pipeline/{closure}(Object(Illuminate/Http/Request))
#60 C:/PPL-SI4705-KelA/greennovate/SI4705-KELA-main/greennovate/vendor/laravel/framework/src/Illuminate/Pipeline/Pipeline.php(219): Illuminate/Foundation/Http/Middleware/InvokeDeferredCallbacks->handle(Object(Illuminate/Http/Request), Object(Closure))
#61 C:/PPL-SI4705-KelA/greennovate/SI4705-KELA-main/greennovate/vendor/laravel/framework/src/Illuminate/Http/Middleware/ValidatePathEncoding.php(26): Illuminate/Pipeline/Pipeline->Illuminate/Pipeline/{closure}(Object(Illuminate/Http/Request))
#62 C:/PPL-SI4705-KelA/greennovate/SI4705-KELA-main/greennovate/vendor/laravel/framework/src/Illuminate/Pipeline/Pipeline.php(219): Illuminate/Http/Middleware/ValidatePathEncoding->handle(Object(Illuminate/Http/Request), Object(Closure))
#63 C:/PPL-SI4705-KelA/greennovate/SI4705-KELA-main/greennovate/vendor/laravel/framework/src/Illuminate/Pipeline/Pipeline.php(137): Illuminate/Pipeline/Pipeline->Illuminate/Pipeline/{closure}(Object(Illuminate/Http/Request))
#64 C:/PPL-SI4705-KelA/greennovate/SI4705-KELA-main/greennovate/vendor/laravel/framework/src/Illuminate/Foundation/Http/Kernel.php(175): Illuminate/Pipeline/Pipeline->then(Object(Closure))
#65 C:/PPL-SI4705-KelA/greennovate/SI4705-KELA-main/greennovate/vendor/laravel/framework/src/Illuminate/Foundation/Http/Kernel.php(144): Illuminate/Foundation/Http/Kernel->sendRequestThroughRouter(Object(Illuminate/Http/Request))
#66 C:/PPL-SI4705-KelA/greennovate/SI4705-KELA-main/greennovate/vendor/laravel/framework/src/Illuminate/Foundation/Application.php(1220): Illuminate/Foundation/Http/Kernel->handle(Object(Illuminate/Http/Request))
#67 C:/PPL-SI4705-KelA/greennovate/SI4705-KELA-main/greennovate/public/index.php(20): Illuminate/Foundation/Application->handleRequest(Object(Illuminate/Http/Request))
#68 C:/PPL-SI4705-KelA/greennovate/SI4705-KELA-main/greennovate/vendor/laravel/framework/src/Illuminate/Foundation/resources/server.php(23): require_once('C://PPL-SI4705-K...')
#69 {main}

[previous exception] [object] (Symfony\\Component\\Routing\\Exception\\RouteNotFoundException(code: 0): Route [chat.index] not defined. at C:/PPL-SI4705-KelA/greennovate/SI4705-KELA-main/greennovate/vendor/laravel/framework/src/Illuminate/Routing/UrlGenerator.php:528)
[stacktrace]
#0 C:/PPL-SI4705-KelA/greennovate/SI4705-KELA-main/greennovate/vendor/laravel/framework/src/Illuminate/Foundation/helpers.php(870): Illuminate/Routing/UrlGenerator->route('chat.index', Array, true)
#1 C:/PPL-SI4705-KelA/greennovate/SI4705-KELA-main/greennovate/storage/framework/views/0da7a4f7ba1bc7ece0bd305f499a91c3.php(88): route('chat.index')
#2 C:/PPL-SI4705-KelA/greennovate/SI4705-KELA-main/greennovate/vendor/laravel/framework/src/Illuminate/Filesystem/Filesystem.php(123): require('C://PPL-SI4705-K...')
#3 C:/PPL-SI4705-KelA/greennovate/SI4705-KELA-main/greennovate/vendor/laravel/framework/src/Illuminate/Filesystem/Filesystem.php(124): Illuminate/Filesystem/Filesystem::Illuminate/Filesystem/{closure}()
#4 C:/PPL-SI4705-KelA/greennovate/SI4705-KELA-main/greennovate/vendor/laravel/framework/src/Illuminate/View/Engines/PhpEngine.php(57): Illuminate/Filesystem/Filesystem->getRequire('C://PPL-SI4705-K...', Array)
#5 C:/PPL-SI4705-KelA/greennovate/SI4705-KELA-main/greennovate/vendor/laravel/framework/src/Illuminate/View/Engines/CompilerEngine.php(76): Illuminate/View/Engines/PhpEngine->evaluatePath('C://PPL-SI4705-K...', Array)
#6 C:/PPL-SI4705-KelA/greennovate/SI4705-KELA-main/greennovate/vendor/laravel/framework/src/Illuminate/View/View.php(208): Illuminate/View/Engines/CompilerEngine->get('C://PPL-SI4705-K...', Array)
#7 C:/PPL-SI4705-KelA/greennovate/SI4705-KELA-main/greennovate/vendor/laravel/framework/src/Illuminate/View/View.php(191): Illuminate/View/View->getContents()
#8 C:/PPL-SI4705-KelA/greennovate/SI4705-KELA-main/greennovate/vendor/laravel/framework/src/Illuminate/View/View.php(160): Illuminate/View/View->renderContents()
#9 C:/PPL-SI4705-KelA/greennovate/SI4705-KELA-main/greennovate/storage/framework/views/cc12efc38fb7604434cf7eba6f439dce.php(68): Illuminate/View/View->render()
#10 C:/PPL-SI4705-KelA/greennovate/SI4705-KELA-main/greennovate/vendor/laravel/framework/src/Illuminate/Filesystem/Filesystem.php(123): require('C://PPL-SI4705-K...')
#11 C:/PPL-SI4705-KelA/greennovate/SI4705-KELA-main/greennovate/vendor/laravel/framework/src/Illuminate/Filesystem/Filesystem.php(124): Illuminate/Filesystem/Filesystem::Illuminate/Filesystem/{closure}()
#12 C:/PPL-SI4705-KelA/greennovate/SI4705-KELA-main/greennovate/vendor/laravel/framework/src/Illuminate/View/Engines/PhpEngine.php(57): Illuminate/Filesystem/Filesystem->getRequire('C://PPL-SI4705-K...', Array)
#13 C:/PPL-SI4705-KelA/greennovate/SI4705-KELA-main/greennovate/vendor/laravel/framework/src/Illuminate/View/Engines/CompilerEngine.php(76): Illuminate/View/Engines/PhpEngine->evaluatePath('C://PPL-SI4705-K...', Array)
#14 C:/PPL-SI4705-KelA/greennovate/SI4705-KELA-main/greennovate/vendor/laravel/framework/src/Illuminate/View/View.php(208): Illuminate/View/Engines/CompilerEngine->get('C://PPL-SI4705-K...', Array)
#15 C:/PPL-SI4705-KelA/greennovate/SI4705-KELA-main/greennovate/vendor/laravel/framework/src/Illuminate/View/View.php(191): Illuminate/View/View->getContents()
#16 C:/PPL-SI4705-KelA/greennovate/SI4705-KELA-main/greennovate/vendor/laravel/framework/src/Illuminate/View/View.php(160): Illuminate/View/View->renderContents()
#17 C:/PPL-SI4705-KelA/greennovate/SI4705-KELA-main/greennovate/vendor/laravel/framework/src/Illuminate/Http/Response.php(78): Illuminate/View/View->render()
#18 C:/PPL-SI4705-KelA/greennovate/SI4705-KELA-main/greennovate/vendor/laravel/framework/src/Illuminate/Http/Response.php(34): Illuminate/Http/Response->setContent(Object(Illuminate/View/View))
#19 C:/PPL-SI4705-KelA/greennovate/SI4705-KELA-main/greennovate/vendor/laravel/framework/src/Illuminate/Routing/Router.php(939): Illuminate/Http/Response->__construct(Object(Illuminate/View/View), 200, Array)
#20 C:/PPL-SI4705-KelA/greennovate/SI4705-KELA-main/greennovate/vendor/laravel/framework/src/Illuminate/Routing/Router.php(906): Illuminate/Routing/Router::toResponse(Object(Illuminate/Http/Request), Object(Illuminate/View/View))
#21 C:/PPL-SI4705-KelA/greennovate/SI4705-KELA-main/greennovate/vendor/laravel/framework/src/Illuminate/Routing/Router.php(821): Illuminate/Routing/Router->prepareResponse(Object(Illuminate/Http/Request), Object(Illuminate/View/View))
#22 C:/PPL-SI4705-KelA/greennovate/SI4705-KELA-main/greennovate/vendor/laravel/framework/src/Illuminate/Pipeline/Pipeline.php(180): Illuminate/Routing/Router->Illuminate/Routing/{closure}(Object(Illuminate/Http/Request))
#23 C:/PPL-SI4705-KelA/greennovate/SI4705-KELA-main/greennovate/app/Http/Middleware/CheckActive.php(29): Illuminate/Pipeline/Pipeline->Illuminate/Pipeline/{closure}(Object(Illuminate/Http/Request))
#24 C:/PPL-SI4705-KelA/greennovate/SI4705-KELA-main/greennovate/vendor/laravel/framework/src/Illuminate/Pipeline/Pipeline.php(219): App/Http/Middleware/CheckActive->handle(Object(Illuminate/Http/Request), Object(Closure))
#25 C:/PPL-SI4705-KelA/greennovate/SI4705-KELA-main/greennovate/app/Http/Middleware/SetLocale.php(39): Illuminate/Pipeline/Pipeline->Illuminate/Pipeline/{closure}(Object(Illuminate/Http/Request))
#26 C:/PPL-SI4705-KelA/greennovate/SI4705-KELA-main/greennovate/vendor/laravel/framework/src/Illuminate/Pipeline/Pipeline.php(219): App/Http/Middleware/SetLocale->handle(Object(Illuminate/Http/Request), Object(Closure))
#27 C:/PPL-SI4705-KelA/greennovate/SI4705-KELA-main/greennovate/vendor/laravel/framework/src/Illuminate/Routing/Middleware/SubstituteBindings.php(50): Illuminate/Pipeline/Pipeline->Illuminate/Pipeline/{closure}(Object(Illuminate/Http/Request))
#28 C:/PPL-SI4705-KelA/greennovate/SI4705-KELA-main/greennovate/vendor/laravel/framework/src/Illuminate/Pipeline/Pipeline.php(219): Illuminate/Routing/Middleware/SubstituteBindings->handle(Object(Illuminate/Http/Request), Object(Closure))
#29 C:/PPL-SI4705-KelA/greennovate/SI4705-KELA-main/greennovate/vendor/laravel/framework/src/Illuminate/Auth/Middleware/Authenticate.php(63): Illuminate/Pipeline/Pipeline->Illuminate/Pipeline/{closure}(Object(Illuminate/Http/Request))
#30 C:/PPL-SI4705-KelA/greennovate/SI4705-KELA-main/greennovate/vendor/laravel/framework/src/Illuminate/Pipeline/Pipeline.php(219): Illuminate/Auth/Middleware/Authenticate->handle(Object(Illuminate/Http/Request), Object(Closure))
#31 C:/PPL-SI4705-KelA/greennovate/SI4705-KELA-main/greennovate/vendor/laravel/framework/src/Illuminate/Foundation/Http/Middleware/VerifyCsrfToken.php(87): Illuminate/Pipeline/Pipeline->Illuminate/Pipeline/{closure}(Object(Illuminate/Http/Request))
#32 C:/PPL-SI4705-KelA/greennovate/SI4705-KELA-main/greennovate/vendor/laravel/framework/src/Illuminate/Pipeline/Pipeline.php(219): Illuminate/Foundation/Http/Middleware/VerifyCsrfToken->handle(Object(Illuminate/Http/Request), Object(Closure))
#33 C:/PPL-SI4705-KelA/greennovate/SI4705-KELA-main/greennovate/vendor/laravel/framework/src/Illuminate/View/Middleware/ShareErrorsFromSession.php(48): Illuminate/Pipeline/Pipeline->Illuminate/Pipeline/{closure}(Object(Illuminate/Http/Request))
#34 C:/PPL-SI4705-KelA/greennovate/SI4705-KELA-main/greennovate/vendor/laravel/framework/src/Illuminate/Pipeline/Pipeline.php(219): Illuminate/View/Middleware/ShareErrorsFromSession->handle(Object(Illuminate/Http/Request), Object(Closure))
#35 C:/PPL-SI4705-KelA/greennovate/SI4705-KELA-main/greennovate/vendor/laravel/framework/src/Illuminate/Session/Middleware/StartSession.php(120): Illuminate/Pipeline/Pipeline->Illuminate/Pipeline/{closure}(Object(Illuminate/Http/Request))
#36 C:/PPL-SI4705-KelA/greennovate/SI4705-KELA-main/greennovate/vendor/laravel/framework/src/Illuminate/Session/Middleware/StartSession.php(63): Illuminate/Session/Middleware/StartSession->handleStatefulRequest(Object(Illuminate/Http/Request), Object(Illuminate/Session/Store), Object(Closure))
#37 C:/PPL-SI4705-KelA/greennovate/SI4705-KELA-main/greennovate/vendor/laravel/framework/src/Illuminate/Pipeline/Pipeline.php(219): Illuminate/Session/Middleware/StartSession->handle(Object(Illuminate/Http/Request), Object(Closure))
#38 C:/PPL-SI4705-KelA/greennovate/SI4705-KELA-main/greennovate/vendor/laravel/framework/src/Illuminate/Cookie/Middleware/AddQueuedCookiesToResponse.php(36): Illuminate/Pipeline/Pipeline->Illuminate/Pipeline/{closure}(Object(Illuminate/Http/Request))
#39 C:/PPL-SI4705-KelA/greennovate/SI4705-KELA-main/greennovate/vendor/laravel/framework/src/Illuminate/Pipeline/Pipeline.php(219): Illuminate/Cookie/Middleware/AddQueuedCookiesToResponse->handle(Object(Illuminate/Http/Request), Object(Closure))
#40 C:/PPL-SI4705-KelA/greennovate/SI4705-KELA-main/greennovate/vendor/laravel/framework/src/Illuminate/Cookie/Middleware/EncryptCookies.php(74): Illuminate/Pipeline/Pipeline->Illuminate/Pipeline/{closure}(Object(Illuminate/Http/Request))
#41 C:/PPL-SI4705-KelA/greennovate/SI4705-KELA-main/greennovate/vendor/laravel/framework/src/Illuminate/Pipeline/Pipeline.php(219): Illuminate/Cookie/Middleware/EncryptCookies->handle(Object(Illuminate/Http/Request), Object(Closure))
#42 C:/PPL-SI4705-KelA/greennovate/SI4705-KELA-main/greennovate/vendor/laravel/framework/src/Illuminate/Pipeline/Pipeline.php(137): Illuminate/Pipeline/Pipeline->Illuminate/Pipeline/{closure}(Object(Illuminate/Http/Request))
#43 C:/PPL-SI4705-KelA/greennovate/SI4705-KELA-main/greennovate/vendor/laravel/framework/src/Illuminate/Routing/Router.php(821): Illuminate/Pipeline/Pipeline->then(Object(Closure))
#44 C:/PPL-SI4705-KelA/greennovate/SI4705-KELA-main/greennovate/vendor/laravel/framework/src/Illuminate/Routing/Router.php(800): Illuminate/Routing/Router->runRouteWithinStack(Object(Illuminate/Routing/Route), Object(Illuminate/Http/Request))
#45 C:/PPL-SI4705-KelA/greennovate/SI4705-KELA-main/greennovate/vendor/laravel/framework/src/Illuminate/Routing/Router.php(764): Illuminate/Routing/Router->runRoute(Object(Illuminate/Http/Request), Object(Illuminate/Routing/Route))
#46 C:/PPL-SI4705-KelA/greennovate/SI4705-KELA-main/greennovate/vendor/laravel/framework/src/Illuminate/Routing/Router.php(753): Illuminate/Routing/Router->dispatchToRoute(Object(Illuminate/Http/Request))
#47 C:/PPL-SI4705-KelA/greennovate/SI4705-KELA-main/greennovate/vendor/laravel/framework/src/Illuminate/Foundation/Http/Kernel.php(200): Illuminate/Routing/Router->dispatch(Object(Illuminate/Http/Request))
#48 C:/PPL-SI4705-KelA/greennovate/SI4705-KELA-main/greennovate/vendor/laravel/framework/src/Illuminate/Pipeline/Pipeline.php(180): Illuminate/Foundation/Http/Kernel->Illuminate/Foundation/Http/{closure}(Object(Illuminate/Http/Request))
#49 C:/PPL-SI4705-KelA/greennovate/SI4705-KELA-main/greennovate/vendor/laravel/framework/src/Illuminate/Foundation/Http/Middleware/TransformsRequest.php(21): Illuminate/Pipeline/Pipeline->Illuminate/Pipeline/{closure}(Object(Illuminate/Http/Request))
#50 C:/PPL-SI4705-KelA/greennovate/SI4705-KELA-main/greennovate/vendor/laravel/framework/src/Illuminate/Foundation/Http/Middleware/ConvertEmptyStringsToNull.php(31): Illuminate/Foundation/Http/Middleware/TransformsRequest->handle(Object(Illuminate/Http/Request), Object(Closure))
#51 C:/PPL-SI4705-KelA/greennovate/SI4705-KELA-main/greennovate/vendor/laravel/framework/src/Illuminate/Pipeline/Pipeline.php(219): Illuminate/Foundation/Http/Middleware/ConvertEmptyStringsToNull->handle(Object(Illuminate/Http/Request), Object(Closure))
#52 C:/PPL-SI4705-KelA/greennovate/SI4705-KELA-main/greennovate/vendor/laravel/framework/src/Illuminate/Foundation/Http/Middleware/TransformsRequest.php(21): Illuminate/Pipeline/Pipeline->Illuminate/Pipeline/{closure}(Object(Illuminate/Http/Request))
#53 C:/PPL-SI4705-KelA/greennovate/SI4705-KELA-main/greennovate/vendor/laravel/framework/src/Illuminate/Foundation/Http/Middleware/TrimStrings.php(51): Illuminate/Foundation/Http/Middleware/TransformsRequest->handle(Object(Illuminate/Http/Request), Object(Closure))
#54 C:/PPL-SI4705-KelA/greennovate/SI4705-KELA-main/greennovate/vendor/laravel/framework/src/Illuminate/Pipeline/Pipeline.php(219): Illuminate/Foundation/Http/Middleware/TrimStrings->handle(Object(Illuminate/Http/Request), Object(Closure))
#55 C:/PPL-SI4705-KelA/greennovate/SI4705-KELA-main/greennovate/vendor/laravel/framework/src/Illuminate/Http/Middleware/ValidatePostSize.php(27): Illuminate/Pipeline/Pipeline->Illuminate/Pipeline/{closure}(Object(Illuminate/Http/Request))
#56 C:/PPL-SI4705-KelA/greennovate/SI4705-KELA-main/greennovate/vendor/laravel/framework/src/Illuminate/Pipeline/Pipeline.php(219): Illuminate/Http/Middleware/ValidatePostSize->handle(Object(Illuminate/Http/Request), Object(Closure))
#57 C:/PPL-SI4705-KelA/greennovate/SI4705-KELA-main/greennovate/vendor/laravel/framework/src/Illuminate/Foundation/Http/Middleware/PreventRequestsDuringMaintenance.php(109): Illuminate/Pipeline/Pipeline->Illuminate/Pipeline/{closure}(Object(Illuminate/Http/Request))
#58 C:/PPL-SI4705-KelA/greennovate/SI4705-KELA-main/greennovate/vendor/laravel/framework/src/Illuminate/Pipeline/Pipeline.php(219): Illuminate/Foundation/Http/Middleware/PreventRequestsDuringMaintenance->handle(Object(Illuminate/Http/Request), Object(Closure))
#59 C:/PPL-SI4705-KelA/greennovate/SI4705-KELA-main/greennovate/vendor/laravel/framework/src/Illuminate/Http/Middleware/HandleCors.php(61): Illuminate/Pipeline/Pipeline->Illuminate/Pipeline/{closure}(Object(Illuminate/Http/Request))
#60 C:/PPL-SI4705-KelA/greennovate/SI4705-KELA-main/greennovate/vendor/laravel/framework/src/Illuminate/Pipeline/Pipeline.php(219): Illuminate/Http/Middleware/HandleCors->handle(Object(Illuminate/Http/Request), Object(Closure))
#61 C:/PPL-SI4705-KelA/greennovate/SI4705-KELA-main/greennovate/vendor/laravel/framework/src/Illuminate/Http/Middleware/TrustProxies.php(58): Illuminate/Pipeline/Pipeline->Illuminate/Pipeline/{closure}(Object(Illuminate/Http/Request))
#62 C:/PPL-SI4705-KelA/greennovate/SI4705-KELA-main/greennovate/vendor/laravel/framework/src/Illuminate/Pipeline/Pipeline.php(219): Illuminate/Http/Middleware/TrustProxies->handle(Object(Illuminate/Http/Request), Object(Closure))
#63 C:/PPL-SI4705-KelA/greennovate/SI4705-KELA-main/greennovate/vendor/laravel/framework/src/Illuminate/Foundation/Http/Middleware/InvokeDeferredCallbacks.php(22): Illuminate/Pipeline/Pipeline->Illuminate/Pipeline/{closure}(Object(Illuminate/Http/Request))
#64 C:/PPL-SI4705-KelA/greennovate/SI4705-KELA-main/greennovate/vendor/laravel/framework/src/Illuminate/Pipeline/Pipeline.php(219): Illuminate/Foundation/Http/Middleware/InvokeDeferredCallbacks->handle(Object(Illuminate/Http/Request), Object(Closure))
#65 C:/PPL-SI4705-KelA/greennovate/SI4705-KELA-main/greennovate/vendor/laravel/framework/src/Illuminate/Http/Middleware/ValidatePathEncoding.php(26): Illuminate/Pipeline/Pipeline->Illuminate/Pipeline/{closure}(Object(Illuminate/Http/Request))
#66 C:/PPL-SI4705-KelA/greennovate/SI4705-KELA-main/greennovate/vendor/laravel/framework/src/Illuminate/Pipeline/Pipeline.php(219): Illuminate/Http/Middleware/ValidatePathEncoding->handle(Object(Illuminate/Http/Request), Object(Closure))
#67 C:/PPL-SI4705-KelA/greennovate/SI4705-KELA-main/greennovate/vendor/laravel/framework/src/Illuminate/Pipeline/Pipeline.php(137): Illuminate/Pipeline/Pipeline->Illuminate/Pipeline/{closure}(Object(Illuminate/Http/Request))
#68 C:/PPL-SI4705-KelA/greennovate/SI4705-KELA-main/greennovate/vendor/laravel/framework/src/Illuminate/Foundation/Http/Kernel.php(175): Illuminate/Pipeline/Pipeline->then(Object(Closure))
#69 C:/PPL-SI4705-KelA/greennovate/SI4705-KELA-main/greennovate/vendor/laravel/framework/src/Illuminate/Foundation/Http/Kernel.php(144): Illuminate/Foundation/Http/Kernel->sendRequestThroughRouter(Object(Illuminate/Http/Request))
#70 C:/PPL-SI4705-KelA/greennovate/SI4705-KELA-main/greennovate/vendor/laravel/framework/src/Illuminate/Foundation/Application.php(1220): Illuminate/Foundation/Http/Kernel->handle(Object(Illuminate/Http/Request))
#71 C:/PPL-SI4705-KelA/greennovate/SI4705-KELA-main/greennovate/public/index.php(20): Illuminate/Foundation/Application->handleRequest(Object(Illuminate/Http/Request))
#72 C:/PPL-SI4705-KelA/greennovate/SI4705-KELA-main/greennovate/vendor/laravel/framework/src/Illuminate/Foundation/resources/server.php(23): require_once('C://PPL-SI4705-K...')
#73 {main}
"} 
[2026-06-01 14:43:18] local.ERROR: Maximum execution time of 60 seconds exceeded {"userId":3,"exception":"[object] (Symfony\\Component\\ErrorHandler\\Error\\FatalError(code: 0): Maximum execution time of 60 seconds exceeded at C:/PPL-SI4705-KelA/greennovate/SI4705-KELA-main/greennovate/vendor/laravel/framework/src/Illuminate/Database/Connection.php:427)
[stacktrace]
#0 {main}
"} 
[2026-06-01 14:45:05] local.ERROR: Route [chat.index] not defined. (View: C:\PPL-SI4705-KelA\greennovate\SI4705-KELA-main\greennovate\resources\views\layouts\auth.blade.php) (View: C:\PPL-SI4705-KelA\greennovate\SI4705-KELA-main\greennovate\resources\views\layouts\auth.blade.php) {"userId":3,"exception":"[object] (Illuminate\\View\\ViewException(code: 0): Route [chat.index] not defined. (View: C:\\PPL-SI4705-KelA\\greennovate\\SI4705-KELA-main\\greennovate\\resources\\views\\layouts\\auth.blade.php) (View: C:\\PPL-SI4705-KelA\\greennovate\\SI4705-KELA-main\\greennovate\\resources\\views\\layouts\\auth.blade.php) at C:/PPL-SI4705-KelA/greennovate/SI4705-KELA-main/greennovate/vendor/laravel/framework/src/Illuminate/Routing/UrlGenerator.php:528)
[stacktrace]
#0 C:/PPL-SI4705-KelA/greennovate/SI4705-KELA-main/greennovate/vendor/laravel/framework/src/Illuminate/View/Engines/PhpEngine.php(59): Illuminate/View/Engines/CompilerEngine->handleViewException(Object(Illuminate/View/ViewException), 1)
#1 C:/PPL-SI4705-KelA/greennovate/SI4705-KELA-main/greennovate/vendor/laravel/framework/src/Illuminate/View/Engines/CompilerEngine.php(76): Illuminate/View/Engines/PhpEngine->evaluatePath('C://PPL-SI4705-K...', Array)
#2 C:/PPL-SI4705-KelA/greennovate/SI4705-KELA-main/greennovate/vendor/laravel/framework/src/Illuminate/View/View.php(208): Illuminate/View/Engines/CompilerEngine->get('C://PPL-SI4705-K...', Array)
#3 C:/PPL-SI4705-KelA/greennovate/SI4705-KELA-main/greennovate/vendor/laravel/framework/src/Illuminate/View/View.php(191): Illuminate/View/View->getContents()
#4 C:/PPL-SI4705-KelA/greennovate/SI4705-KELA-main/greennovate/vendor/laravel/framework/src/Illuminate/View/View.php(160): Illuminate/View/View->renderContents()
#5 C:/PPL-SI4705-KelA/greennovate/SI4705-KELA-main/greennovate/vendor/laravel/framework/src/Illuminate/Http/Response.php(78): Illuminate/View/View->render()
#6 C:/PPL-SI4705-KelA/greennovate/SI4705-KELA-main/greennovate/vendor/laravel/framework/src/Illuminate/Http/Response.php(34): Illuminate/Http/Response->setContent(Object(Illuminate/View/View))
#7 C:/PPL-SI4705-KelA/greennovate/SI4705-KELA-main/greennovate/vendor/laravel/framework/src/Illuminate/Routing/Router.php(939): Illuminate/Http/Response->__construct(Object(Illuminate/View/View), 200, Array)
#8 C:/PPL-SI4705-KelA/greennovate/SI4705-KELA-main/greennovate/vendor/laravel/framework/src/Illuminate/Routing/Router.php(906): Illuminate/Routing/Router::toResponse(Object(Illuminate/Http/Request), Object(Illuminate/View/View))
#9 C:/PPL-SI4705-KelA/greennovate/SI4705-KELA-main/greennovate/vendor/laravel/framework/src/Illuminate/Routing/Router.php(821): Illuminate/Routing/Router->prepareResponse(Object(Illuminate/Http/Request), Object(Illuminate/View/View))
#10 C:/PPL-SI4705-KelA/greennovate/SI4705-KELA-main/greennovate/vendor/laravel/framework/src/Illuminate/Pipeline/Pipeline.php(180): Illuminate/Routing/Router->Illuminate/Routing/{closure}(Object(Illuminate/Http/Request))
#11 C:/PPL-SI4705-KelA/greennovate/SI4705-KELA-main/greennovate/app/Http/Middleware/CheckActive.php(29): Illuminate/Pipeline/Pipeline->Illuminate/Pipeline/{closure}(Object(Illuminate/Http/Request))
#12 C:/PPL-SI4705-KelA/greennovate/SI4705-KELA-main/greennovate/vendor/laravel/framework/src/Illuminate/Pipeline/Pipeline.php(219): App/Http/Middleware/CheckActive->handle(Object(Illuminate/Http/Request), Object(Closure))
#13 C:/PPL-SI4705-KelA/greennovate/SI4705-KELA-main/greennovate/app/Http/Middleware/SetLocale.php(39): Illuminate/Pipeline/Pipeline->Illuminate/Pipeline/{closure}(Object(Illuminate/Http/Request))
#14 C:/PPL-SI4705-KelA/greennovate/SI4705-KELA-main/greennovate/vendor/laravel/framework/src/Illuminate/Pipeline/Pipeline.php(219): App/Http/Middleware/SetLocale->handle(Object(Illuminate/Http/Request), Object(Closure))
#15 C:/PPL-SI4705-KelA/greennovate/SI4705-KELA-main/greennovate/vendor/laravel/framework/src/Illuminate/Routing/Middleware/SubstituteBindings.php(50): Illuminate/Pipeline/Pipeline->Illuminate/Pipeline/{closure}(Object(Illuminate/Http/Request))
#16 C:/PPL-SI4705-KelA/greennovate/SI4705-KELA-main/greennovate/vendor/laravel/framework/src/Illuminate/Pipeline/Pipeline.php(219): Illuminate/Routing/Middleware/SubstituteBindings->handle(Object(Illuminate/Http/Request), Object(Closure))
#17 C:/PPL-SI4705-KelA/greennovate/SI4705-KELA-main/greennovate/vendor/laravel/framework/src/Illuminate/Auth/Middleware/Authenticate.php(63): Illuminate/Pipeline/Pipeline->Illuminate/Pipeline/{closure}(Object(Illuminate/Http/Request))
#18 C:/PPL-SI4705-KelA/greennovate/SI4705-KELA-main/greennovate/vendor/laravel/framework/src/Illuminate/Pipeline/Pipeline.php(219): Illuminate/Auth/Middleware/Authenticate->handle(Object(Illuminate/Http/Request), Object(Closure))
#19 C:/PPL-SI4705-KelA/greennovate/SI4705-KELA-main/greennovate/vendor/laravel/framework/src/Illuminate/Foundation/Http/Middleware/VerifyCsrfToken.php(87): Illuminate/Pipeline/Pipeline->Illuminate/Pipeline/{closure}(Object(Illuminate/Http/Request))
#20 C:/PPL-SI4705-KelA/greennovate/SI4705-KELA-main/greennovate/vendor/laravel/framework/src/Illuminate/Pipeline/Pipeline.php(219): Illuminate/Foundation/Http/Middleware/VerifyCsrfToken->handle(Object(Illuminate/Http/Request), Object(Closure))
#21 C:/PPL-SI4705-KelA/greennovate/SI4705-KELA-main/greennovate/vendor/laravel/framework/src/Illuminate/View/Middleware/ShareErrorsFromSession.php(48): Illuminate/Pipeline/Pipeline->Illuminate/Pipeline/{closure}(Object(Illuminate/Http/Request))
#22 C:/PPL-SI4705-KelA/greennovate/SI4705-KELA-main/greennovate/vendor/laravel/framework/src/Illuminate/Pipeline/Pipeline.php(219): Illuminate/View/Middleware/ShareErrorsFromSession->handle(Object(Illuminate/Http/Request), Object(Closure))
#23 C:/PPL-SI4705-KelA/greennovate/SI4705-KELA-main/greennovate/vendor/laravel/framework/src/Illuminate/Session/Middleware/StartSession.php(120): Illuminate/Pipeline/Pipeline->Illuminate/Pipeline/{closure}(Object(Illuminate/Http/Request))
#24 C:/PPL-SI4705-KelA/greennovate/SI4705-KELA-main/greennovate/vendor/laravel/framework/src/Illuminate/Session/Middleware/StartSession.php(63): Illuminate/Session/Middleware/StartSession->handleStatefulRequest(Object(Illuminate/Http/Request), Object(Illuminate/Session/Store), Object(Closure))
#25 C:/PPL-SI4705-KelA/greennovate/SI4705-KELA-main/greennovate/vendor/laravel/framework/src/Illuminate/Pipeline/Pipeline.php(219): Illuminate/Session/Middleware/StartSession->handle(Object(Illuminate/Http/Request), Object(Closure))
#26 C:/PPL-SI4705-KelA/greennovate/SI4705-KELA-main/greennovate/vendor/laravel/framework/src/Illuminate/Cookie/Middleware/AddQueuedCookiesToResponse.php(36): Illuminate/Pipeline/Pipeline->Illuminate/Pipeline/{closure}(Object(Illuminate/Http/Request))
#27 C:/PPL-SI4705-KelA/greennovate/SI4705-KELA-main/greennovate/vendor/laravel/framework/src/Illuminate/Pipeline/Pipeline.php(219): Illuminate/Cookie/Middleware/AddQueuedCookiesToResponse->handle(Object(Illuminate/Http/Request), Object(Closure))
#28 C:/PPL-SI4705-KelA/greennovate/SI4705-KELA-main/greennovate/vendor/laravel/framework/src/Illuminate/Cookie/Middleware/EncryptCookies.php(74): Illuminate/Pipeline/Pipeline->Illuminate/Pipeline/{closure}(Object(Illuminate/Http/Request))
#29 C:/PPL-SI4705-KelA/greennovate/SI4705-KELA-main/greennovate/vendor/laravel/framework/src/Illuminate/Pipeline/Pipeline.php(219): Illuminate/Cookie/Middleware/EncryptCookies->handle(Object(Illuminate/Http/Request), Object(Closure))
#30 C:/PPL-SI4705-KelA/greennovate/SI4705-KELA-main/greennovate/vendor/laravel/framework/src/Illuminate/Pipeline/Pipeline.php(137): Illuminate/Pipeline/Pipeline->Illuminate/Pipeline/{closure}(Object(Illuminate/Http/Request))
#31 C:/PPL-SI4705-KelA/greennovate/SI4705-KELA-main/greennovate/vendor/laravel/framework/src/Illuminate/Routing/Router.php(821): Illuminate/Pipeline/Pipeline->then(Object(Closure))
#32 C:/PPL-SI4705-KelA/greennovate/SI4705-KELA-main/greennovate/vendor/laravel/framework/src/Illuminate/Routing/Router.php(800): Illuminate/Routing/Router->runRouteWithinStack(Object(Illuminate/Routing/Route), Object(Illuminate/Http/Request))
#33 C:/PPL-SI4705-KelA/greennovate/SI4705-KELA-main/greennovate/vendor/laravel/framework/src/Illuminate/Routing/Router.php(764): Illuminate/Routing/Router->runRoute(Object(Illuminate/Http/Request), Object(Illuminate/Routing/Route))
#34 C:/PPL-SI4705-KelA/greennovate/SI4705-KELA-main/greennovate/vendor/laravel/framework/src/Illuminate/Routing/Router.php(753): Illuminate/Routing/Router->dispatchToRoute(Object(Illuminate/Http/Request))
#35 C:/PPL-SI4705-KelA/greennovate/SI4705-KELA-main/greennovate/vendor/laravel/framework/src/Illuminate/Foundation/Http/Kernel.php(200): Illuminate/Routing/Router->dispatch(Object(Illuminate/Http/Request))
#36 C:/PPL-SI4705-KelA/greennovate/SI4705-KELA-main/greennovate/vendor/laravel/framework/src/Illuminate/Pipeline/Pipeline.php(180): Illuminate/Foundation/Http/Kernel->Illuminate/Foundation/Http/{closure}(Object(Illuminate/Http/Request))
#37 C:/PPL-SI4705-KelA/greennovate/SI4705-KELA-main/greennovate/vendor/laravel/framework/src/Illuminate/Foundation/Http/Middleware/TransformsRequest.php(21): Illuminate/Pipeline/Pipeline->Illuminate/Pipeline/{closure}(Object(Illuminate/Http/Request))
#38 C:/PPL-SI4705-KelA/greennovate/SI4705-KELA-main/greennovate/vendor/laravel/framework/src/Illuminate/Foundation/Http/Middleware/ConvertEmptyStringsToNull.php(31): Illuminate/Foundation/Http/Middleware/TransformsRequest->handle(Object(Illuminate/Http/Request), Object(Closure))
#39 C:/PPL-SI4705-KelA/greennovate/SI4705-KELA-main/greennovate/vendor/laravel/framework/src/Illuminate/Pipeline/Pipeline.php(219): Illuminate/Foundation/Http/Middleware/ConvertEmptyStringsToNull->handle(Object(Illuminate/Http/Request), Object(Closure))
#40 C:/PPL-SI4705-KelA/greennovate/SI4705-KELA-main/greennovate/vendor/laravel/framework/src/Illuminate/Foundation/Http/Middleware/TransformsRequest.php(21): Illuminate/Pipeline/Pipeline->Illuminate/Pipeline/{closure}(Object(Illuminate/Http/Request))
#41 C:/PPL-SI4705-KelA/greennovate/SI4705-KELA-main/greennovate/vendor/laravel/framework/src/Illuminate/Foundation/Http/Middleware/TrimStrings.php(51): Illuminate/Foundation/Http/Middleware/TransformsRequest->handle(Object(Illuminate/Http/Request), Object(Closure))
#42 C:/PPL-SI4705-KelA/greennovate/SI4705-KELA-main/greennovate/vendor/laravel/framework/src/Illuminate/Pipeline/Pipeline.php(219): Illuminate/Foundation/Http/Middleware/TrimStrings->handle(Object(Illuminate/Http/Request), Object(Closure))
#43 C:/PPL-SI4705-KelA/greennovate/SI4705-KELA-main/greennovate/vendor/laravel/framework/src/Illuminate/Http/Middleware/ValidatePostSize.php(27): Illuminate/Pipeline/Pipeline->Illuminate/Pipeline/{closure}(Object(Illuminate/Http/Request))
#44 C:/PPL-SI4705-KelA/greennovate/SI4705-KELA-main/greennovate/vendor/laravel/framework/src/Illuminate/Pipeline/Pipeline.php(219): Illuminate/Http/Middleware/ValidatePostSize->handle(Object(Illuminate/Http/Request), Object(Closure))
#45 C:/PPL-SI4705-KelA/greennovate/SI4705-KELA-main/greennovate/vendor/laravel/framework/src/Illuminate/Foundation/Http/Middleware/PreventRequestsDuringMaintenance.php(109): Illuminate/Pipeline/Pipeline->Illuminate/Pipeline/{closure}(Object(Illuminate/Http/Request))
#46 C:/PPL-SI4705-KelA/greennovate/SI4705-KELA-main/greennovate/vendor/laravel/framework/src/Illuminate/Pipeline/Pipeline.php(219): Illuminate/Foundation/Http/Middleware/PreventRequestsDuringMaintenance->handle(Object(Illuminate/Http/Request), Object(Closure))
#47 C:/PPL-SI4705-KelA/greennovate/SI4705-KELA-main/greennovate/vendor/laravel/framework/src/Illuminate/Http/Middleware/HandleCors.php(61): Illuminate/Pipeline/Pipeline->Illuminate/Pipeline/{closure}(Object(Illuminate/Http/Request))
#48 C:/PPL-SI4705-KelA/greennovate/SI4705-KELA-main/greennovate/vendor/laravel/framework/src/Illuminate/Pipeline/Pipeline.php(219): Illuminate/Http/Middleware/HandleCors->handle(Object(Illuminate/Http/Request), Object(Closure))
#49 C:/PPL-SI4705-KelA/greennovate/SI4705-KELA-main/greennovate/vendor/laravel/framework/src/Illuminate/Http/Middleware/TrustProxies.php(58): Illuminate/Pipeline/Pipeline->Illuminate/Pipeline/{closure}(Object(Illuminate/Http/Request))
#50 C:/PPL-SI4705-KelA/greennovate/SI4705-KELA-main/greennovate/vendor/laravel/framework/src/Illuminate/Pipeline/Pipeline.php(219): Illuminate/Http/Middleware/TrustProxies->handle(Object(Illuminate/Http/Request), Object(Closure))
#51 C:/PPL-SI4705-KelA/greennovate/SI4705-KELA-main/greennovate/vendor/laravel/framework/src/Illuminate/Foundation/Http/Middleware/InvokeDeferredCallbacks.php(22): Illuminate/Pipeline/Pipeline->Illuminate/Pipeline/{closure}(Object(Illuminate/Http/Request))
#52 C:/PPL-SI4705-KelA/greennovate/SI4705-KELA-main/greennovate/vendor/laravel/framework/src/Illuminate/Pipeline/Pipeline.php(219): Illuminate/Foundation/Http/Middleware/InvokeDeferredCallbacks->handle(Object(Illuminate/Http/Request), Object(Closure))
#53 C:/PPL-SI4705-KelA/greennovate/SI4705-KELA-main/greennovate/vendor/laravel/framework/src/Illuminate/Http/Middleware/ValidatePathEncoding.php(26): Illuminate/Pipeline/Pipeline->Illuminate/Pipeline/{closure}(Object(Illuminate/Http/Request))
#54 C:/PPL-SI4705-KelA/greennovate/SI4705-KELA-main/greennovate/vendor/laravel/framework/src/Illuminate/Pipeline/Pipeline.php(219): Illuminate/Http/Middleware/ValidatePathEncoding->handle(Object(Illuminate/Http/Request), Object(Closure))
#55 C:/PPL-SI4705-KelA/greennovate/SI4705-KELA-main/greennovate/vendor/laravel/framework/src/Illuminate/Pipeline/Pipeline.php(137): Illuminate/Pipeline/Pipeline->Illuminate/Pipeline/{closure}(Object(Illuminate/Http/Request))
#56 C:/PPL-SI4705-KelA/greennovate/SI4705-KELA-main/greennovate/vendor/laravel/framework/src/Illuminate/Foundation/Http/Kernel.php(175): Illuminate/Pipeline/Pipeline->then(Object(Closure))
#57 C:/PPL-SI4705-KelA/greennovate/SI4705-KELA-main/greennovate/vendor/laravel/framework/src/Illuminate/Foundation/Http/Kernel.php(144): Illuminate/Foundation/Http/Kernel->sendRequestThroughRouter(Object(Illuminate/Http/Request))
#58 C:/PPL-SI4705-KelA/greennovate/SI4705-KELA-main/greennovate/vendor/laravel/framework/src/Illuminate/Foundation/Application.php(1220): Illuminate/Foundation/Http/Kernel->handle(Object(Illuminate/Http/Request))
#59 C:/PPL-SI4705-KelA/greennovate/SI4705-KELA-main/greennovate/public/index.php(20): Illuminate/Foundation/Application->handleRequest(Object(Illuminate/Http/Request))
#60 C:/PPL-SI4705-KelA/greennovate/SI4705-KELA-main/greennovate/vendor/laravel/framework/src/Illuminate/Foundation/resources/server.php(23): require_once('C://PPL-SI4705-K...')
#61 {main}

[previous exception] [object] (Illuminate\\View\\ViewException(code: 0): Route [chat.index] not defined. (View: C:\\PPL-SI4705-KelA\\greennovate\\SI4705-KELA-main\\greennovate\\resources\\views\\layouts\\auth.blade.php) at C:/PPL-SI4705-KelA/greennovate/SI4705-KELA-main/greennovate/vendor/laravel/framework/src/Illuminate/Routing/UrlGenerator.php:528)
[stacktrace]
#0 C:/PPL-SI4705-KelA/greennovate/SI4705-KELA-main/greennovate/vendor/laravel/framework/src/Illuminate/View/Engines/PhpEngine.php(59): Illuminate/View/Engines/CompilerEngine->handleViewException(Object(Symfony/Component/Routing/Exception/RouteNotFoundException), 2)
#1 C:/PPL-SI4705-KelA/greennovate/SI4705-KELA-main/greennovate/vendor/laravel/framework/src/Illuminate/View/Engines/CompilerEngine.php(76): Illuminate/View/Engines/PhpEngine->evaluatePath('C://PPL-SI4705-K...', Array)
#2 C:/PPL-SI4705-KelA/greennovate/SI4705-KELA-main/greennovate/vendor/laravel/framework/src/Illuminate/View/View.php(208): Illuminate/View/Engines/CompilerEngine->get('C://PPL-SI4705-K...', Array)
#3 C:/PPL-SI4705-KelA/greennovate/SI4705-KELA-main/greennovate/vendor/laravel/framework/src/Illuminate/View/View.php(191): Illuminate/View/View->getContents()
#4 C:/PPL-SI4705-KelA/greennovate/SI4705-KELA-main/greennovate/vendor/laravel/framework/src/Illuminate/View/View.php(160): Illuminate/View/View->renderContents()
#5 C:/PPL-SI4705-KelA/greennovate/SI4705-KELA-main/greennovate/storage/framework/views/cc12efc38fb7604434cf7eba6f439dce.php(68): Illuminate/View/View->render()
#6 C:/PPL-SI4705-KelA/greennovate/SI4705-KELA-main/greennovate/vendor/laravel/framework/src/Illuminate/Filesystem/Filesystem.php(123): require('C://PPL-SI4705-K...')
#7 C:/PPL-SI4705-KelA/greennovate/SI4705-KELA-main/greennovate/vendor/laravel/framework/src/Illuminate/Filesystem/Filesystem.php(124): Illuminate/Filesystem/Filesystem::Illuminate/Filesystem/{closure}()
#8 C:/PPL-SI4705-KelA/greennovate/SI4705-KELA-main/greennovate/vendor/laravel/framework/src/Illuminate/View/Engines/PhpEngine.php(57): Illuminate/Filesystem/Filesystem->getRequire('C://PPL-SI4705-K...', Array)
#9 C:/PPL-SI4705-KelA/greennovate/SI4705-KELA-main/greennovate/vendor/laravel/framework/src/Illuminate/View/Engines/CompilerEngine.php(76): Illuminate/View/Engines/PhpEngine->evaluatePath('C://PPL-SI4705-K...', Array)
#10 C:/PPL-SI4705-KelA/greennovate/SI4705-KELA-main/greennovate/vendor/laravel/framework/src/Illuminate/View/View.php(208): Illuminate/View/Engines/CompilerEngine->get('C://PPL-SI4705-K...', Array)
#11 C:/PPL-SI4705-KelA/greennovate/SI4705-KELA-main/greennovate/vendor/laravel/framework/src/Illuminate/View/View.php(191): Illuminate/View/View->getContents()
#12 C:/PPL-SI4705-KelA/greennovate/SI4705-KELA-main/greennovate/vendor/laravel/framework/src/Illuminate/View/View.php(160): Illuminate/View/View->renderContents()
#13 C:/PPL-SI4705-KelA/greennovate/SI4705-KELA-main/greennovate/vendor/laravel/framework/src/Illuminate/Http/Response.php(78): Illuminate/View/View->render()
#14 C:/PPL-SI4705-KelA/greennovate/SI4705-KELA-main/greennovate/vendor/laravel/framework/src/Illuminate/Http/Response.php(34): Illuminate/Http/Response->setContent(Object(Illuminate/View/View))
#15 C:/PPL-SI4705-KelA/greennovate/SI4705-KELA-main/greennovate/vendor/laravel/framework/src/Illuminate/Routing/Router.php(939): Illuminate/Http/Response->__construct(Object(Illuminate/View/View), 200, Array)
#16 C:/PPL-SI4705-KelA/greennovate/SI4705-KELA-main/greennovate/vendor/laravel/framework/src/Illuminate/Routing/Router.php(906): Illuminate/Routing/Router::toResponse(Object(Illuminate/Http/Request), Object(Illuminate/View/View))
#17 C:/PPL-SI4705-KelA/greennovate/SI4705-KELA-main/greennovate/vendor/laravel/framework/src/Illuminate/Routing/Router.php(821): Illuminate/Routing/Router->prepareResponse(Object(Illuminate/Http/Request), Object(Illuminate/View/View))
#18 C:/PPL-SI4705-KelA/greennovate/SI4705-KELA-main/greennovate/vendor/laravel/framework/src/Illuminate/Pipeline/Pipeline.php(180): Illuminate/Routing/Router->Illuminate/Routing/{closure}(Object(Illuminate/Http/Request))
#19 C:/PPL-SI4705-KelA/greennovate/SI4705-KELA-main/greennovate/app/Http/Middleware/CheckActive.php(29): Illuminate/Pipeline/Pipeline->Illuminate/Pipeline/{closure}(Object(Illuminate/Http/Request))
#20 C:/PPL-SI4705-KelA/greennovate/SI4705-KELA-main/greennovate/vendor/laravel/framework/src/Illuminate/Pipeline/Pipeline.php(219): App/Http/Middleware/CheckActive->handle(Object(Illuminate/Http/Request), Object(Closure))
#21 C:/PPL-SI4705-KelA/greennovate/SI4705-KELA-main/greennovate/app/Http/Middleware/SetLocale.php(39): Illuminate/Pipeline/Pipeline->Illuminate/Pipeline/{closure}(Object(Illuminate/Http/Request))
#22 C:/PPL-SI4705-KelA/greennovate/SI4705-KELA-main/greennovate/vendor/laravel/framework/src/Illuminate/Pipeline/Pipeline.php(219): App/Http/Middleware/SetLocale->handle(Object(Illuminate/Http/Request), Object(Closure))
#23 C:/PPL-SI4705-KelA/greennovate/SI4705-KELA-main/greennovate/vendor/laravel/framework/src/Illuminate/Routing/Middleware/SubstituteBindings.php(50): Illuminate/Pipeline/Pipeline->Illuminate/Pipeline/{closure}(Object(Illuminate/Http/Request))
#24 C:/PPL-SI4705-KelA/greennovate/SI4705-KELA-main/greennovate/vendor/laravel/framework/src/Illuminate/Pipeline/Pipeline.php(219): Illuminate/Routing/Middleware/SubstituteBindings->handle(Object(Illuminate/Http/Request), Object(Closure))
#25 C:/PPL-SI4705-KelA/greennovate/SI4705-KELA-main/greennovate/vendor/laravel/framework/src/Illuminate/Auth/Middleware/Authenticate.php(63): Illuminate/Pipeline/Pipeline->Illuminate/Pipeline/{closure}(Object(Illuminate/Http/Request))
#26 C:/PPL-SI4705-KelA/greennovate/SI4705-KELA-main/greennovate/vendor/laravel/framework/src/Illuminate/Pipeline/Pipeline.php(219): Illuminate/Auth/Middleware/Authenticate->handle(Object(Illuminate/Http/Request), Object(Closure))
#27 C:/PPL-SI4705-KelA/greennovate/SI4705-KELA-main/greennovate/vendor/laravel/framework/src/Illuminate/Foundation/Http/Middleware/VerifyCsrfToken.php(87): Illuminate/Pipeline/Pipeline->Illuminate/Pipeline/{closure}(Object(Illuminate/Http/Request))
#28 C:/PPL-SI4705-KelA/greennovate/SI4705-KELA-main/greennovate/vendor/laravel/framework/src/Illuminate/Pipeline/Pipeline.php(219): Illuminate/Foundation/Http/Middleware/VerifyCsrfToken->handle(Object(Illuminate/Http/Request), Object(Closure))
#29 C:/PPL-SI4705-KelA/greennovate/SI4705-KELA-main/greennovate/vendor/laravel/framework/src/Illuminate/View/Middleware/ShareErrorsFromSession.php(48): Illuminate/Pipeline/Pipeline->Illuminate/Pipeline/{closure}(Object(Illuminate/Http/Request))
#30 C:/PPL-SI4705-KelA/greennovate/SI4705-KELA-main/greennovate/vendor/laravel/framework/src/Illuminate/Pipeline/Pipeline.php(219): Illuminate/View/Middleware/ShareErrorsFromSession->handle(Object(Illuminate/Http/Request), Object(Closure))
#31 C:/PPL-SI4705-KelA/greennovate/SI4705-KELA-main/greennovate/vendor/laravel/framework/src/Illuminate/Session/Middleware/StartSession.php(120): Illuminate/Pipeline/Pipeline->Illuminate/Pipeline/{closure}(Object(Illuminate/Http/Request))
#32 C:/PPL-SI4705-KelA/greennovate/SI4705-KELA-main/greennovate/vendor/laravel/framework/src/Illuminate/Session/Middleware/StartSession.php(63): Illuminate/Session/Middleware/StartSession->handleStatefulRequest(Object(Illuminate/Http/Request), Object(Illuminate/Session/Store), Object(Closure))
#33 C:/PPL-SI4705-KelA/greennovate/SI4705-KELA-main/greennovate/vendor/laravel/framework/src/Illuminate/Pipeline/Pipeline.php(219): Illuminate/Session/Middleware/StartSession->handle(Object(Illuminate/Http/Request), Object(Closure))
#34 C:/PPL-SI4705-KelA/greennovate/SI4705-KELA-main/greennovate/vendor/laravel/framework/src/Illuminate/Cookie/Middleware/AddQueuedCookiesToResponse.php(36): Illuminate/Pipeline/Pipeline->Illuminate/Pipeline/{closure}(Object(Illuminate/Http/Request))
#35 C:/PPL-SI4705-KelA/greennovate/SI4705-KELA-main/greennovate/vendor/laravel/framework/src/Illuminate/Pipeline/Pipeline.php(219): Illuminate/Cookie/Middleware/AddQueuedCookiesToResponse->handle(Object(Illuminate/Http/Request), Object(Closure))
#36 C:/PPL-SI4705-KelA/greennovate/SI4705-KELA-main/greennovate/vendor/laravel/framework/src/Illuminate/Cookie/Middleware/EncryptCookies.php(74): Illuminate/Pipeline/Pipeline->Illuminate/Pipeline/{closure}(Object(Illuminate/Http/Request))
#37 C:/PPL-SI4705-KelA/greennovate/SI4705-KELA-main/greennovate/vendor/laravel/framework/src/Illuminate/Pipeline/Pipeline.php(219): Illuminate/Cookie/Middleware/EncryptCookies->handle(Object(Illuminate/Http/Request), Object(Closure))
#38 C:/PPL-SI4705-KelA/greennovate/SI4705-KELA-main/greennovate/vendor/laravel/framework/src/Illuminate/Pipeline/Pipeline.php(137): Illuminate/Pipeline/Pipeline->Illuminate/Pipeline/{closure}(Object(Illuminate/Http/Request))
#39 C:/PPL-SI4705-KelA/greennovate/SI4705-KELA-main/greennovate/vendor/laravel/framework/src/Illuminate/Routing/Router.php(821): Illuminate/Pipeline/Pipeline->then(Object(Closure))
#40 C:/PPL-SI4705-KelA/greennovate/SI4705-KELA-main/greennovate/vendor/laravel/framework/src/Illuminate/Routing/Router.php(800): Illuminate/Routing/Router->runRouteWithinStack(Object(Illuminate/Routing/Route), Object(Illuminate/Http/Request))
#41 C:/PPL-SI4705-KelA/greennovate/SI4705-KELA-main/greennovate/vendor/laravel/framework/src/Illuminate/Routing/Router.php(764): Illuminate/Routing/Router->runRoute(Object(Illuminate/Http/Request), Object(Illuminate/Routing/Route))
#42 C:/PPL-SI4705-KelA/greennovate/SI4705-KELA-main/greennovate/vendor/laravel/framework/src/Illuminate/Routing/Router.php(753): Illuminate/Routing/Router->dispatchToRoute(Object(Illuminate/Http/Request))
#43 C:/PPL-SI4705-KelA/greennovate/SI4705-KELA-main/greennovate/vendor/laravel/framework/src/Illuminate/Foundation/Http/Kernel.php(200): Illuminate/Routing/Router->dispatch(Object(Illuminate/Http/Request))
#44 C:/PPL-SI4705-KelA/greennovate/SI4705-KELA-main/greennovate/vendor/laravel/framework/src/Illuminate/Pipeline/Pipeline.php(180): Illuminate/Foundation/Http/Kernel->Illuminate/Foundation/Http/{closure}(Object(Illuminate/Http/Request))
#45 C:/PPL-SI4705-KelA/greennovate/SI4705-KELA-main/greennovate/vendor/laravel/framework/src/Illuminate/Foundation/Http/Middleware/TransformsRequest.php(21): Illuminate/Pipeline/Pipeline->Illuminate/Pipeline/{closure}(Object(Illuminate/Http/Request))
#46 C:/PPL-SI4705-KelA/greennovate/SI4705-KELA-main/greennovate/vendor/laravel/framework/src/Illuminate/Foundation/Http/Middleware/ConvertEmptyStringsToNull.php(31): Illuminate/Foundation/Http/Middleware/TransformsRequest->handle(Object(Illuminate/Http/Request), Object(Closure))
#47 C:/PPL-SI4705-KelA/greennovate/SI4705-KELA-main/greennovate/vendor/laravel/framework/src/Illuminate/Pipeline/Pipeline.php(219): Illuminate/Foundation/Http/Middleware/ConvertEmptyStringsToNull->handle(Object(Illuminate/Http/Request), Object(Closure))
#48 C:/PPL-SI4705-KelA/greennovate/SI4705-KELA-main/greennovate/vendor/laravel/framework/src/Illuminate/Foundation/Http/Middleware/TransformsRequest.php(21): Illuminate/Pipeline/Pipeline->Illuminate/Pipeline/{closure}(Object(Illuminate/Http/Request))
#49 C:/PPL-SI4705-KelA/greennovate/SI4705-KELA-main/greennovate/vendor/laravel/framework/src/Illuminate/Foundation/Http/Middleware/TrimStrings.php(51): Illuminate/Foundation/Http/Middleware/TransformsRequest->handle(Object(Illuminate/Http/Request), Object(Closure))
#50 C:/PPL-SI4705-KelA/greennovate/SI4705-KELA-main/greennovate/vendor/laravel/framework/src/Illuminate/Pipeline/Pipeline.php(219): Illuminate/Foundation/Http/Middleware/TrimStrings->handle(Object(Illuminate/Http/Request), Object(Closure))
#51 C:/PPL-SI4705-KelA/greennovate/SI4705-KELA-main/greennovate/vendor/laravel/framework/src/Illuminate/Http/Middleware/ValidatePostSize.php(27): Illuminate/Pipeline/Pipeline->Illuminate/Pipeline/{closure}(Object(Illuminate/Http/Request))
#52 C:/PPL-SI4705-KelA/greennovate/SI4705-KELA-main/greennovate/vendor/laravel/framework/src/Illuminate/Pipeline/Pipeline.php(219): Illuminate/Http/Middleware/ValidatePostSize->handle(Object(Illuminate/Http/Request), Object(Closure))
#53 C:/PPL-SI4705-KelA/greennovate/SI4705-KELA-main/greennovate/vendor/laravel/framework/src/Illuminate/Foundation/Http/Middleware/PreventRequestsDuringMaintenance.php(109): Illuminate/Pipeline/Pipeline->Illuminate/Pipeline/{closure}(Object(Illuminate/Http/Request))
#54 C:/PPL-SI4705-KelA/greennovate/SI4705-KELA-main/greennovate/vendor/laravel/framework/src/Illuminate/Pipeline/Pipeline.php(219): Illuminate/Foundation/Http/Middleware/PreventRequestsDuringMaintenance->handle(Object(Illuminate/Http/Request), Object(Closure))
#55 C:/PPL-SI4705-KelA/greennovate/SI4705-KELA-main/greennovate/vendor/laravel/framework/src/Illuminate/Http/Middleware/HandleCors.php(61): Illuminate/Pipeline/Pipeline->Illuminate/Pipeline/{closure}(Object(Illuminate/Http/Request))
#56 C:/PPL-SI4705-KelA/greennovate/SI4705-KELA-main/greennovate/vendor/laravel/framework/src/Illuminate/Pipeline/Pipeline.php(219): Illuminate/Http/Middleware/HandleCors->handle(Object(Illuminate/Http/Request), Object(Closure))
#57 C:/PPL-SI4705-KelA/greennovate/SI4705-KELA-main/greennovate/vendor/laravel/framework/src/Illuminate/Http/Middleware/TrustProxies.php(58): Illuminate/Pipeline/Pipeline->Illuminate/Pipeline/{closure}(Object(Illuminate/Http/Request))
#58 C:/PPL-SI4705-KelA/greennovate/SI4705-KELA-main/greennovate/vendor/laravel/framework/src/Illuminate/Pipeline/Pipeline.php(219): Illuminate/Http/Middleware/TrustProxies->handle(Object(Illuminate/Http/Request), Object(Closure))
#59 C:/PPL-SI4705-KelA/greennovate/SI4705-KELA-main/greennovate/vendor/laravel/framework/src/Illuminate/Foundation/Http/Middleware/InvokeDeferredCallbacks.php(22): Illuminate/Pipeline/Pipeline->Illuminate/Pipeline/{closure}(Object(Illuminate/Http/Request))
#60 C:/PPL-SI4705-KelA/greennovate/SI4705-KELA-main/greennovate/vendor/laravel/framework/src/Illuminate/Pipeline/Pipeline.php(219): Illuminate/Foundation/Http/Middleware/InvokeDeferredCallbacks->handle(Object(Illuminate/Http/Request), Object(Closure))
#61 C:/PPL-SI4705-KelA/greennovate/SI4705-KELA-main/greennovate/vendor/laravel/framework/src/Illuminate/Http/Middleware/ValidatePathEncoding.php(26): Illuminate/Pipeline/Pipeline->Illuminate/Pipeline/{closure}(Object(Illuminate/Http/Request))
#62 C:/PPL-SI4705-KelA/greennovate/SI4705-KELA-main/greennovate/vendor/laravel/framework/src/Illuminate/Pipeline/Pipeline.php(219): Illuminate/Http/Middleware/ValidatePathEncoding->handle(Object(Illuminate/Http/Request), Object(Closure))
#63 C:/PPL-SI4705-KelA/greennovate/SI4705-KELA-main/greennovate/vendor/laravel/framework/src/Illuminate/Pipeline/Pipeline.php(137): Illuminate/Pipeline/Pipeline->Illuminate/Pipeline/{closure}(Object(Illuminate/Http/Request))
#64 C:/PPL-SI4705-KelA/greennovate/SI4705-KELA-main/greennovate/vendor/laravel/framework/src/Illuminate/Foundation/Http/Kernel.php(175): Illuminate/Pipeline/Pipeline->then(Object(Closure))
#65 C:/PPL-SI4705-KelA/greennovate/SI4705-KELA-main/greennovate/vendor/laravel/framework/src/Illuminate/Foundation/Http/Kernel.php(144): Illuminate/Foundation/Http/Kernel->sendRequestThroughRouter(Object(Illuminate/Http/Request))
#66 C:/PPL-SI4705-KelA/greennovate/SI4705-KELA-main/greennovate/vendor/laravel/framework/src/Illuminate/Foundation/Application.php(1220): Illuminate/Foundation/Http/Kernel->handle(Object(Illuminate/Http/Request))
#67 C:/PPL-SI4705-KelA/greennovate/SI4705-KELA-main/greennovate/public/index.php(20): Illuminate/Foundation/Application->handleRequest(Object(Illuminate/Http/Request))
#68 C:/PPL-SI4705-KelA/greennovate/SI4705-KELA-main/greennovate/vendor/laravel/framework/src/Illuminate/Foundation/resources/server.php(23): require_once('C://PPL-SI4705-K...')
#69 {main}

[previous exception] [object] (Symfony\\Component\\Routing\\Exception\\RouteNotFoundException(code: 0): Route [chat.index] not defined. at C:/PPL-SI4705-KelA/greennovate/SI4705-KELA-main/greennovate/vendor/laravel/framework/src/Illuminate/Routing/UrlGenerator.php:528)
[stacktrace]
#0 C:/PPL-SI4705-KelA/greennovate/SI4705-KELA-main/greennovate/vendor/laravel/framework/src/Illuminate/Foundation/helpers.php(870): Illuminate/Routing/UrlGenerator->route('chat.index', Array, true)
#1 C:/PPL-SI4705-KelA/greennovate/SI4705-KELA-main/greennovate/storage/framework/views/0da7a4f7ba1bc7ece0bd305f499a91c3.php(88): route('chat.index')
#2 C:/PPL-SI4705-KelA/greennovate/SI4705-KELA-main/greennovate/vendor/laravel/framework/src/Illuminate/Filesystem/Filesystem.php(123): require('C://PPL-SI4705-K...')
#3 C:/PPL-SI4705-KelA/greennovate/SI4705-KELA-main/greennovate/vendor/laravel/framework/src/Illuminate/Filesystem/Filesystem.php(124): Illuminate/Filesystem/Filesystem::Illuminate/Filesystem/{closure}()
#4 C:/PPL-SI4705-KelA/greennovate/SI4705-KELA-main/greennovate/vendor/laravel/framework/src/Illuminate/View/Engines/PhpEngine.php(57): Illuminate/Filesystem/Filesystem->getRequire('C://PPL-SI4705-K...', Array)
#5 C:/PPL-SI4705-KelA/greennovate/SI4705-KELA-main/greennovate/vendor/laravel/framework/src/Illuminate/View/Engines/CompilerEngine.php(76): Illuminate/View/Engines/PhpEngine->evaluatePath('C://PPL-SI4705-K...', Array)
#6 C:/PPL-SI4705-KelA/greennovate/SI4705-KELA-main/greennovate/vendor/laravel/framework/src/Illuminate/View/View.php(208): Illuminate/View/Engines/CompilerEngine->get('C://PPL-SI4705-K...', Array)
#7 C:/PPL-SI4705-KelA/greennovate/SI4705-KELA-main/greennovate/vendor/laravel/framework/src/Illuminate/View/View.php(191): Illuminate/View/View->getContents()
#8 C:/PPL-SI4705-KelA/greennovate/SI4705-KELA-main/greennovate/vendor/laravel/framework/src/Illuminate/View/View.php(160): Illuminate/View/View->renderContents()
#9 C:/PPL-SI4705-KelA/greennovate/SI4705-KELA-main/greennovate/storage/framework/views/cc12efc38fb7604434cf7eba6f439dce.php(68): Illuminate/View/View->render()
#10 C:/PPL-SI4705-KelA/greennovate/SI4705-KELA-main/greennovate/vendor/laravel/framework/src/Illuminate/Filesystem/Filesystem.php(123): require('C://PPL-SI4705-K...')
#11 C:/PPL-SI4705-KelA/greennovate/SI4705-KELA-main/greennovate/vendor/laravel/framework/src/Illuminate/Filesystem/Filesystem.php(124): Illuminate/Filesystem/Filesystem::Illuminate/Filesystem/{closure}()
#12 C:/PPL-SI4705-KelA/greennovate/SI4705-KELA-main/greennovate/vendor/laravel/framework/src/Illuminate/View/Engines/PhpEngine.php(57): Illuminate/Filesystem/Filesystem->getRequire('C://PPL-SI4705-K...', Array)
#13 C:/PPL-SI4705-KelA/greennovate/SI4705-KELA-main/greennovate/vendor/laravel/framework/src/Illuminate/View/Engines/CompilerEngine.php(76): Illuminate/View/Engines/PhpEngine->evaluatePath('C://PPL-SI4705-K...', Array)
#14 C:/PPL-SI4705-KelA/greennovate/SI4705-KELA-main/greennovate/vendor/laravel/framework/src/Illuminate/View/View.php(208): Illuminate/View/Engines/CompilerEngine->get('C://PPL-SI4705-K...', Array)
#15 C:/PPL-SI4705-KelA/greennovate/SI4705-KELA-main/greennovate/vendor/laravel/framework/src/Illuminate/View/View.php(191): Illuminate/View/View->getContents()
#16 C:/PPL-SI4705-KelA/greennovate/SI4705-KELA-main/greennovate/vendor/laravel/framework/src/Illuminate/View/View.php(160): Illuminate/View/View->renderContents()
#17 C:/PPL-SI4705-KelA/greennovate/SI4705-KELA-main/greennovate/vendor/laravel/framework/src/Illuminate/Http/Response.php(78): Illuminate/View/View->render()
#18 C:/PPL-SI4705-KelA/greennovate/SI4705-KELA-main/greennovate/vendor/laravel/framework/src/Illuminate/Http/Response.php(34): Illuminate/Http/Response->setContent(Object(Illuminate/View/View))
#19 C:/PPL-SI4705-KelA/greennovate/SI4705-KELA-main/greennovate/vendor/laravel/framework/src/Illuminate/Routing/Router.php(939): Illuminate/Http/Response->__construct(Object(Illuminate/View/View), 200, Array)
#20 C:/PPL-SI4705-KelA/greennovate/SI4705-KELA-main/greennovate/vendor/laravel/framework/src/Illuminate/Routing/Router.php(906): Illuminate/Routing/Router::toResponse(Object(Illuminate/Http/Request), Object(Illuminate/View/View))
#21 C:/PPL-SI4705-KelA/greennovate/SI4705-KELA-main/greennovate/vendor/laravel/framework/src/Illuminate/Routing/Router.php(821): Illuminate/Routing/Router->prepareResponse(Object(Illuminate/Http/Request), Object(Illuminate/View/View))
#22 C:/PPL-SI4705-KelA/greennovate/SI4705-KELA-main/greennovate/vendor/laravel/framework/src/Illuminate/Pipeline/Pipeline.php(180): Illuminate/Routing/Router->Illuminate/Routing/{closure}(Object(Illuminate/Http/Request))
#23 C:/PPL-SI4705-KelA/greennovate/SI4705-KELA-main/greennovate/app/Http/Middleware/CheckActive.php(29): Illuminate/Pipeline/Pipeline->Illuminate/Pipeline/{closure}(Object(Illuminate/Http/Request))
#24 C:/PPL-SI4705-KelA/greennovate/SI4705-KELA-main/greennovate/vendor/laravel/framework/src/Illuminate/Pipeline/Pipeline.php(219): App/Http/Middleware/CheckActive->handle(Object(Illuminate/Http/Request), Object(Closure))
#25 C:/PPL-SI4705-KelA/greennovate/SI4705-KELA-main/greennovate/app/Http/Middleware/SetLocale.php(39): Illuminate/Pipeline/Pipeline->Illuminate/Pipeline/{closure}(Object(Illuminate/Http/Request))
#26 C:/PPL-SI4705-KelA/greennovate/SI4705-KELA-main/greennovate/vendor/laravel/framework/src/Illuminate/Pipeline/Pipeline.php(219): App/Http/Middleware/SetLocale->handle(Object(Illuminate/Http/Request), Object(Closure))
#27 C:/PPL-SI4705-KelA/greennovate/SI4705-KELA-main/greennovate/vendor/laravel/framework/src/Illuminate/Routing/Middleware/SubstituteBindings.php(50): Illuminate/Pipeline/Pipeline->Illuminate/Pipeline/{closure}(Object(Illuminate/Http/Request))
#28 C:/PPL-SI4705-KelA/greennovate/SI4705-KELA-main/greennovate/vendor/laravel/framework/src/Illuminate/Pipeline/Pipeline.php(219): Illuminate/Routing/Middleware/SubstituteBindings->handle(Object(Illuminate/Http/Request), Object(Closure))
#29 C:/PPL-SI4705-KelA/greennovate/SI4705-KELA-main/greennovate/vendor/laravel/framework/src/Illuminate/Auth/Middleware/Authenticate.php(63): Illuminate/Pipeline/Pipeline->Illuminate/Pipeline/{closure}(Object(Illuminate/Http/Request))
#30 C:/PPL-SI4705-KelA/greennovate/SI4705-KELA-main/greennovate/vendor/laravel/framework/src/Illuminate/Pipeline/Pipeline.php(219): Illuminate/Auth/Middleware/Authenticate->handle(Object(Illuminate/Http/Request), Object(Closure))
#31 C:/PPL-SI4705-KelA/greennovate/SI4705-KELA-main/greennovate/vendor/laravel/framework/src/Illuminate/Foundation/Http/Middleware/VerifyCsrfToken.php(87): Illuminate/Pipeline/Pipeline->Illuminate/Pipeline/{closure}(Object(Illuminate/Http/Request))
#32 C:/PPL-SI4705-KelA/greennovate/SI4705-KELA-main/greennovate/vendor/laravel/framework/src/Illuminate/Pipeline/Pipeline.php(219): Illuminate/Foundation/Http/Middleware/VerifyCsrfToken->handle(Object(Illuminate/Http/Request), Object(Closure))
#33 C:/PPL-SI4705-KelA/greennovate/SI4705-KELA-main/greennovate/vendor/laravel/framework/src/Illuminate/View/Middleware/ShareErrorsFromSession.php(48): Illuminate/Pipeline/Pipeline->Illuminate/Pipeline/{closure}(Object(Illuminate/Http/Request))
#34 C:/PPL-SI4705-KelA/greennovate/SI4705-KELA-main/greennovate/vendor/laravel/framework/src/Illuminate/Pipeline/Pipeline.php(219): Illuminate/View/Middleware/ShareErrorsFromSession->handle(Object(Illuminate/Http/Request), Object(Closure))
#35 C:/PPL-SI4705-KelA/greennovate/SI4705-KELA-main/greennovate/vendor/laravel/framework/src/Illuminate/Session/Middleware/StartSession.php(120): Illuminate/Pipeline/Pipeline->Illuminate/Pipeline/{closure}(Object(Illuminate/Http/Request))
#36 C:/PPL-SI4705-KelA/greennovate/SI4705-KELA-main/greennovate/vendor/laravel/framework/src/Illuminate/Session/Middleware/StartSession.php(63): Illuminate/Session/Middleware/StartSession->handleStatefulRequest(Object(Illuminate/Http/Request), Object(Illuminate/Session/Store), Object(Closure))
#37 C:/PPL-SI4705-KelA/greennovate/SI4705-KELA-main/greennovate/vendor/laravel/framework/src/Illuminate/Pipeline/Pipeline.php(219): Illuminate/Session/Middleware/StartSession->handle(Object(Illuminate/Http/Request), Object(Closure))
#38 C:/PPL-SI4705-KelA/greennovate/SI4705-KELA-main/greennovate/vendor/laravel/framework/src/Illuminate/Cookie/Middleware/AddQueuedCookiesToResponse.php(36): Illuminate/Pipeline/Pipeline->Illuminate/Pipeline/{closure}(Object(Illuminate/Http/Request))
#39 C:/PPL-SI4705-KelA/greennovate/SI4705-KELA-main/greennovate/vendor/laravel/framework/src/Illuminate/Pipeline/Pipeline.php(219): Illuminate/Cookie/Middleware/AddQueuedCookiesToResponse->handle(Object(Illuminate/Http/Request), Object(Closure))
#40 C:/PPL-SI4705-KelA/greennovate/SI4705-KELA-main/greennovate/vendor/laravel/framework/src/Illuminate/Cookie/Middleware/EncryptCookies.php(74): Illuminate/Pipeline/Pipeline->Illuminate/Pipeline/{closure}(Object(Illuminate/Http/Request))
#41 C:/PPL-SI4705-KelA/greennovate/SI4705-KELA-main/greennovate/vendor/laravel/framework/src/Illuminate/Pipeline/Pipeline.php(219): Illuminate/Cookie/Middleware/EncryptCookies->handle(Object(Illuminate/Http/Request), Object(Closure))
#42 C:/PPL-SI4705-KelA/greennovate/SI4705-KELA-main/greennovate/vendor/laravel/framework/src/Illuminate/Pipeline/Pipeline.php(137): Illuminate/Pipeline/Pipeline->Illuminate/Pipeline/{closure}(Object(Illuminate/Http/Request))
#43 C:/PPL-SI4705-KelA/greennovate/SI4705-KELA-main/greennovate/vendor/laravel/framework/src/Illuminate/Routing/Router.php(821): Illuminate/Pipeline/Pipeline->then(Object(Closure))
#44 C:/PPL-SI4705-KelA/greennovate/SI4705-KELA-main/greennovate/vendor/laravel/framework/src/Illuminate/Routing/Router.php(800): Illuminate/Routing/Router->runRouteWithinStack(Object(Illuminate/Routing/Route), Object(Illuminate/Http/Request))
#45 C:/PPL-SI4705-KelA/greennovate/SI4705-KELA-main/greennovate/vendor/laravel/framework/src/Illuminate/Routing/Router.php(764): Illuminate/Routing/Router->runRoute(Object(Illuminate/Http/Request), Object(Illuminate/Routing/Route))
#46 C:/PPL-SI4705-KelA/greennovate/SI4705-KELA-main/greennovate/vendor/laravel/framework/src/Illuminate/Routing/Router.php(753): Illuminate/Routing/Router->dispatchToRoute(Object(Illuminate/Http/Request))
#47 C:/PPL-SI4705-KelA/greennovate/SI4705-KELA-main/greennovate/vendor/laravel/framework/src/Illuminate/Foundation/Http/Kernel.php(200): Illuminate/Routing/Router->dispatch(Object(Illuminate/Http/Request))
#48 C:/PPL-SI4705-KelA/greennovate/SI4705-KELA-main/greennovate/vendor/laravel/framework/src/Illuminate/Pipeline/Pipeline.php(180): Illuminate/Foundation/Http/Kernel->Illuminate/Foundation/Http/{closure}(Object(Illuminate/Http/Request))
#49 C:/PPL-SI4705-KelA/greennovate/SI4705-KELA-main/greennovate/vendor/laravel/framework/src/Illuminate/Foundation/Http/Middleware/TransformsRequest.php(21): Illuminate/Pipeline/Pipeline->Illuminate/Pipeline/{closure}(Object(Illuminate/Http/Request))
#50 C:/PPL-SI4705-KelA/greennovate/SI4705-KELA-main/greennovate/vendor/laravel/framework/src/Illuminate/Foundation/Http/Middleware/ConvertEmptyStringsToNull.php(31): Illuminate/Foundation/Http/Middleware/TransformsRequest->handle(Object(Illuminate/Http/Request), Object(Closure))
#51 C:/PPL-SI4705-KelA/greennovate/SI4705-KELA-main/greennovate/vendor/laravel/framework/src/Illuminate/Pipeline/Pipeline.php(219): Illuminate/Foundation/Http/Middleware/ConvertEmptyStringsToNull->handle(Object(Illuminate/Http/Request), Object(Closure))
#52 C:/PPL-SI4705-KelA/greennovate/SI4705-KELA-main/greennovate/vendor/laravel/framework/src/Illuminate/Foundation/Http/Middleware/TransformsRequest.php(21): Illuminate/Pipeline/Pipeline->Illuminate/Pipeline/{closure}(Object(Illuminate/Http/Request))
#53 C:/PPL-SI4705-KelA/greennovate/SI4705-KELA-main/greennovate/vendor/laravel/framework/src/Illuminate/Foundation/Http/Middleware/TrimStrings.php(51): Illuminate/Foundation/Http/Middleware/TransformsRequest->handle(Object(Illuminate/Http/Request), Object(Closure))
#54 C:/PPL-SI4705-KelA/greennovate/SI4705-KELA-main/greennovate/vendor/laravel/framework/src/Illuminate/Pipeline/Pipeline.php(219): Illuminate/Foundation/Http/Middleware/TrimStrings->handle(Object(Illuminate/Http/Request), Object(Closure))
#55 C:/PPL-SI4705-KelA/greennovate/SI4705-KELA-main/greennovate/vendor/laravel/framework/src/Illuminate/Http/Middleware/ValidatePostSize.php(27): Illuminate/Pipeline/Pipeline->Illuminate/Pipeline/{closure}(Object(Illuminate/Http/Request))
#56 C:/PPL-SI4705-KelA/greennovate/SI4705-KELA-main/greennovate/vendor/laravel/framework/src/Illuminate/Pipeline/Pipeline.php(219): Illuminate/Http/Middleware/ValidatePostSize->handle(Object(Illuminate/Http/Request), Object(Closure))
#57 C:/PPL-SI4705-KelA/greennovate/SI4705-KELA-main/greennovate/vendor/laravel/framework/src/Illuminate/Foundation/Http/Middleware/PreventRequestsDuringMaintenance.php(109): Illuminate/Pipeline/Pipeline->Illuminate/Pipeline/{closure}(Object(Illuminate/Http/Request))
#58 C:/PPL-SI4705-KelA/greennovate/SI4705-KELA-main/greennovate/vendor/laravel/framework/src/Illuminate/Pipeline/Pipeline.php(219): Illuminate/Foundation/Http/Middleware/PreventRequestsDuringMaintenance->handle(Object(Illuminate/Http/Request), Object(Closure))
#59 C:/PPL-SI4705-KelA/greennovate/SI4705-KELA-main/greennovate/vendor/laravel/framework/src/Illuminate/Http/Middleware/HandleCors.php(61): Illuminate/Pipeline/Pipeline->Illuminate/Pipeline/{closure}(Object(Illuminate/Http/Request))
#60 C:/PPL-SI4705-KelA/greennovate/SI4705-KELA-main/greennovate/vendor/laravel/framework/src/Illuminate/Pipeline/Pipeline.php(219): Illuminate/Http/Middleware/HandleCors->handle(Object(Illuminate/Http/Request), Object(Closure))
#61 C:/PPL-SI4705-KelA/greennovate/SI4705-KELA-main/greennovate/vendor/laravel/framework/src/Illuminate/Http/Middleware/TrustProxies.php(58): Illuminate/Pipeline/Pipeline->Illuminate/Pipeline/{closure}(Object(Illuminate/Http/Request))
#62 C:/PPL-SI4705-KelA/greennovate/SI4705-KELA-main/greennovate/vendor/laravel/framework/src/Illuminate/Pipeline/Pipeline.php(219): Illuminate/Http/Middleware/TrustProxies->handle(Object(Illuminate/Http/Request), Object(Closure))
#63 C:/PPL-SI4705-KelA/greennovate/SI4705-KELA-main/greennovate/vendor/laravel/framework/src/Illuminate/Foundation/Http/Middleware/InvokeDeferredCallbacks.php(22): Illuminate/Pipeline/Pipeline->Illuminate/Pipeline/{closure}(Object(Illuminate/Http/Request))
#64 C:/PPL-SI4705-KelA/greennovate/SI4705-KELA-main/greennovate/vendor/laravel/framework/src/Illuminate/Pipeline/Pipeline.php(219): Illuminate/Foundation/Http/Middleware/InvokeDeferredCallbacks->handle(Object(Illuminate/Http/Request), Object(Closure))
#65 C:/PPL-SI4705-KelA/greennovate/SI4705-KELA-main/greennovate/vendor/laravel/framework/src/Illuminate/Http/Middleware/ValidatePathEncoding.php(26): Illuminate/Pipeline/Pipeline->Illuminate/Pipeline/{closure}(Object(Illuminate/Http/Request))
#66 C:/PPL-SI4705-KelA/greennovate/SI4705-KELA-main/greennovate/vendor/laravel/framework/src/Illuminate/Pipeline/Pipeline.php(219): Illuminate/Http/Middleware/ValidatePathEncoding->handle(Object(Illuminate/Http/Request), Object(Closure))
#67 C:/PPL-SI4705-KelA/greennovate/SI4705-KELA-main/greennovate/vendor/laravel/framework/src/Illuminate/Pipeline/Pipeline.php(137): Illuminate/Pipeline/Pipeline->Illuminate/Pipeline/{closure}(Object(Illuminate/Http/Request))
#68 C:/PPL-SI4705-KelA/greennovate/SI4705-KELA-main/greennovate/vendor/laravel/framework/src/Illuminate/Foundation/Http/Kernel.php(175): Illuminate/Pipeline/Pipeline->then(Object(Closure))
#69 C:/PPL-SI4705-KelA/greennovate/SI4705-KELA-main/greennovate/vendor/laravel/framework/src/Illuminate/Foundation/Http/Kernel.php(144): Illuminate/Foundation/Http/Kernel->sendRequestThroughRouter(Object(Illuminate/Http/Request))
#70 C:/PPL-SI4705-KelA/greennovate/SI4705-KELA-main/greennovate/vendor/laravel/framework/src/Illuminate/Foundation/Application.php(1220): Illuminate/Foundation/Http/Kernel->handle(Object(Illuminate/Http/Request))
#71 C:/PPL-SI4705-KelA/greennovate/SI4705-KELA-main/greennovate/public/index.php(20): Illuminate/Foundation/Application->handleRequest(Object(Illuminate/Http/Request))
#72 C:/PPL-SI4705-KelA/greennovate/SI4705-KELA-main/greennovate/vendor/laravel/framework/src/Illuminate/Foundation/resources/server.php(23): require_once('C://PPL-SI4705-K...')
#73 {main}
"} 
[2026-06-02 04:31:07] local.ERROR: Route [donations.index] not defined. (View: C:\Users\egiag\Downloads\Gabungan\greennovate_final\resources\views\layouts\landing.blade.php) (View: C:\Users\egiag\Downloads\Gabungan\greennovate_final\resources\views\layouts\landing.blade.php) {"userId":1,"exception":"[object] (Illuminate\\View\\ViewException(code: 0): Route [donations.index] not defined. (View: C:\\Users\\egiag\\Downloads\\Gabungan\\greennovate_final\\resources\\views\\layouts\\landing.blade.php) (View: C:\\Users\\egiag\\Downloads\\Gabungan\\greennovate_final\\resources\\views\\layouts\\landing.blade.php) at C:/Users/egiag/Downloads/Gabungan/greennovate_final/vendor/laravel/framework/src/Illuminate/Routing/UrlGenerator.php:528)
[stacktrace]
#0 C:/Users/egiag/Downloads/Gabungan/greennovate_final/vendor/laravel/framework/src/Illuminate/View/Engines/PhpEngine.php(59): Illuminate/View/Engines/CompilerEngine->handleViewException(Object(Illuminate/View/ViewException), 1)
#1 C:/Users/egiag/Downloads/Gabungan/greennovate_final/vendor/laravel/framework/src/Illuminate/View/Engines/CompilerEngine.php(76): Illuminate/View/Engines/PhpEngine->evaluatePath('C://Users//egiag//...', Array)
#2 C:/Users/egiag/Downloads/Gabungan/greennovate_final/vendor/laravel/framework/src/Illuminate/View/View.php(208): Illuminate/View/Engines/CompilerEngine->get('C://Users//egiag//...', Array)
#3 C:/Users/egiag/Downloads/Gabungan/greennovate_final/vendor/laravel/framework/src/Illuminate/View/View.php(191): Illuminate/View/View->getContents()
#4 C:/Users/egiag/Downloads/Gabungan/greennovate_final/vendor/laravel/framework/src/Illuminate/View/View.php(160): Illuminate/View/View->renderContents()
#5 C:/Users/egiag/Downloads/Gabungan/greennovate_final/vendor/laravel/framework/src/Illuminate/Http/Response.php(78): Illuminate/View/View->render()
#6 C:/Users/egiag/Downloads/Gabungan/greennovate_final/vendor/laravel/framework/src/Illuminate/Http/Response.php(34): Illuminate/Http/Response->setContent(Object(Illuminate/View/View))
#7 C:/Users/egiag/Downloads/Gabungan/greennovate_final/vendor/laravel/framework/src/Illuminate/Routing/Router.php(939): Illuminate/Http/Response->__construct(Object(Illuminate/View/View), 200, Array)
#8 C:/Users/egiag/Downloads/Gabungan/greennovate_final/vendor/laravel/framework/src/Illuminate/Routing/Router.php(906): Illuminate/Routing/Router::toResponse(Object(Illuminate/Http/Request), Object(Illuminate/View/View))
#9 C:/Users/egiag/Downloads/Gabungan/greennovate_final/vendor/laravel/framework/src/Illuminate/Routing/Router.php(821): Illuminate/Routing/Router->prepareResponse(Object(Illuminate/Http/Request), Object(Illuminate/View/View))
#10 C:/Users/egiag/Downloads/Gabungan/greennovate_final/vendor/laravel/framework/src/Illuminate/Pipeline/Pipeline.php(180): Illuminate/Routing/Router->Illuminate/Routing/{closure}(Object(Illuminate/Http/Request))
#11 C:/Users/egiag/Downloads/Gabungan/greennovate_final/app/Http/Middleware/SetLocale.php(39): Illuminate/Pipeline/Pipeline->Illuminate/Pipeline/{closure}(Object(Illuminate/Http/Request))
#12 C:/Users/egiag/Downloads/Gabungan/greennovate_final/vendor/laravel/framework/src/Illuminate/Pipeline/Pipeline.php(219): App/Http/Middleware/SetLocale->handle(Object(Illuminate/Http/Request), Object(Closure))
#13 C:/Users/egiag/Downloads/Gabungan/greennovate_final/vendor/laravel/framework/src/Illuminate/Routing/Middleware/SubstituteBindings.php(50): Illuminate/Pipeline/Pipeline->Illuminate/Pipeline/{closure}(Object(Illuminate/Http/Request))
#14 C:/Users/egiag/Downloads/Gabungan/greennovate_final/vendor/laravel/framework/src/Illuminate/Pipeline/Pipeline.php(219): Illuminate/Routing/Middleware/SubstituteBindings->handle(Object(Illuminate/Http/Request), Object(Closure))
#15 C:/Users/egiag/Downloads/Gabungan/greennovate_final/vendor/laravel/framework/src/Illuminate/Foundation/Http/Middleware/VerifyCsrfToken.php(87): Illuminate/Pipeline/Pipeline->Illuminate/Pipeline/{closure}(Object(Illuminate/Http/Request))
#16 C:/Users/egiag/Downloads/Gabungan/greennovate_final/vendor/laravel/framework/src/Illuminate/Pipeline/Pipeline.php(219): Illuminate/Foundation/Http/Middleware/VerifyCsrfToken->handle(Object(Illuminate/Http/Request), Object(Closure))
#17 C:/Users/egiag/Downloads/Gabungan/greennovate_final/vendor/laravel/framework/src/Illuminate/View/Middleware/ShareErrorsFromSession.php(48): Illuminate/Pipeline/Pipeline->Illuminate/Pipeline/{closure}(Object(Illuminate/Http/Request))
#18 C:/Users/egiag/Downloads/Gabungan/greennovate_final/vendor/laravel/framework/src/Illuminate/Pipeline/Pipeline.php(219): Illuminate/View/Middleware/ShareErrorsFromSession->handle(Object(Illuminate/Http/Request), Object(Closure))
#19 C:/Users/egiag/Downloads/Gabungan/greennovate_final/vendor/laravel/framework/src/Illuminate/Session/Middleware/StartSession.php(120): Illuminate/Pipeline/Pipeline->Illuminate/Pipeline/{closure}(Object(Illuminate/Http/Request))
#20 C:/Users/egiag/Downloads/Gabungan/greennovate_final/vendor/laravel/framework/src/Illuminate/Session/Middleware/StartSession.php(63): Illuminate/Session/Middleware/StartSession->handleStatefulRequest(Object(Illuminate/Http/Request), Object(Illuminate/Session/Store), Object(Closure))
#21 C:/Users/egiag/Downloads/Gabungan/greennovate_final/vendor/laravel/framework/src/Illuminate/Pipeline/Pipeline.php(219): Illuminate/Session/Middleware/StartSession->handle(Object(Illuminate/Http/Request), Object(Closure))
#22 C:/Users/egiag/Downloads/Gabungan/greennovate_final/vendor/laravel/framework/src/Illuminate/Cookie/Middleware/AddQueuedCookiesToResponse.php(36): Illuminate/Pipeline/Pipeline->Illuminate/Pipeline/{closure}(Object(Illuminate/Http/Request))
#23 C:/Users/egiag/Downloads/Gabungan/greennovate_final/vendor/laravel/framework/src/Illuminate/Pipeline/Pipeline.php(219): Illuminate/Cookie/Middleware/AddQueuedCookiesToResponse->handle(Object(Illuminate/Http/Request), Object(Closure))
#24 C:/Users/egiag/Downloads/Gabungan/greennovate_final/vendor/laravel/framework/src/Illuminate/Cookie/Middleware/EncryptCookies.php(74): Illuminate/Pipeline/Pipeline->Illuminate/Pipeline/{closure}(Object(Illuminate/Http/Request))
#25 C:/Users/egiag/Downloads/Gabungan/greennovate_final/vendor/laravel/framework/src/Illuminate/Pipeline/Pipeline.php(219): Illuminate/Cookie/Middleware/EncryptCookies->handle(Object(Illuminate/Http/Request), Object(Closure))
#26 C:/Users/egiag/Downloads/Gabungan/greennovate_final/vendor/laravel/framework/src/Illuminate/Pipeline/Pipeline.php(137): Illuminate/Pipeline/Pipeline->Illuminate/Pipeline/{closure}(Object(Illuminate/Http/Request))
#27 C:/Users/egiag/Downloads/Gabungan/greennovate_final/vendor/laravel/framework/src/Illuminate/Routing/Router.php(821): Illuminate/Pipeline/Pipeline->then(Object(Closure))
#28 C:/Users/egiag/Downloads/Gabungan/greennovate_final/vendor/laravel/framework/src/Illuminate/Routing/Router.php(800): Illuminate/Routing/Router->runRouteWithinStack(Object(Illuminate/Routing/Route), Object(Illuminate/Http/Request))
#29 C:/Users/egiag/Downloads/Gabungan/greennovate_final/vendor/laravel/framework/src/Illuminate/Routing/Router.php(764): Illuminate/Routing/Router->runRoute(Object(Illuminate/Http/Request), Object(Illuminate/Routing/Route))
#30 C:/Users/egiag/Downloads/Gabungan/greennovate_final/vendor/laravel/framework/src/Illuminate/Routing/Router.php(753): Illuminate/Routing/Router->dispatchToRoute(Object(Illuminate/Http/Request))
#31 C:/Users/egiag/Downloads/Gabungan/greennovate_final/vendor/laravel/framework/src/Illuminate/Foundation/Http/Kernel.php(200): Illuminate/Routing/Router->dispatch(Object(Illuminate/Http/Request))
#32 C:/Users/egiag/Downloads/Gabungan/greennovate_final/vendor/laravel/framework/src/Illuminate/Pipeline/Pipeline.php(180): Illuminate/Foundation/Http/Kernel->Illuminate/Foundation/Http/{closure}(Object(Illuminate/Http/Request))
#33 C:/Users/egiag/Downloads/Gabungan/greennovate_final/vendor/laravel/framework/src/Illuminate/Foundation/Http/Middleware/TransformsRequest.php(21): Illuminate/Pipeline/Pipeline->Illuminate/Pipeline/{closure}(Object(Illuminate/Http/Request))
#34 C:/Users/egiag/Downloads/Gabungan/greennovate_final/vendor/laravel/framework/src/Illuminate/Foundation/Http/Middleware/ConvertEmptyStringsToNull.php(31): Illuminate/Foundation/Http/Middleware/TransformsRequest->handle(Object(Illuminate/Http/Request), Object(Closure))
#35 C:/Users/egiag/Downloads/Gabungan/greennovate_final/vendor/laravel/framework/src/Illuminate/Pipeline/Pipeline.php(219): Illuminate/Foundation/Http/Middleware/ConvertEmptyStringsToNull->handle(Object(Illuminate/Http/Request), Object(Closure))
#36 C:/Users/egiag/Downloads/Gabungan/greennovate_final/vendor/laravel/framework/src/Illuminate/Foundation/Http/Middleware/TransformsRequest.php(21): Illuminate/Pipeline/Pipeline->Illuminate/Pipeline/{closure}(Object(Illuminate/Http/Request))
#37 C:/Users/egiag/Downloads/Gabungan/greennovate_final/vendor/laravel/framework/src/Illuminate/Foundation/Http/Middleware/TrimStrings.php(51): Illuminate/Foundation/Http/Middleware/TransformsRequest->handle(Object(Illuminate/Http/Request), Object(Closure))
#38 C:/Users/egiag/Downloads/Gabungan/greennovate_final/vendor/laravel/framework/src/Illuminate/Pipeline/Pipeline.php(219): Illuminate/Foundation/Http/Middleware/TrimStrings->handle(Object(Illuminate/Http/Request), Object(Closure))
#39 C:/Users/egiag/Downloads/Gabungan/greennovate_final/vendor/laravel/framework/src/Illuminate/Http/Middleware/ValidatePostSize.php(27): Illuminate/Pipeline/Pipeline->Illuminate/Pipeline/{closure}(Object(Illuminate/Http/Request))
#40 C:/Users/egiag/Downloads/Gabungan/greennovate_final/vendor/laravel/framework/src/Illuminate/Pipeline/Pipeline.php(219): Illuminate/Http/Middleware/ValidatePostSize->handle(Object(Illuminate/Http/Request), Object(Closure))
#41 C:/Users/egiag/Downloads/Gabungan/greennovate_final/vendor/laravel/framework/src/Illuminate/Foundation/Http/Middleware/PreventRequestsDuringMaintenance.php(109): Illuminate/Pipeline/Pipeline->Illuminate/Pipeline/{closure}(Object(Illuminate/Http/Request))
#42 C:/Users/egiag/Downloads/Gabungan/greennovate_final/vendor/laravel/framework/src/Illuminate/Pipeline/Pipeline.php(219): Illuminate/Foundation/Http/Middleware/PreventRequestsDuringMaintenance->handle(Object(Illuminate/Http/Request), Object(Closure))
#43 C:/Users/egiag/Downloads/Gabungan/greennovate_final/vendor/laravel/framework/src/Illuminate/Http/Middleware/HandleCors.php(61): Illuminate/Pipeline/Pipeline->Illuminate/Pipeline/{closure}(Object(Illuminate/Http/Request))
#44 C:/Users/egiag/Downloads/Gabungan/greennovate_final/vendor/laravel/framework/src/Illuminate/Pipeline/Pipeline.php(219): Illuminate/Http/Middleware/HandleCors->handle(Object(Illuminate/Http/Request), Object(Closure))
#45 C:/Users/egiag/Downloads/Gabungan/greennovate_final/vendor/laravel/framework/src/Illuminate/Http/Middleware/TrustProxies.php(58): Illuminate/Pipeline/Pipeline->Illuminate/Pipeline/{closure}(Object(Illuminate/Http/Request))
#46 C:/Users/egiag/Downloads/Gabungan/greennovate_final/vendor/laravel/framework/src/Illuminate/Pipeline/Pipeline.php(219): Illuminate/Http/Middleware/TrustProxies->handle(Object(Illuminate/Http/Request), Object(Closure))
#47 C:/Users/egiag/Downloads/Gabungan/greennovate_final/vendor/laravel/framework/src/Illuminate/Foundation/Http/Middleware/InvokeDeferredCallbacks.php(22): Illuminate/Pipeline/Pipeline->Illuminate/Pipeline/{closure}(Object(Illuminate/Http/Request))
#48 C:/Users/egiag/Downloads/Gabungan/greennovate_final/vendor/laravel/framework/src/Illuminate/Pipeline/Pipeline.php(219): Illuminate/Foundation/Http/Middleware/InvokeDeferredCallbacks->handle(Object(Illuminate/Http/Request), Object(Closure))
#49 C:/Users/egiag/Downloads/Gabungan/greennovate_final/vendor/laravel/framework/src/Illuminate/Http/Middleware/ValidatePathEncoding.php(26): Illuminate/Pipeline/Pipeline->Illuminate/Pipeline/{closure}(Object(Illuminate/Http/Request))
#50 C:/Users/egiag/Downloads/Gabungan/greennovate_final/vendor/laravel/framework/src/Illuminate/Pipeline/Pipeline.php(219): Illuminate/Http/Middleware/ValidatePathEncoding->handle(Object(Illuminate/Http/Request), Object(Closure))
#51 C:/Users/egiag/Downloads/Gabungan/greennovate_final/vendor/laravel/framework/src/Illuminate/Pipeline/Pipeline.php(137): Illuminate/Pipeline/Pipeline->Illuminate/Pipeline/{closure}(Object(Illuminate/Http/Request))
#52 C:/Users/egiag/Downloads/Gabungan/greennovate_final/vendor/laravel/framework/src/Illuminate/Foundation/Http/Kernel.php(175): Illuminate/Pipeline/Pipeline->then(Object(Closure))
#53 C:/Users/egiag/Downloads/Gabungan/greennovate_final/vendor/laravel/framework/src/Illuminate/Foundation/Http/Kernel.php(144): Illuminate/Foundation/Http/Kernel->sendRequestThroughRouter(Object(Illuminate/Http/Request))
#54 C:/Users/egiag/Downloads/Gabungan/greennovate_final/vendor/laravel/framework/src/Illuminate/Foundation/Application.php(1220): Illuminate/Foundation/Http/Kernel->handle(Object(Illuminate/Http/Request))
#55 C:/Users/egiag/Downloads/Gabungan/greennovate_final/public/index.php(20): Illuminate/Foundation/Application->handleRequest(Object(Illuminate/Http/Request))
#56 C:/Users/egiag/Downloads/Gabungan/greennovate_final/vendor/laravel/framework/src/Illuminate/Foundation/resources/server.php(23): require_once('C://Users//egiag//...')
#57 {main}

[previous exception] [object] (Illuminate\\View\\ViewException(code: 0): Route [donations.index] not defined. (View: C:\\Users\\egiag\\Downloads\\Gabungan\\greennovate_final\\resources\\views\\layouts\\landing.blade.php) at C:/Users/egiag/Downloads/Gabungan/greennovate_final/vendor/laravel/framework/src/Illuminate/Routing/UrlGenerator.php:528)
[stacktrace]
#0 C:/Users/egiag/Downloads/Gabungan/greennovate_final/vendor/laravel/framework/src/Illuminate/View/Engines/PhpEngine.php(59): Illuminate/View/Engines/CompilerEngine->handleViewException(Object(Symfony/Component/Routing/Exception/RouteNotFoundException), 2)
#1 C:/Users/egiag/Downloads/Gabungan/greennovate_final/vendor/laravel/framework/src/Illuminate/View/Engines/CompilerEngine.php(76): Illuminate/View/Engines/PhpEngine->evaluatePath('C://Users//egiag//...', Array)
#2 C:/Users/egiag/Downloads/Gabungan/greennovate_final/vendor/laravel/framework/src/Illuminate/View/View.php(208): Illuminate/View/Engines/CompilerEngine->get('C://Users//egiag//...', Array)
#3 C:/Users/egiag/Downloads/Gabungan/greennovate_final/vendor/laravel/framework/src/Illuminate/View/View.php(191): Illuminate/View/View->getContents()
#4 C:/Users/egiag/Downloads/Gabungan/greennovate_final/vendor/laravel/framework/src/Illuminate/View/View.php(160): Illuminate/View/View->renderContents()
#5 C:/Users/egiag/Downloads/Gabungan/greennovate_final/storage/framework/views/3f8d277bb46ed7b72bd7cf7f2cdc5aed.php(300): Illuminate/View/View->render()
#6 C:/Users/egiag/Downloads/Gabungan/greennovate_final/vendor/laravel/framework/src/Illuminate/Filesystem/Filesystem.php(123): require('C://Users//egiag//...')
#7 C:/Users/egiag/Downloads/Gabungan/greennovate_final/vendor/laravel/framework/src/Illuminate/Filesystem/Filesystem.php(124): Illuminate/Filesystem/Filesystem::Illuminate/Filesystem/{closure}()
#8 C:/Users/egiag/Downloads/Gabungan/greennovate_final/vendor/laravel/framework/src/Illuminate/View/Engines/PhpEngine.php(57): Illuminate/Filesystem/Filesystem->getRequire('C://Users//egiag//...', Array)
#9 C:/Users/egiag/Downloads/Gabungan/greennovate_final/vendor/laravel/framework/src/Illuminate/View/Engines/CompilerEngine.php(76): Illuminate/View/Engines/PhpEngine->evaluatePath('C://Users//egiag//...', Array)
#10 C:/Users/egiag/Downloads/Gabungan/greennovate_final/vendor/laravel/framework/src/Illuminate/View/View.php(208): Illuminate/View/Engines/CompilerEngine->get('C://Users//egiag//...', Array)
#11 C:/Users/egiag/Downloads/Gabungan/greennovate_final/vendor/laravel/framework/src/Illuminate/View/View.php(191): Illuminate/View/View->getContents()
#12 C:/Users/egiag/Downloads/Gabungan/greennovate_final/vendor/laravel/framework/src/Illuminate/View/View.php(160): Illuminate/View/View->renderContents()
#13 C:/Users/egiag/Downloads/Gabungan/greennovate_final/vendor/laravel/framework/src/Illuminate/Http/Response.php(78): Illuminate/View/View->render()
#14 C:/Users/egiag/Downloads/Gabungan/greennovate_final/vendor/laravel/framework/src/Illuminate/Http/Response.php(34): Illuminate/Http/Response->setContent(Object(Illuminate/View/View))
#15 C:/Users/egiag/Downloads/Gabungan/greennovate_final/vendor/laravel/framework/src/Illuminate/Routing/Router.php(939): Illuminate/Http/Response->__construct(Object(Illuminate/View/View), 200, Array)
#16 C:/Users/egiag/Downloads/Gabungan/greennovate_final/vendor/laravel/framework/src/Illuminate/Routing/Router.php(906): Illuminate/Routing/Router::toResponse(Object(Illuminate/Http/Request), Object(Illuminate/View/View))
#17 C:/Users/egiag/Downloads/Gabungan/greennovate_final/vendor/laravel/framework/src/Illuminate/Routing/Router.php(821): Illuminate/Routing/Router->prepareResponse(Object(Illuminate/Http/Request), Object(Illuminate/View/View))
#18 C:/Users/egiag/Downloads/Gabungan/greennovate_final/vendor/laravel/framework/src/Illuminate/Pipeline/Pipeline.php(180): Illuminate/Routing/Router->Illuminate/Routing/{closure}(Object(Illuminate/Http/Request))
#19 C:/Users/egiag/Downloads/Gabungan/greennovate_final/app/Http/Middleware/SetLocale.php(39): Illuminate/Pipeline/Pipeline->Illuminate/Pipeline/{closure}(Object(Illuminate/Http/Request))
#20 C:/Users/egiag/Downloads/Gabungan/greennovate_final/vendor/laravel/framework/src/Illuminate/Pipeline/Pipeline.php(219): App/Http/Middleware/SetLocale->handle(Object(Illuminate/Http/Request), Object(Closure))
#21 C:/Users/egiag/Downloads/Gabungan/greennovate_final/vendor/laravel/framework/src/Illuminate/Routing/Middleware/SubstituteBindings.php(50): Illuminate/Pipeline/Pipeline->Illuminate/Pipeline/{closure}(Object(Illuminate/Http/Request))
#22 C:/Users/egiag/Downloads/Gabungan/greennovate_final/vendor/laravel/framework/src/Illuminate/Pipeline/Pipeline.php(219): Illuminate/Routing/Middleware/SubstituteBindings->handle(Object(Illuminate/Http/Request), Object(Closure))
#23 C:/Users/egiag/Downloads/Gabungan/greennovate_final/vendor/laravel/framework/src/Illuminate/Foundation/Http/Middleware/VerifyCsrfToken.php(87): Illuminate/Pipeline/Pipeline->Illuminate/Pipeline/{closure}(Object(Illuminate/Http/Request))
#24 C:/Users/egiag/Downloads/Gabungan/greennovate_final/vendor/laravel/framework/src/Illuminate/Pipeline/Pipeline.php(219): Illuminate/Foundation/Http/Middleware/VerifyCsrfToken->handle(Object(Illuminate/Http/Request), Object(Closure))
#25 C:/Users/egiag/Downloads/Gabungan/greennovate_final/vendor/laravel/framework/src/Illuminate/View/Middleware/ShareErrorsFromSession.php(48): Illuminate/Pipeline/Pipeline->Illuminate/Pipeline/{closure}(Object(Illuminate/Http/Request))
#26 C:/Users/egiag/Downloads/Gabungan/greennovate_final/vendor/laravel/framework/src/Illuminate/Pipeline/Pipeline.php(219): Illuminate/View/Middleware/ShareErrorsFromSession->handle(Object(Illuminate/Http/Request), Object(Closure))
#27 C:/Users/egiag/Downloads/Gabungan/greennovate_final/vendor/laravel/framework/src/Illuminate/Session/Middleware/StartSession.php(120): Illuminate/Pipeline/Pipeline->Illuminate/Pipeline/{closure}(Object(Illuminate/Http/Request))
#28 C:/Users/egiag/Downloads/Gabungan/greennovate_final/vendor/laravel/framework/src/Illuminate/Session/Middleware/StartSession.php(63): Illuminate/Session/Middleware/StartSession->handleStatefulRequest(Object(Illuminate/Http/Request), Object(Illuminate/Session/Store), Object(Closure))
#29 C:/Users/egiag/Downloads/Gabungan/greennovate_final/vendor/laravel/framework/src/Illuminate/Pipeline/Pipeline.php(219): Illuminate/Session/Middleware/StartSession->handle(Object(Illuminate/Http/Request), Object(Closure))
#30 C:/Users/egiag/Downloads/Gabungan/greennovate_final/vendor/laravel/framework/src/Illuminate/Cookie/Middleware/AddQueuedCookiesToResponse.php(36): Illuminate/Pipeline/Pipeline->Illuminate/Pipeline/{closure}(Object(Illuminate/Http/Request))
#31 C:/Users/egiag/Downloads/Gabungan/greennovate_final/vendor/laravel/framework/src/Illuminate/Pipeline/Pipeline.php(219): Illuminate/Cookie/Middleware/AddQueuedCookiesToResponse->handle(Object(Illuminate/Http/Request), Object(Closure))
#32 C:/Users/egiag/Downloads/Gabungan/greennovate_final/vendor/laravel/framework/src/Illuminate/Cookie/Middleware/EncryptCookies.php(74): Illuminate/Pipeline/Pipeline->Illuminate/Pipeline/{closure}(Object(Illuminate/Http/Request))
#33 C:/Users/egiag/Downloads/Gabungan/greennovate_final/vendor/laravel/framework/src/Illuminate/Pipeline/Pipeline.php(219): Illuminate/Cookie/Middleware/EncryptCookies->handle(Object(Illuminate/Http/Request), Object(Closure))
#34 C:/Users/egiag/Downloads/Gabungan/greennovate_final/vendor/laravel/framework/src/Illuminate/Pipeline/Pipeline.php(137): Illuminate/Pipeline/Pipeline->Illuminate/Pipeline/{closure}(Object(Illuminate/Http/Request))
#35 C:/Users/egiag/Downloads/Gabungan/greennovate_final/vendor/laravel/framework/src/Illuminate/Routing/Router.php(821): Illuminate/Pipeline/Pipeline->then(Object(Closure))
#36 C:/Users/egiag/Downloads/Gabungan/greennovate_final/vendor/laravel/framework/src/Illuminate/Routing/Router.php(800): Illuminate/Routing/Router->runRouteWithinStack(Object(Illuminate/Routing/Route), Object(Illuminate/Http/Request))
#37 C:/Users/egiag/Downloads/Gabungan/greennovate_final/vendor/laravel/framework/src/Illuminate/Routing/Router.php(764): Illuminate/Routing/Router->runRoute(Object(Illuminate/Http/Request), Object(Illuminate/Routing/Route))
#38 C:/Users/egiag/Downloads/Gabungan/greennovate_final/vendor/laravel/framework/src/Illuminate/Routing/Router.php(753): Illuminate/Routing/Router->dispatchToRoute(Object(Illuminate/Http/Request))
#39 C:/Users/egiag/Downloads/Gabungan/greennovate_final/vendor/laravel/framework/src/Illuminate/Foundation/Http/Kernel.php(200): Illuminate/Routing/Router->dispatch(Object(Illuminate/Http/Request))
#40 C:/Users/egiag/Downloads/Gabungan/greennovate_final/vendor/laravel/framework/src/Illuminate/Pipeline/Pipeline.php(180): Illuminate/Foundation/Http/Kernel->Illuminate/Foundation/Http/{closure}(Object(Illuminate/Http/Request))
#41 C:/Users/egiag/Downloads/Gabungan/greennovate_final/vendor/laravel/framework/src/Illuminate/Foundation/Http/Middleware/TransformsRequest.php(21): Illuminate/Pipeline/Pipeline->Illuminate/Pipeline/{closure}(Object(Illuminate/Http/Request))
#42 C:/Users/egiag/Downloads/Gabungan/greennovate_final/vendor/laravel/framework/src/Illuminate/Foundation/Http/Middleware/ConvertEmptyStringsToNull.php(31): Illuminate/Foundation/Http/Middleware/TransformsRequest->handle(Object(Illuminate/Http/Request), Object(Closure))
#43 C:/Users/egiag/Downloads/Gabungan/greennovate_final/vendor/laravel/framework/src/Illuminate/Pipeline/Pipeline.php(219): Illuminate/Foundation/Http/Middleware/ConvertEmptyStringsToNull->handle(Object(Illuminate/Http/Request), Object(Closure))
#44 C:/Users/egiag/Downloads/Gabungan/greennovate_final/vendor/laravel/framework/src/Illuminate/Foundation/Http/Middleware/TransformsRequest.php(21): Illuminate/Pipeline/Pipeline->Illuminate/Pipeline/{closure}(Object(Illuminate/Http/Request))
#45 C:/Users/egiag/Downloads/Gabungan/greennovate_final/vendor/laravel/framework/src/Illuminate/Foundation/Http/Middleware/TrimStrings.php(51): Illuminate/Foundation/Http/Middleware/TransformsRequest->handle(Object(Illuminate/Http/Request), Object(Closure))
#46 C:/Users/egiag/Downloads/Gabungan/greennovate_final/vendor/laravel/framework/src/Illuminate/Pipeline/Pipeline.php(219): Illuminate/Foundation/Http/Middleware/TrimStrings->handle(Object(Illuminate/Http/Request), Object(Closure))
#47 C:/Users/egiag/Downloads/Gabungan/greennovate_final/vendor/laravel/framework/src/Illuminate/Http/Middleware/ValidatePostSize.php(27): Illuminate/Pipeline/Pipeline->Illuminate/Pipeline/{closure}(Object(Illuminate/Http/Request))
#48 C:/Users/egiag/Downloads/Gabungan/greennovate_final/vendor/laravel/framework/src/Illuminate/Pipeline/Pipeline.php(219): Illuminate/Http/Middleware/ValidatePostSize->handle(Object(Illuminate/Http/Request), Object(Closure))
#49 C:/Users/egiag/Downloads/Gabungan/greennovate_final/vendor/laravel/framework/src/Illuminate/Foundation/Http/Middleware/PreventRequestsDuringMaintenance.php(109): Illuminate/Pipeline/Pipeline->Illuminate/Pipeline/{closure}(Object(Illuminate/Http/Request))
#50 C:/Users/egiag/Downloads/Gabungan/greennovate_final/vendor/laravel/framework/src/Illuminate/Pipeline/Pipeline.php(219): Illuminate/Foundation/Http/Middleware/PreventRequestsDuringMaintenance->handle(Object(Illuminate/Http/Request), Object(Closure))
#51 C:/Users/egiag/Downloads/Gabungan/greennovate_final/vendor/laravel/framework/src/Illuminate/Http/Middleware/HandleCors.php(61): Illuminate/Pipeline/Pipeline->Illuminate/Pipeline/{closure}(Object(Illuminate/Http/Request))
#52 C:/Users/egiag/Downloads/Gabungan/greennovate_final/vendor/laravel/framework/src/Illuminate/Pipeline/Pipeline.php(219): Illuminate/Http/Middleware/HandleCors->handle(Object(Illuminate/Http/Request), Object(Closure))
#53 C:/Users/egiag/Downloads/Gabungan/greennovate_final/vendor/laravel/framework/src/Illuminate/Http/Middleware/TrustProxies.php(58): Illuminate/Pipeline/Pipeline->Illuminate/Pipeline/{closure}(Object(Illuminate/Http/Request))
#54 C:/Users/egiag/Downloads/Gabungan/greennovate_final/vendor/laravel/framework/src/Illuminate/Pipeline/Pipeline.php(219): Illuminate/Http/Middleware/TrustProxies->handle(Object(Illuminate/Http/Request), Object(Closure))
#55 C:/Users/egiag/Downloads/Gabungan/greennovate_final/vendor/laravel/framework/src/Illuminate/Foundation/Http/Middleware/InvokeDeferredCallbacks.php(22): Illuminate/Pipeline/Pipeline->Illuminate/Pipeline/{closure}(Object(Illuminate/Http/Request))
#56 C:/Users/egiag/Downloads/Gabungan/greennovate_final/vendor/laravel/framework/src/Illuminate/Pipeline/Pipeline.php(219): Illuminate/Foundation/Http/Middleware/InvokeDeferredCallbacks->handle(Object(Illuminate/Http/Request), Object(Closure))
#57 C:/Users/egiag/Downloads/Gabungan/greennovate_final/vendor/laravel/framework/src/Illuminate/Http/Middleware/ValidatePathEncoding.php(26): Illuminate/Pipeline/Pipeline->Illuminate/Pipeline/{closure}(Object(Illuminate/Http/Request))
#58 C:/Users/egiag/Downloads/Gabungan/greennovate_final/vendor/laravel/framework/src/Illuminate/Pipeline/Pipeline.php(219): Illuminate/Http/Middleware/ValidatePathEncoding->handle(Object(Illuminate/Http/Request), Object(Closure))
#59 C:/Users/egiag/Downloads/Gabungan/greennovate_final/vendor/laravel/framework/src/Illuminate/Pipeline/Pipeline.php(137): Illuminate/Pipeline/Pipeline->Illuminate/Pipeline/{closure}(Object(Illuminate/Http/Request))
#60 C:/Users/egiag/Downloads/Gabungan/greennovate_final/vendor/laravel/framework/src/Illuminate/Foundation/Http/Kernel.php(175): Illuminate/Pipeline/Pipeline->then(Object(Closure))
#61 C:/Users/egiag/Downloads/Gabungan/greennovate_final/vendor/laravel/framework/src/Illuminate/Foundation/Http/Kernel.php(144): Illuminate/Foundation/Http/Kernel->sendRequestThroughRouter(Object(Illuminate/Http/Request))
#62 C:/Users/egiag/Downloads/Gabungan/greennovate_final/vendor/laravel/framework/src/Illuminate/Foundation/Application.php(1220): Illuminate/Foundation/Http/Kernel->handle(Object(Illuminate/Http/Request))
#63 C:/Users/egiag/Downloads/Gabungan/greennovate_final/public/index.php(20): Illuminate/Foundation/Application->handleRequest(Object(Illuminate/Http/Request))
#64 C:/Users/egiag/Downloads/Gabungan/greennovate_final/vendor/laravel/framework/src/Illuminate/Foundation/resources/server.php(23): require_once('C://Users//egiag//...')
#65 {main}

[previous exception] [object] (Symfony\\Component\\Routing\\Exception\\RouteNotFoundException(code: 0): Route [donations.index] not defined. at C:/Users/egiag/Downloads/Gabungan/greennovate_final/vendor/laravel/framework/src/Illuminate/Routing/UrlGenerator.php:528)
[stacktrace]
#0 C:/Users/egiag/Downloads/Gabungan/greennovate_final/vendor/laravel/framework/src/Illuminate/Foundation/helpers.php(870): Illuminate/Routing/UrlGenerator->route('donations.index', Array, true)
#1 C:/Users/egiag/Downloads/Gabungan/greennovate_final/storage/framework/views/6b8bf52b9817b7cc33941b765fd7bc51.php(174): route('donations.index')
#2 C:/Users/egiag/Downloads/Gabungan/greennovate_final/vendor/laravel/framework/src/Illuminate/Filesystem/Filesystem.php(123): require('C://Users//egiag//...')
#3 C:/Users/egiag/Downloads/Gabungan/greennovate_final/vendor/laravel/framework/src/Illuminate/Filesystem/Filesystem.php(124): Illuminate/Filesystem/Filesystem::Illuminate/Filesystem/{closure}()
#4 C:/Users/egiag/Downloads/Gabungan/greennovate_final/vendor/laravel/framework/src/Illuminate/View/Engines/PhpEngine.php(57): Illuminate/Filesystem/Filesystem->getRequire('C://Users//egiag//...', Array)
#5 C:/Users/egiag/Downloads/Gabungan/greennovate_final/vendor/laravel/framework/src/Illuminate/View/Engines/CompilerEngine.php(76): Illuminate/View/Engines/PhpEngine->evaluatePath('C://Users//egiag//...', Array)
#6 C:/Users/egiag/Downloads/Gabungan/greennovate_final/vendor/laravel/framework/src/Illuminate/View/View.php(208): Illuminate/View/Engines/CompilerEngine->get('C://Users//egiag//...', Array)
#7 C:/Users/egiag/Downloads/Gabungan/greennovate_final/vendor/laravel/framework/src/Illuminate/View/View.php(191): Illuminate/View/View->getContents()
#8 C:/Users/egiag/Downloads/Gabungan/greennovate_final/vendor/laravel/framework/src/Illuminate/View/View.php(160): Illuminate/View/View->renderContents()
#9 C:/Users/egiag/Downloads/Gabungan/greennovate_final/storage/framework/views/3f8d277bb46ed7b72bd7cf7f2cdc5aed.php(300): Illuminate/View/View->render()
#10 C:/Users/egiag/Downloads/Gabungan/greennovate_final/vendor/laravel/framework/src/Illuminate/Filesystem/Filesystem.php(123): require('C://Users//egiag//...')
#11 C:/Users/egiag/Downloads/Gabungan/greennovate_final/vendor/laravel/framework/src/Illuminate/Filesystem/Filesystem.php(124): Illuminate/Filesystem/Filesystem::Illuminate/Filesystem/{closure}()
#12 C:/Users/egiag/Downloads/Gabungan/greennovate_final/vendor/laravel/framework/src/Illuminate/View/Engines/PhpEngine.php(57): Illuminate/Filesystem/Filesystem->getRequire('C://Users//egiag//...', Array)
#13 C:/Users/egiag/Downloads/Gabungan/greennovate_final/vendor/laravel/framework/src/Illuminate/View/Engines/CompilerEngine.php(76): Illuminate/View/Engines/PhpEngine->evaluatePath('C://Users//egiag//...', Array)
#14 C:/Users/egiag/Downloads/Gabungan/greennovate_final/vendor/laravel/framework/src/Illuminate/View/View.php(208): Illuminate/View/Engines/CompilerEngine->get('C://Users//egiag//...', Array)
#15 C:/Users/egiag/Downloads/Gabungan/greennovate_final/vendor/laravel/framework/src/Illuminate/View/View.php(191): Illuminate/View/View->getContents()
#16 C:/Users/egiag/Downloads/Gabungan/greennovate_final/vendor/laravel/framework/src/Illuminate/View/View.php(160): Illuminate/View/View->renderContents()
#17 C:/Users/egiag/Downloads/Gabungan/greennovate_final/vendor/laravel/framework/src/Illuminate/Http/Response.php(78): Illuminate/View/View->render()
#18 C:/Users/egiag/Downloads/Gabungan/greennovate_final/vendor/laravel/framework/src/Illuminate/Http/Response.php(34): Illuminate/Http/Response->setContent(Object(Illuminate/View/View))
#19 C:/Users/egiag/Downloads/Gabungan/greennovate_final/vendor/laravel/framework/src/Illuminate/Routing/Router.php(939): Illuminate/Http/Response->__construct(Object(Illuminate/View/View), 200, Array)
#20 C:/Users/egiag/Downloads/Gabungan/greennovate_final/vendor/laravel/framework/src/Illuminate/Routing/Router.php(906): Illuminate/Routing/Router::toResponse(Object(Illuminate/Http/Request), Object(Illuminate/View/View))
#21 C:/Users/egiag/Downloads/Gabungan/greennovate_final/vendor/laravel/framework/src/Illuminate/Routing/Router.php(821): Illuminate/Routing/Router->prepareResponse(Object(Illuminate/Http/Request), Object(Illuminate/View/View))
#22 C:/Users/egiag/Downloads/Gabungan/greennovate_final/vendor/laravel/framework/src/Illuminate/Pipeline/Pipeline.php(180): Illuminate/Routing/Router->Illuminate/Routing/{closure}(Object(Illuminate/Http/Request))
#23 C:/Users/egiag/Downloads/Gabungan/greennovate_final/app/Http/Middleware/SetLocale.php(39): Illuminate/Pipeline/Pipeline->Illuminate/Pipeline/{closure}(Object(Illuminate/Http/Request))
#24 C:/Users/egiag/Downloads/Gabungan/greennovate_final/vendor/laravel/framework/src/Illuminate/Pipeline/Pipeline.php(219): App/Http/Middleware/SetLocale->handle(Object(Illuminate/Http/Request), Object(Closure))
#25 C:/Users/egiag/Downloads/Gabungan/greennovate_final/vendor/laravel/framework/src/Illuminate/Routing/Middleware/SubstituteBindings.php(50): Illuminate/Pipeline/Pipeline->Illuminate/Pipeline/{closure}(Object(Illuminate/Http/Request))
#26 C:/Users/egiag/Downloads/Gabungan/greennovate_final/vendor/laravel/framework/src/Illuminate/Pipeline/Pipeline.php(219): Illuminate/Routing/Middleware/SubstituteBindings->handle(Object(Illuminate/Http/Request), Object(Closure))
#27 C:/Users/egiag/Downloads/Gabungan/greennovate_final/vendor/laravel/framework/src/Illuminate/Foundation/Http/Middleware/VerifyCsrfToken.php(87): Illuminate/Pipeline/Pipeline->Illuminate/Pipeline/{closure}(Object(Illuminate/Http/Request))
#28 C:/Users/egiag/Downloads/Gabungan/greennovate_final/vendor/laravel/framework/src/Illuminate/Pipeline/Pipeline.php(219): Illuminate/Foundation/Http/Middleware/VerifyCsrfToken->handle(Object(Illuminate/Http/Request), Object(Closure))
#29 C:/Users/egiag/Downloads/Gabungan/greennovate_final/vendor/laravel/framework/src/Illuminate/View/Middleware/ShareErrorsFromSession.php(48): Illuminate/Pipeline/Pipeline->Illuminate/Pipeline/{closure}(Object(Illuminate/Http/Request))
#30 C:/Users/egiag/Downloads/Gabungan/greennovate_final/vendor/laravel/framework/src/Illuminate/Pipeline/Pipeline.php(219): Illuminate/View/Middleware/ShareErrorsFromSession->handle(Object(Illuminate/Http/Request), Object(Closure))
#31 C:/Users/egiag/Downloads/Gabungan/greennovate_final/vendor/laravel/framework/src/Illuminate/Session/Middleware/StartSession.php(120): Illuminate/Pipeline/Pipeline->Illuminate/Pipeline/{closure}(Object(Illuminate/Http/Request))
#32 C:/Users/egiag/Downloads/Gabungan/greennovate_final/vendor/laravel/framework/src/Illuminate/Session/Middleware/StartSession.php(63): Illuminate/Session/Middleware/StartSession->handleStatefulRequest(Object(Illuminate/Http/Request), Object(Illuminate/Session/Store), Object(Closure))
#33 C:/Users/egiag/Downloads/Gabungan/greennovate_final/vendor/laravel/framework/src/Illuminate/Pipeline/Pipeline.php(219): Illuminate/Session/Middleware/StartSession->handle(Object(Illuminate/Http/Request), Object(Closure))
#34 C:/Users/egiag/Downloads/Gabungan/greennovate_final/vendor/laravel/framework/src/Illuminate/Cookie/Middleware/AddQueuedCookiesToResponse.php(36): Illuminate/Pipeline/Pipeline->Illuminate/Pipeline/{closure}(Object(Illuminate/Http/Request))
#35 C:/Users/egiag/Downloads/Gabungan/greennovate_final/vendor/laravel/framework/src/Illuminate/Pipeline/Pipeline.php(219): Illuminate/Cookie/Middleware/AddQueuedCookiesToResponse->handle(Object(Illuminate/Http/Request), Object(Closure))
#36 C:/Users/egiag/Downloads/Gabungan/greennovate_final/vendor/laravel/framework/src/Illuminate/Cookie/Middleware/EncryptCookies.php(74): Illuminate/Pipeline/Pipeline->Illuminate/Pipeline/{closure}(Object(Illuminate/Http/Request))
#37 C:/Users/egiag/Downloads/Gabungan/greennovate_final/vendor/laravel/framework/src/Illuminate/Pipeline/Pipeline.php(219): Illuminate/Cookie/Middleware/EncryptCookies->handle(Object(Illuminate/Http/Request), Object(Closure))
#38 C:/Users/egiag/Downloads/Gabungan/greennovate_final/vendor/laravel/framework/src/Illuminate/Pipeline/Pipeline.php(137): Illuminate/Pipeline/Pipeline->Illuminate/Pipeline/{closure}(Object(Illuminate/Http/Request))
#39 C:/Users/egiag/Downloads/Gabungan/greennovate_final/vendor/laravel/framework/src/Illuminate/Routing/Router.php(821): Illuminate/Pipeline/Pipeline->then(Object(Closure))
#40 C:/Users/egiag/Downloads/Gabungan/greennovate_final/vendor/laravel/framework/src/Illuminate/Routing/Router.php(800): Illuminate/Routing/Router->runRouteWithinStack(Object(Illuminate/Routing/Route), Object(Illuminate/Http/Request))
#41 C:/Users/egiag/Downloads/Gabungan/greennovate_final/vendor/laravel/framework/src/Illuminate/Routing/Router.php(764): Illuminate/Routing/Router->runRoute(Object(Illuminate/Http/Request), Object(Illuminate/Routing/Route))
#42 C:/Users/egiag/Downloads/Gabungan/greennovate_final/vendor/laravel/framework/src/Illuminate/Routing/Router.php(753): Illuminate/Routing/Router->dispatchToRoute(Object(Illuminate/Http/Request))
#43 C:/Users/egiag/Downloads/Gabungan/greennovate_final/vendor/laravel/framework/src/Illuminate/Foundation/Http/Kernel.php(200): Illuminate/Routing/Router->dispatch(Object(Illuminate/Http/Request))
#44 C:/Users/egiag/Downloads/Gabungan/greennovate_final/vendor/laravel/framework/src/Illuminate/Pipeline/Pipeline.php(180): Illuminate/Foundation/Http/Kernel->Illuminate/Foundation/Http/{closure}(Object(Illuminate/Http/Request))
#45 C:/Users/egiag/Downloads/Gabungan/greennovate_final/vendor/laravel/framework/src/Illuminate/Foundation/Http/Middleware/TransformsRequest.php(21): Illuminate/Pipeline/Pipeline->Illuminate/Pipeline/{closure}(Object(Illuminate/Http/Request))
#46 C:/Users/egiag/Downloads/Gabungan/greennovate_final/vendor/laravel/framework/src/Illuminate/Foundation/Http/Middleware/ConvertEmptyStringsToNull.php(31): Illuminate/Foundation/Http/Middleware/TransformsRequest->handle(Object(Illuminate/Http/Request), Object(Closure))
#47 C:/Users/egiag/Downloads/Gabungan/greennovate_final/vendor/laravel/framework/src/Illuminate/Pipeline/Pipeline.php(219): Illuminate/Foundation/Http/Middleware/ConvertEmptyStringsToNull->handle(Object(Illuminate/Http/Request), Object(Closure))
#48 C:/Users/egiag/Downloads/Gabungan/greennovate_final/vendor/laravel/framework/src/Illuminate/Foundation/Http/Middleware/TransformsRequest.php(21): Illuminate/Pipeline/Pipeline->Illuminate/Pipeline/{closure}(Object(Illuminate/Http/Request))
#49 C:/Users/egiag/Downloads/Gabungan/greennovate_final/vendor/laravel/framework/src/Illuminate/Foundation/Http/Middleware/TrimStrings.php(51): Illuminate/Foundation/Http/Middleware/TransformsRequest->handle(Object(Illuminate/Http/Request), Object(Closure))
#50 C:/Users/egiag/Downloads/Gabungan/greennovate_final/vendor/laravel/framework/src/Illuminate/Pipeline/Pipeline.php(219): Illuminate/Foundation/Http/Middleware/TrimStrings->handle(Object(Illuminate/Http/Request), Object(Closure))
#51 C:/Users/egiag/Downloads/Gabungan/greennovate_final/vendor/laravel/framework/src/Illuminate/Http/Middleware/ValidatePostSize.php(27): Illuminate/Pipeline/Pipeline->Illuminate/Pipeline/{closure}(Object(Illuminate/Http/Request))
#52 C:/Users/egiag/Downloads/Gabungan/greennovate_final/vendor/laravel/framework/src/Illuminate/Pipeline/Pipeline.php(219): Illuminate/Http/Middleware/ValidatePostSize->handle(Object(Illuminate/Http/Request), Object(Closure))
#53 C:/Users/egiag/Downloads/Gabungan/greennovate_final/vendor/laravel/framework/src/Illuminate/Foundation/Http/Middleware/PreventRequestsDuringMaintenance.php(109): Illuminate/Pipeline/Pipeline->Illuminate/Pipeline/{closure}(Object(Illuminate/Http/Request))
#54 C:/Users/egiag/Downloads/Gabungan/greennovate_final/vendor/laravel/framework/src/Illuminate/Pipeline/Pipeline.php(219): Illuminate/Foundation/Http/Middleware/PreventRequestsDuringMaintenance->handle(Object(Illuminate/Http/Request), Object(Closure))
#55 C:/Users/egiag/Downloads/Gabungan/greennovate_final/vendor/laravel/framework/src/Illuminate/Http/Middleware/HandleCors.php(61): Illuminate/Pipeline/Pipeline->Illuminate/Pipeline/{closure}(Object(Illuminate/Http/Request))
#56 C:/Users/egiag/Downloads/Gabungan/greennovate_final/vendor/laravel/framework/src/Illuminate/Pipeline/Pipeline.php(219): Illuminate/Http/Middleware/HandleCors->handle(Object(Illuminate/Http/Request), Object(Closure))
#57 C:/Users/egiag/Downloads/Gabungan/greennovate_final/vendor/laravel/framework/src/Illuminate/Http/Middleware/TrustProxies.php(58): Illuminate/Pipeline/Pipeline->Illuminate/Pipeline/{closure}(Object(Illuminate/Http/Request))
#58 C:/Users/egiag/Downloads/Gabungan/greennovate_final/vendor/laravel/framework/src/Illuminate/Pipeline/Pipeline.php(219): Illuminate/Http/Middleware/TrustProxies->handle(Object(Illuminate/Http/Request), Object(Closure))
#59 C:/Users/egiag/Downloads/Gabungan/greennovate_final/vendor/laravel/framework/src/Illuminate/Foundation/Http/Middleware/InvokeDeferredCallbacks.php(22): Illuminate/Pipeline/Pipeline->Illuminate/Pipeline/{closure}(Object(Illuminate/Http/Request))
#60 C:/Users/egiag/Downloads/Gabungan/greennovate_final/vendor/laravel/framework/src/Illuminate/Pipeline/Pipeline.php(219): Illuminate/Foundation/Http/Middleware/InvokeDeferredCallbacks->handle(Object(Illuminate/Http/Request), Object(Closure))
#61 C:/Users/egiag/Downloads/Gabungan/greennovate_final/vendor/laravel/framework/src/Illuminate/Http/Middleware/ValidatePathEncoding.php(26): Illuminate/Pipeline/Pipeline->Illuminate/Pipeline/{closure}(Object(Illuminate/Http/Request))
#62 C:/Users/egiag/Downloads/Gabungan/greennovate_final/vendor/laravel/framework/src/Illuminate/Pipeline/Pipeline.php(219): Illuminate/Http/Middleware/ValidatePathEncoding->handle(Object(Illuminate/Http/Request), Object(Closure))
#63 C:/Users/egiag/Downloads/Gabungan/greennovate_final/vendor/laravel/framework/src/Illuminate/Pipeline/Pipeline.php(137): Illuminate/Pipeline/Pipeline->Illuminate/Pipeline/{closure}(Object(Illuminate/Http/Request))
#64 C:/Users/egiag/Downloads/Gabungan/greennovate_final/vendor/laravel/framework/src/Illuminate/Foundation/Http/Kernel.php(175): Illuminate/Pipeline/Pipeline->then(Object(Closure))
#65 C:/Users/egiag/Downloads/Gabungan/greennovate_final/vendor/laravel/framework/src/Illuminate/Foundation/Http/Kernel.php(144): Illuminate/Foundation/Http/Kernel->sendRequestThroughRouter(Object(Illuminate/Http/Request))
#66 C:/Users/egiag/Downloads/Gabungan/greennovate_final/vendor/laravel/framework/src/Illuminate/Foundation/Application.php(1220): Illuminate/Foundation/Http/Kernel->handle(Object(Illuminate/Http/Request))
#67 C:/Users/egiag/Downloads/Gabungan/greennovate_final/public/index.php(20): Illuminate/Foundation/Application->handleRequest(Object(Illuminate/Http/Request))
#68 C:/Users/egiag/Downloads/Gabungan/greennovate_final/vendor/laravel/framework/src/Illuminate/Foundation/resources/server.php(23): require_once('C://Users//egiag//...')
#69 {main}
"} 
[2026-06-02 09:02:58] local.ERROR: SQLSTATE[08006] [7] could not translate host name "ep-sweet-bonus-anb5fldu-pooler.c-6.us-east-1.aws.neon.tech" to address: nodename nor servname provided, or not known (Connection: pgsql, Host: ep-sweet-bonus-anb5fldu-pooler.c-6.us-east-1.aws.neon.tech, Port: 5432, Database: Greenovete, SQL: select count(*) as aggregate from "users" where "role" != admin) {"exception":"[object] (Illuminate\\Database\\QueryException(code: 7): SQLSTATE[08006] [7] could not translate host name \"ep-sweet-bonus-anb5fldu-pooler.c-6.us-east-1.aws.neon.tech\" to address: nodename nor servname provided, or not known (Connection: pgsql, Host: ep-sweet-bonus-anb5fldu-pooler.c-6.us-east-1.aws.neon.tech, Port: 5432, Database: Greenovete, SQL: select count(*) as aggregate from \"users\" where \"role\" != admin) at /Users/awangwahyu/Documents/GitHub/SI4705-KELA/greennovate1/vendor/laravel/framework/src/Illuminate/Database/Connection.php:838)
[stacktrace]
#0 /Users/awangwahyu/Documents/GitHub/SI4705-KELA/greennovate1/vendor/laravel/framework/src/Illuminate/Database/Connection.php(999): Illuminate\\Database\\Connection->runQueryCallback('select count(*)...', Array, Object(Closure))
#1 /Users/awangwahyu/Documents/GitHub/SI4705-KELA/greennovate1/vendor/laravel/framework/src/Illuminate/Database/Connection.php(978): Illuminate\\Database\\Connection->tryAgainIfCausedByLostConnection(Object(Illuminate\\Database\\QueryException), 'select count(*)...', Array, Object(Closure))
#2 /Users/awangwahyu/Documents/GitHub/SI4705-KELA/greennovate1/vendor/laravel/framework/src/Illuminate/Database/Connection.php(796): Illuminate\\Database\\Connection->handleQueryException(Object(Illuminate\\Database\\QueryException), 'select count(*)...', Array, Object(Closure))
#3 /Users/awangwahyu/Documents/GitHub/SI4705-KELA/greennovate1/vendor/laravel/framework/src/Illuminate/Database/Connection.php(411): Illuminate\\Database\\Connection->run('select count(*)...', Array, Object(Closure))
#4 /Users/awangwahyu/Documents/GitHub/SI4705-KELA/greennovate1/vendor/laravel/framework/src/Illuminate/Database/Query/Builder.php(3505): Illuminate\\Database\\Connection->select('select count(*)...', Array, true)
#5 /Users/awangwahyu/Documents/GitHub/SI4705-KELA/greennovate1/vendor/laravel/framework/src/Illuminate/Database/Query/Builder.php(3490): Illuminate\\Database\\Query\\Builder->runSelect()
#6 /Users/awangwahyu/Documents/GitHub/SI4705-KELA/greennovate1/vendor/laravel/framework/src/Illuminate/Database/Query/Builder.php(4080): Illuminate\\Database\\Query\\Builder->{closure:Illuminate\\Database\\Query\\Builder::get():3489}()
#7 /Users/awangwahyu/Documents/GitHub/SI4705-KELA/greennovate1/vendor/laravel/framework/src/Illuminate/Database/Query/Builder.php(3489): Illuminate\\Database\\Query\\Builder->onceWithColumns(Array, Object(Closure))
#8 /Users/awangwahyu/Documents/GitHub/SI4705-KELA/greennovate1/vendor/laravel/framework/src/Illuminate/Database/Query/Builder.php(4004): Illuminate\\Database\\Query\\Builder->get(Array)
#9 /Users/awangwahyu/Documents/GitHub/SI4705-KELA/greennovate1/vendor/laravel/framework/src/Illuminate/Database/Query/Builder.php(3932): Illuminate\\Database\\Query\\Builder->aggregate('count', Array)
#10 /Users/awangwahyu/Documents/GitHub/SI4705-KELA/greennovate1/vendor/laravel/framework/src/Illuminate/Database/Eloquent/Builder.php(2237): Illuminate\\Database\\Query\\Builder->count()
#11 /Users/awangwahyu/Documents/GitHub/SI4705-KELA/greennovate1/app/Http/Controllers/LandingController.php(14): Illuminate\\Database\\Eloquent\\Builder->__call('count', Array)
#12 /Users/awangwahyu/Documents/GitHub/SI4705-KELA/greennovate1/vendor/laravel/framework/src/Illuminate/Routing/ControllerDispatcher.php(46): App\\Http\\Controllers\\LandingController->index()
#13 /Users/awangwahyu/Documents/GitHub/SI4705-KELA/greennovate1/vendor/laravel/framework/src/Illuminate/Routing/Route.php(265): Illuminate\\Routing\\ControllerDispatcher->dispatch(Object(Illuminate\\Routing\\Route), Object(App\\Http\\Controllers\\LandingController), 'index')
#14 /Users/awangwahyu/Documents/GitHub/SI4705-KELA/greennovate1/vendor/laravel/framework/src/Illuminate/Routing/Route.php(211): Illuminate\\Routing\\Route->runController()
#15 /Users/awangwahyu/Documents/GitHub/SI4705-KELA/greennovate1/vendor/laravel/framework/src/Illuminate/Routing/Router.php(822): Illuminate\\Routing\\Route->run()
#16 /Users/awangwahyu/Documents/GitHub/SI4705-KELA/greennovate1/vendor/laravel/framework/src/Illuminate/Pipeline/Pipeline.php(180): Illuminate\\Routing\\Router->{closure:Illuminate\\Routing\\Router::runRouteWithinStack():821}(Object(Illuminate\\Http\\Request))
#17 /Users/awangwahyu/Documents/GitHub/SI4705-KELA/greennovate1/app/Http/Middleware/SetLocale.php(39): Illuminate\\Pipeline\\Pipeline->{closure:Illuminate\\Pipeline\\Pipeline::prepareDestination():178}(Object(Illuminate\\Http\\Request))
#18 /Users/awangwahyu/Documents/GitHub/SI4705-KELA/greennovate1/vendor/laravel/framework/src/Illuminate/Pipeline/Pipeline.php(219): App\\Http\\Middleware\\SetLocale->handle(Object(Illuminate\\Http\\Request), Object(Closure))
#19 /Users/awangwahyu/Documents/GitHub/SI4705-KELA/greennovate1/vendor/laravel/framework/src/Illuminate/Routing/Middleware/SubstituteBindings.php(50): Illuminate\\Pipeline\\Pipeline->{closure:{closure:Illuminate\\Pipeline\\Pipeline::carry():194}:195}(Object(Illuminate\\Http\\Request))
#20 /Users/awangwahyu/Documents/GitHub/SI4705-KELA/greennovate1/vendor/laravel/framework/src/Illuminate/Pipeline/Pipeline.php(219): Illuminate\\Routing\\Middleware\\SubstituteBindings->handle(Object(Illuminate\\Http\\Request), Object(Closure))
#21 /Users/awangwahyu/Documents/GitHub/SI4705-KELA/greennovate1/vendor/laravel/framework/src/Illuminate/Foundation/Http/Middleware/VerifyCsrfToken.php(87): Illuminate\\Pipeline\\Pipeline->{closure:{closure:Illuminate\\Pipeline\\Pipeline::carry():194}:195}(Object(Illuminate\\Http\\Request))
#22 /Users/awangwahyu/Documents/GitHub/SI4705-KELA/greennovate1/vendor/laravel/framework/src/Illuminate/Pipeline/Pipeline.php(219): Illuminate\\Foundation\\Http\\Middleware\\VerifyCsrfToken->handle(Object(Illuminate\\Http\\Request), Object(Closure))
#23 /Users/awangwahyu/Documents/GitHub/SI4705-KELA/greennovate1/vendor/laravel/framework/src/Illuminate/View/Middleware/ShareErrorsFromSession.php(48): Illuminate\\Pipeline\\Pipeline->{closure:{closure:Illuminate\\Pipeline\\Pipeline::carry():194}:195}(Object(Illuminate\\Http\\Request))
#24 /Users/awangwahyu/Documents/GitHub/SI4705-KELA/greennovate1/vendor/laravel/framework/src/Illuminate/Pipeline/Pipeline.php(219): Illuminate\\View\\Middleware\\ShareErrorsFromSession->handle(Object(Illuminate\\Http\\Request), Object(Closure))
#25 /Users/awangwahyu/Documents/GitHub/SI4705-KELA/greennovate1/vendor/laravel/framework/src/Illuminate/Session/Middleware/StartSession.php(120): Illuminate\\Pipeline\\Pipeline->{closure:{closure:Illuminate\\Pipeline\\Pipeline::carry():194}:195}(Object(Illuminate\\Http\\Request))
#26 /Users/awangwahyu/Documents/GitHub/SI4705-KELA/greennovate1/vendor/laravel/framework/src/Illuminate/Session/Middleware/StartSession.php(63): Illuminate\\Session\\Middleware\\StartSession->handleStatefulRequest(Object(Illuminate\\Http\\Request), Object(Illuminate\\Session\\Store), Object(Closure))
#27 /Users/awangwahyu/Documents/GitHub/SI4705-KELA/greennovate1/vendor/laravel/framework/src/Illuminate/Pipeline/Pipeline.php(219): Illuminate\\Session\\Middleware\\StartSession->handle(Object(Illuminate\\Http\\Request), Object(Closure))
#28 /Users/awangwahyu/Documents/GitHub/SI4705-KELA/greennovate1/vendor/laravel/framework/src/Illuminate/Cookie/Middleware/AddQueuedCookiesToResponse.php(36): Illuminate\\Pipeline\\Pipeline->{closure:{closure:Illuminate\\Pipeline\\Pipeline::carry():194}:195}(Object(Illuminate\\Http\\Request))
#29 /Users/awangwahyu/Documents/GitHub/SI4705-KELA/greennovate1/vendor/laravel/framework/src/Illuminate/Pipeline/Pipeline.php(219): Illuminate\\Cookie\\Middleware\\AddQueuedCookiesToResponse->handle(Object(Illuminate\\Http\\Request), Object(Closure))
#30 /Users/awangwahyu/Documents/GitHub/SI4705-KELA/greennovate1/vendor/laravel/framework/src/Illuminate/Cookie/Middleware/EncryptCookies.php(74): Illuminate\\Pipeline\\Pipeline->{closure:{closure:Illuminate\\Pipeline\\Pipeline::carry():194}:195}(Object(Illuminate\\Http\\Request))
#31 /Users/awangwahyu/Documents/GitHub/SI4705-KELA/greennovate1/vendor/laravel/framework/src/Illuminate/Pipeline/Pipeline.php(219): Illuminate\\Cookie\\Middleware\\EncryptCookies->handle(Object(Illuminate\\Http\\Request), Object(Closure))
#32 /Users/awangwahyu/Documents/GitHub/SI4705-KELA/greennovate1/vendor/laravel/framework/src/Illuminate/Pipeline/Pipeline.php(137): Illuminate\\Pipeline\\Pipeline->{closure:{closure:Illuminate\\Pipeline\\Pipeline::carry():194}:195}(Object(Illuminate\\Http\\Request))
#33 /Users/awangwahyu/Documents/GitHub/SI4705-KELA/greennovate1/vendor/laravel/framework/src/Illuminate/Routing/Router.php(821): Illuminate\\Pipeline\\Pipeline->then(Object(Closure))
#34 /Users/awangwahyu/Documents/GitHub/SI4705-KELA/greennovate1/vendor/laravel/framework/src/Illuminate/Routing/Router.php(800): Illuminate\\Routing\\Router->runRouteWithinStack(Object(Illuminate\\Routing\\Route), Object(Illuminate\\Http\\Request))
#35 /Users/awangwahyu/Documents/GitHub/SI4705-KELA/greennovate1/vendor/laravel/framework/src/Illuminate/Routing/Router.php(764): Illuminate\\Routing\\Router->runRoute(Object(Illuminate\\Http\\Request), Object(Illuminate\\Routing\\Route))
#36 /Users/awangwahyu/Documents/GitHub/SI4705-KELA/greennovate1/vendor/laravel/framework/src/Illuminate/Routing/Router.php(753): Illuminate\\Routing\\Router->dispatchToRoute(Object(Illuminate\\Http\\Request))
#37 /Users/awangwahyu/Documents/GitHub/SI4705-KELA/greennovate1/vendor/laravel/framework/src/Illuminate/Foundation/Http/Kernel.php(200): Illuminate\\Routing\\Router->dispatch(Object(Illuminate\\Http\\Request))
#38 /Users/awangwahyu/Documents/GitHub/SI4705-KELA/greennovate1/vendor/laravel/framework/src/Illuminate/Pipeline/Pipeline.php(180): Illuminate\\Foundation\\Http\\Kernel->{closure:Illuminate\\Foundation\\Http\\Kernel::dispatchToRouter():197}(Object(Illuminate\\Http\\Request))
#39 /Users/awangwahyu/Documents/GitHub/SI4705-KELA/greennovate1/vendor/laravel/framework/src/Illuminate/Foundation/Http/Middleware/TransformsRequest.php(21): Illuminate\\Pipeline\\Pipeline->{closure:Illuminate\\Pipeline\\Pipeline::prepareDestination():178}(Object(Illuminate\\Http\\Request))
#40 /Users/awangwahyu/Documents/GitHub/SI4705-KELA/greennovate1/vendor/laravel/framework/src/Illuminate/Foundation/Http/Middleware/ConvertEmptyStringsToNull.php(31): Illuminate\\Foundation\\Http\\Middleware\\TransformsRequest->handle(Object(Illuminate\\Http\\Request), Object(Closure))
#41 /Users/awangwahyu/Documents/GitHub/SI4705-KELA/greennovate1/vendor/laravel/framework/src/Illuminate/Pipeline/Pipeline.php(219): Illuminate\\Foundation\\Http\\Middleware\\ConvertEmptyStringsToNull->handle(Object(Illuminate\\Http\\Request), Object(Closure))
#42 /Users/awangwahyu/Documents/GitHub/SI4705-KELA/greennovate1/vendor/laravel/framework/src/Illuminate/Foundation/Http/Middleware/TransformsRequest.php(21): Illuminate\\Pipeline\\Pipeline->{closure:{closure:Illuminate\\Pipeline\\Pipeline::carry():194}:195}(Object(Illuminate\\Http\\Request))
#43 /Users/awangwahyu/Documents/GitHub/SI4705-KELA/greennovate1/vendor/laravel/framework/src/Illuminate/Foundation/Http/Middleware/TrimStrings.php(51): Illuminate\\Foundation\\Http\\Middleware\\TransformsRequest->handle(Object(Illuminate\\Http\\Request), Object(Closure))
#44 /Users/awangwahyu/Documents/GitHub/SI4705-KELA/greennovate1/vendor/laravel/framework/src/Illuminate/Pipeline/Pipeline.php(219): Illuminate\\Foundation\\Http\\Middleware\\TrimStrings->handle(Object(Illuminate\\Http\\Request), Object(Closure))
#45 /Users/awangwahyu/Documents/GitHub/SI4705-KELA/greennovate1/vendor/laravel/framework/src/Illuminate/Http/Middleware/ValidatePostSize.php(27): Illuminate\\Pipeline\\Pipeline->{closure:{closure:Illuminate\\Pipeline\\Pipeline::carry():194}:195}(Object(Illuminate\\Http\\Request))
#46 /Users/awangwahyu/Documents/GitHub/SI4705-KELA/greennovate1/vendor/laravel/framework/src/Illuminate/Pipeline/Pipeline.php(219): Illuminate\\Http\\Middleware\\ValidatePostSize->handle(Object(Illuminate\\Http\\Request), Object(Closure))
#47 /Users/awangwahyu/Documents/GitHub/SI4705-KELA/greennovate1/vendor/laravel/framework/src/Illuminate/Foundation/Http/Middleware/PreventRequestsDuringMaintenance.php(109): Illuminate\\Pipeline\\Pipeline->{closure:{closure:Illuminate\\Pipeline\\Pipeline::carry():194}:195}(Object(Illuminate\\Http\\Request))
#48 /Users/awangwahyu/Documents/GitHub/SI4705-KELA/greennovate1/vendor/laravel/framework/src/Illuminate/Pipeline/Pipeline.php(219): Illuminate\\Foundation\\Http\\Middleware\\PreventRequestsDuringMaintenance->handle(Object(Illuminate\\Http\\Request), Object(Closure))
#49 /Users/awangwahyu/Documents/GitHub/SI4705-KELA/greennovate1/vendor/laravel/framework/src/Illuminate/Http/Middleware/HandleCors.php(61): Illuminate\\Pipeline\\Pipeline->{closure:{closure:Illuminate\\Pipeline\\Pipeline::carry():194}:195}(Object(Illuminate\\Http\\Request))
#50 /Users/awangwahyu/Documents/GitHub/SI4705-KELA/greennovate1/vendor/laravel/framework/src/Illuminate/Pipeline/Pipeline.php(219): Illuminate\\Http\\Middleware\\HandleCors->handle(Object(Illuminate\\Http\\Request), Object(Closure))
#51 /Users/awangwahyu/Documents/GitHub/SI4705-KELA/greennovate1/vendor/laravel/framework/src/Illuminate/Http/Middleware/TrustProxies.php(58): Illuminate\\Pipeline\\Pipeline->{closure:{closure:Illuminate\\Pipeline\\Pipeline::carry():194}:195}(Object(Illuminate\\Http\\Request))
#52 /Users/awangwahyu/Documents/GitHub/SI4705-KELA/greennovate1/vendor/laravel/framework/src/Illuminate/Pipeline/Pipeline.php(219): Illuminate\\Http\\Middleware\\TrustProxies->handle(Object(Illuminate\\Http\\Request), Object(Closure))
#53 /Users/awangwahyu/Documents/GitHub/SI4705-KELA/greennovate1/vendor/laravel/framework/src/Illuminate/Foundation/Http/Middleware/InvokeDeferredCallbacks.php(22): Illuminate\\Pipeline\\Pipeline->{closure:{closure:Illuminate\\Pipeline\\Pipeline::carry():194}:195}(Object(Illuminate\\Http\\Request))
#54 /Users/awangwahyu/Documents/GitHub/SI4705-KELA/greennovate1/vendor/laravel/framework/src/Illuminate/Pipeline/Pipeline.php(219): Illuminate\\Foundation\\Http\\Middleware\\InvokeDeferredCallbacks->handle(Object(Illuminate\\Http\\Request), Object(Closure))
#55 /Users/awangwahyu/Documents/GitHub/SI4705-KELA/greennovate1/vendor/laravel/framework/src/Illuminate/Http/Middleware/ValidatePathEncoding.php(26): Illuminate\\Pipeline\\Pipeline->{closure:{closure:Illuminate\\Pipeline\\Pipeline::carry():194}:195}(Object(Illuminate\\Http\\Request))
#56 /Users/awangwahyu/Documents/GitHub/SI4705-KELA/greennovate1/vendor/laravel/framework/src/Illuminate/Pipeline/Pipeline.php(219): Illuminate\\Http\\Middleware\\ValidatePathEncoding->handle(Object(Illuminate\\Http\\Request), Object(Closure))
#57 /Users/awangwahyu/Documents/GitHub/SI4705-KELA/greennovate1/vendor/laravel/framework/src/Illuminate/Pipeline/Pipeline.php(137): Illuminate\\Pipeline\\Pipeline->{closure:{closure:Illuminate\\Pipeline\\Pipeline::carry():194}:195}(Object(Illuminate\\Http\\Request))
#58 /Users/awangwahyu/Documents/GitHub/SI4705-KELA/greennovate1/vendor/laravel/framework/src/Illuminate/Foundation/Http/Kernel.php(175): Illuminate\\Pipeline\\Pipeline->then(Object(Closure))
#59 /Users/awangwahyu/Documents/GitHub/SI4705-KELA/greennovate1/vendor/laravel/framework/src/Illuminate/Foundation/Http/Kernel.php(144): Illuminate\\Foundation\\Http\\Kernel->sendRequestThroughRouter(Object(Illuminate\\Http\\Request))
#60 /Users/awangwahyu/Documents/GitHub/SI4705-KELA/greennovate1/vendor/laravel/framework/src/Illuminate/Foundation/Application.php(1220): Illuminate\\Foundation\\Http\\Kernel->handle(Object(Illuminate\\Http\\Request))
#61 /Users/awangwahyu/Documents/GitHub/SI4705-KELA/greennovate1/public/index.php(20): Illuminate\\Foundation\\Application->handleRequest(Object(Illuminate\\Http\\Request))
#62 /Users/awangwahyu/Documents/GitHub/SI4705-KELA/greennovate1/vendor/laravel/framework/src/Illuminate/Foundation/resources/server.php(23): require_once('/Users/awangwah...')
#63 {main}

[previous exception] [object] (PDOException(code: 7): SQLSTATE[08006] [7] could not translate host name \"ep-sweet-bonus-anb5fldu-pooler.c-6.us-east-1.aws.neon.tech\" to address: nodename nor servname provided, or not known at /Users/awangwahyu/Documents/GitHub/SI4705-KELA/greennovate1/vendor/laravel/framework/src/Illuminate/Database/Connectors/Connector.php:67)
[stacktrace]
#0 /Users/awangwahyu/Documents/GitHub/SI4705-KELA/greennovate1/vendor/laravel/framework/src/Illuminate/Database/Connectors/Connector.php(67): PDO::connect('pgsql:host=ep-s...', 'neondb_owner', Object(SensitiveParameterValue), Array)
#1 /Users/awangwahyu/Documents/GitHub/SI4705-KELA/greennovate1/vendor/laravel/framework/src/Illuminate/Database/Connectors/Connector.php(85): Illuminate\\Database\\Connectors\\Connector->createPdoConnection('pgsql:host=ep-s...', 'neondb_owner', Object(SensitiveParameterValue), Array)
#2 /Users/awangwahyu/Documents/GitHub/SI4705-KELA/greennovate1/vendor/laravel/framework/src/Illuminate/Database/Connectors/Connector.php(48): Illuminate\\Database\\Connectors\\Connector->tryAgainIfCausedByLostConnection(Object(PDOException), 'pgsql:host=ep-s...', 'neondb_owner', Object(SensitiveParameterValue), Array)
#3 /Users/awangwahyu/Documents/GitHub/SI4705-KELA/greennovate1/vendor/laravel/framework/src/Illuminate/Database/Connectors/PostgresConnector.php(35): Illuminate\\Database\\Connectors\\Connector->createConnection('pgsql:host=ep-s...', Array, Array)
#4 /Users/awangwahyu/Documents/GitHub/SI4705-KELA/greennovate1/vendor/laravel/framework/src/Illuminate/Database/Connectors/ConnectionFactory.php(186): Illuminate\\Database\\Connectors\\PostgresConnector->connect(Array)
#5 [internal function]: Illuminate\\Database\\Connectors\\ConnectionFactory->{closure:Illuminate\\Database\\Connectors\\ConnectionFactory::createPdoResolverWithHosts():181}()
#6 /Users/awangwahyu/Documents/GitHub/SI4705-KELA/greennovate1/vendor/laravel/framework/src/Illuminate/Database/Connection.php(1257): call_user_func(Object(Closure))
#7 /Users/awangwahyu/Documents/GitHub/SI4705-KELA/greennovate1/vendor/laravel/framework/src/Illuminate/Database/Connection.php(1295): Illuminate\\Database\\Connection->getPdo()
#8 /Users/awangwahyu/Documents/GitHub/SI4705-KELA/greennovate1/vendor/laravel/framework/src/Illuminate/Database/Connection.php(525): Illuminate\\Database\\Connection->getReadPdo()
#9 /Users/awangwahyu/Documents/GitHub/SI4705-KELA/greennovate1/vendor/laravel/framework/src/Illuminate/Database/Connection.php(420): Illuminate\\Database\\Connection->getPdoForSelect(true)
#10 /Users/awangwahyu/Documents/GitHub/SI4705-KELA/greennovate1/vendor/laravel/framework/src/Illuminate/Database/Connection.php(827): Illuminate\\Database\\Connection->{closure:Illuminate\\Database\\Connection::select():411}('select count(*)...', Array)
#11 /Users/awangwahyu/Documents/GitHub/SI4705-KELA/greennovate1/vendor/laravel/framework/src/Illuminate/Database/Connection.php(999): Illuminate\\Database\\Connection->runQueryCallback('select count(*)...', Array, Object(Closure))
#12 /Users/awangwahyu/Documents/GitHub/SI4705-KELA/greennovate1/vendor/laravel/framework/src/Illuminate/Database/Connection.php(978): Illuminate\\Database\\Connection->tryAgainIfCausedByLostConnection(Object(Illuminate\\Database\\QueryException), 'select count(*)...', Array, Object(Closure))
#13 /Users/awangwahyu/Documents/GitHub/SI4705-KELA/greennovate1/vendor/laravel/framework/src/Illuminate/Database/Connection.php(796): Illuminate\\Database\\Connection->handleQueryException(Object(Illuminate\\Database\\QueryException), 'select count(*)...', Array, Object(Closure))
#14 /Users/awangwahyu/Documents/GitHub/SI4705-KELA/greennovate1/vendor/laravel/framework/src/Illuminate/Database/Connection.php(411): Illuminate\\Database\\Connection->run('select count(*)...', Array, Object(Closure))
#15 /Users/awangwahyu/Documents/GitHub/SI4705-KELA/greennovate1/vendor/laravel/framework/src/Illuminate/Database/Query/Builder.php(3505): Illuminate\\Database\\Connection->select('select count(*)...', Array, true)
#16 /Users/awangwahyu/Documents/GitHub/SI4705-KELA/greennovate1/vendor/laravel/framework/src/Illuminate/Database/Query/Builder.php(3490): Illuminate\\Database\\Query\\Builder->runSelect()
#17 /Users/awangwahyu/Documents/GitHub/SI4705-KELA/greennovate1/vendor/laravel/framework/src/Illuminate/Database/Query/Builder.php(4080): Illuminate\\Database\\Query\\Builder->{closure:Illuminate\\Database\\Query\\Builder::get():3489}()
#18 /Users/awangwahyu/Documents/GitHub/SI4705-KELA/greennovate1/vendor/laravel/framework/src/Illuminate/Database/Query/Builder.php(3489): Illuminate\\Database\\Query\\Builder->onceWithColumns(Array, Object(Closure))
#19 /Users/awangwahyu/Documents/GitHub/SI4705-KELA/greennovate1/vendor/laravel/framework/src/Illuminate/Database/Query/Builder.php(4004): Illuminate\\Database\\Query\\Builder->get(Array)
#20 /Users/awangwahyu/Documents/GitHub/SI4705-KELA/greennovate1/vendor/laravel/framework/src/Illuminate/Database/Query/Builder.php(3932): Illuminate\\Database\\Query\\Builder->aggregate('count', Array)
#21 /Users/awangwahyu/Documents/GitHub/SI4705-KELA/greennovate1/vendor/laravel/framework/src/Illuminate/Database/Eloquent/Builder.php(2237): Illuminate\\Database\\Query\\Builder->count()
#22 /Users/awangwahyu/Documents/GitHub/SI4705-KELA/greennovate1/app/Http/Controllers/LandingController.php(14): Illuminate\\Database\\Eloquent\\Builder->__call('count', Array)
#23 /Users/awangwahyu/Documents/GitHub/SI4705-KELA/greennovate1/vendor/laravel/framework/src/Illuminate/Routing/ControllerDispatcher.php(46): App\\Http\\Controllers\\LandingController->index()
#24 /Users/awangwahyu/Documents/GitHub/SI4705-KELA/greennovate1/vendor/laravel/framework/src/Illuminate/Routing/Route.php(265): Illuminate\\Routing\\ControllerDispatcher->dispatch(Object(Illuminate\\Routing\\Route), Object(App\\Http\\Controllers\\LandingController), 'index')
#25 /Users/awangwahyu/Documents/GitHub/SI4705-KELA/greennovate1/vendor/laravel/framework/src/Illuminate/Routing/Route.php(211): Illuminate\\Routing\\Route->runController()
#26 /Users/awangwahyu/Documents/GitHub/SI4705-KELA/greennovate1/vendor/laravel/framework/src/Illuminate/Routing/Router.php(822): Illuminate\\Routing\\Route->run()
#27 /Users/awangwahyu/Documents/GitHub/SI4705-KELA/greennovate1/vendor/laravel/framework/src/Illuminate/Pipeline/Pipeline.php(180): Illuminate\\Routing\\Router->{closure:Illuminate\\Routing\\Router::runRouteWithinStack():821}(Object(Illuminate\\Http\\Request))
#28 /Users/awangwahyu/Documents/GitHub/SI4705-KELA/greennovate1/app/Http/Middleware/SetLocale.php(39): Illuminate\\Pipeline\\Pipeline->{closure:Illuminate\\Pipeline\\Pipeline::prepareDestination():178}(Object(Illuminate\\Http\\Request))
#29 /Users/awangwahyu/Documents/GitHub/SI4705-KELA/greennovate1/vendor/laravel/framework/src/Illuminate/Pipeline/Pipeline.php(219): App\\Http\\Middleware\\SetLocale->handle(Object(Illuminate\\Http\\Request), Object(Closure))
#30 /Users/awangwahyu/Documents/GitHub/SI4705-KELA/greennovate1/vendor/laravel/framework/src/Illuminate/Routing/Middleware/SubstituteBindings.php(50): Illuminate\\Pipeline\\Pipeline->{closure:{closure:Illuminate\\Pipeline\\Pipeline::carry():194}:195}(Object(Illuminate\\Http\\Request))
#31 /Users/awangwahyu/Documents/GitHub/SI4705-KELA/greennovate1/vendor/laravel/framework/src/Illuminate/Pipeline/Pipeline.php(219): Illuminate\\Routing\\Middleware\\SubstituteBindings->handle(Object(Illuminate\\Http\\Request), Object(Closure))
#32 /Users/awangwahyu/Documents/GitHub/SI4705-KELA/greennovate1/vendor/laravel/framework/src/Illuminate/Foundation/Http/Middleware/VerifyCsrfToken.php(87): Illuminate\\Pipeline\\Pipeline->{closure:{closure:Illuminate\\Pipeline\\Pipeline::carry():194}:195}(Object(Illuminate\\Http\\Request))
#33 /Users/awangwahyu/Documents/GitHub/SI4705-KELA/greennovate1/vendor/laravel/framework/src/Illuminate/Pipeline/Pipeline.php(219): Illuminate\\Foundation\\Http\\Middleware\\VerifyCsrfToken->handle(Object(Illuminate\\Http\\Request), Object(Closure))
#34 /Users/awangwahyu/Documents/GitHub/SI4705-KELA/greennovate1/vendor/laravel/framework/src/Illuminate/View/Middleware/ShareErrorsFromSession.php(48): Illuminate\\Pipeline\\Pipeline->{closure:{closure:Illuminate\\Pipeline\\Pipeline::carry():194}:195}(Object(Illuminate\\Http\\Request))
#35 /Users/awangwahyu/Documents/GitHub/SI4705-KELA/greennovate1/vendor/laravel/framework/src/Illuminate/Pipeline/Pipeline.php(219): Illuminate\\View\\Middleware\\ShareErrorsFromSession->handle(Object(Illuminate\\Http\\Request), Object(Closure))
#36 /Users/awangwahyu/Documents/GitHub/SI4705-KELA/greennovate1/vendor/laravel/framework/src/Illuminate/Session/Middleware/StartSession.php(120): Illuminate\\Pipeline\\Pipeline->{closure:{closure:Illuminate\\Pipeline\\Pipeline::carry():194}:195}(Object(Illuminate\\Http\\Request))
#37 /Users/awangwahyu/Documents/GitHub/SI4705-KELA/greennovate1/vendor/laravel/framework/src/Illuminate/Session/Middleware/StartSession.php(63): Illuminate\\Session\\Middleware\\StartSession->handleStatefulRequest(Object(Illuminate\\Http\\Request), Object(Illuminate\\Session\\Store), Object(Closure))
#38 /Users/awangwahyu/Documents/GitHub/SI4705-KELA/greennovate1/vendor/laravel/framework/src/Illuminate/Pipeline/Pipeline.php(219): Illuminate\\Session\\Middleware\\StartSession->handle(Object(Illuminate\\Http\\Request), Object(Closure))
#39 /Users/awangwahyu/Documents/GitHub/SI4705-KELA/greennovate1/vendor/laravel/framework/src/Illuminate/Cookie/Middleware/AddQueuedCookiesToResponse.php(36): Illuminate\\Pipeline\\Pipeline->{closure:{closure:Illuminate\\Pipeline\\Pipeline::carry():194}:195}(Object(Illuminate\\Http\\Request))
#40 /Users/awangwahyu/Documents/GitHub/SI4705-KELA/greennovate1/vendor/laravel/framework/src/Illuminate/Pipeline/Pipeline.php(219): Illuminate\\Cookie\\Middleware\\AddQueuedCookiesToResponse->handle(Object(Illuminate\\Http\\Request), Object(Closure))
#41 /Users/awangwahyu/Documents/GitHub/SI4705-KELA/greennovate1/vendor/laravel/framework/src/Illuminate/Cookie/Middleware/EncryptCookies.php(74): Illuminate\\Pipeline\\Pipeline->{closure:{closure:Illuminate\\Pipeline\\Pipeline::carry():194}:195}(Object(Illuminate\\Http\\Request))
#42 /Users/awangwahyu/Documents/GitHub/SI4705-KELA/greennovate1/vendor/laravel/framework/src/Illuminate/Pipeline/Pipeline.php(219): Illuminate\\Cookie\\Middleware\\EncryptCookies->handle(Object(Illuminate\\Http\\Request), Object(Closure))
#43 /Users/awangwahyu/Documents/GitHub/SI4705-KELA/greennovate1/vendor/laravel/framework/src/Illuminate/Pipeline/Pipeline.php(137): Illuminate\\Pipeline\\Pipeline->{closure:{closure:Illuminate\\Pipeline\\Pipeline::carry():194}:195}(Object(Illuminate\\Http\\Request))
#44 /Users/awangwahyu/Documents/GitHub/SI4705-KELA/greennovate1/vendor/laravel/framework/src/Illuminate/Routing/Router.php(821): Illuminate\\Pipeline\\Pipeline->then(Object(Closure))
#45 /Users/awangwahyu/Documents/GitHub/SI4705-KELA/greennovate1/vendor/laravel/framework/src/Illuminate/Routing/Router.php(800): Illuminate\\Routing\\Router->runRouteWithinStack(Object(Illuminate\\Routing\\Route), Object(Illuminate\\Http\\Request))
#46 /Users/awangwahyu/Documents/GitHub/SI4705-KELA/greennovate1/vendor/laravel/framework/src/Illuminate/Routing/Router.php(764): Illuminate\\Routing\\Router->runRoute(Object(Illuminate\\Http\\Request), Object(Illuminate\\Routing\\Route))
#47 /Users/awangwahyu/Documents/GitHub/SI4705-KELA/greennovate1/vendor/laravel/framework/src/Illuminate/Routing/Router.php(753): Illuminate\\Routing\\Router->dispatchToRoute(Object(Illuminate\\Http\\Request))
#48 /Users/awangwahyu/Documents/GitHub/SI4705-KELA/greennovate1/vendor/laravel/framework/src/Illuminate/Foundation/Http/Kernel.php(200): Illuminate\\Routing\\Router->dispatch(Object(Illuminate\\Http\\Request))
#49 /Users/awangwahyu/Documents/GitHub/SI4705-KELA/greennovate1/vendor/laravel/framework/src/Illuminate/Pipeline/Pipeline.php(180): Illuminate\\Foundation\\Http\\Kernel->{closure:Illuminate\\Foundation\\Http\\Kernel::dispatchToRouter():197}(Object(Illuminate\\Http\\Request))
#50 /Users/awangwahyu/Documents/GitHub/SI4705-KELA/greennovate1/vendor/laravel/framework/src/Illuminate/Foundation/Http/Middleware/TransformsRequest.php(21): Illuminate\\Pipeline\\Pipeline->{closure:Illuminate\\Pipeline\\Pipeline::prepareDestination():178}(Object(Illuminate\\Http\\Request))
#51 /Users/awangwahyu/Documents/GitHub/SI4705-KELA/greennovate1/vendor/laravel/framework/src/Illuminate/Foundation/Http/Middleware/ConvertEmptyStringsToNull.php(31): Illuminate\\Foundation\\Http\\Middleware\\TransformsRequest->handle(Object(Illuminate\\Http\\Request), Object(Closure))
#52 /Users/awangwahyu/Documents/GitHub/SI4705-KELA/greennovate1/vendor/laravel/framework/src/Illuminate/Pipeline/Pipeline.php(219): Illuminate\\Foundation\\Http\\Middleware\\ConvertEmptyStringsToNull->handle(Object(Illuminate\\Http\\Request), Object(Closure))
#53 /Users/awangwahyu/Documents/GitHub/SI4705-KELA/greennovate1/vendor/laravel/framework/src/Illuminate/Foundation/Http/Middleware/TransformsRequest.php(21): Illuminate\\Pipeline\\Pipeline->{closure:{closure:Illuminate\\Pipeline\\Pipeline::carry():194}:195}(Object(Illuminate\\Http\\Request))
#54 /Users/awangwahyu/Documents/GitHub/SI4705-KELA/greennovate1/vendor/laravel/framework/src/Illuminate/Foundation/Http/Middleware/TrimStrings.php(51): Illuminate\\Foundation\\Http\\Middleware\\TransformsRequest->handle(Object(Illuminate\\Http\\Request), Object(Closure))
#55 /Users/awangwahyu/Documents/GitHub/SI4705-KELA/greennovate1/vendor/laravel/framework/src/Illuminate/Pipeline/Pipeline.php(219): Illuminate\\Foundation\\Http\\Middleware\\TrimStrings->handle(Object(Illuminate\\Http\\Request), Object(Closure))
#56 /Users/awangwahyu/Documents/GitHub/SI4705-KELA/greennovate1/vendor/laravel/framework/src/Illuminate/Http/Middleware/ValidatePostSize.php(27): Illuminate\\Pipeline\\Pipeline->{closure:{closure:Illuminate\\Pipeline\\Pipeline::carry():194}:195}(Object(Illuminate\\Http\\Request))
#57 /Users/awangwahyu/Documents/GitHub/SI4705-KELA/greennovate1/vendor/laravel/framework/src/Illuminate/Pipeline/Pipeline.php(219): Illuminate\\Http\\Middleware\\ValidatePostSize->handle(Object(Illuminate\\Http\\Request), Object(Closure))
#58 /Users/awangwahyu/Documents/GitHub/SI4705-KELA/greennovate1/vendor/laravel/framework/src/Illuminate/Foundation/Http/Middleware/PreventRequestsDuringMaintenance.php(109): Illuminate\\Pipeline\\Pipeline->{closure:{closure:Illuminate\\Pipeline\\Pipeline::carry():194}:195}(Object(Illuminate\\Http\\Request))
#59 /Users/awangwahyu/Documents/GitHub/SI4705-KELA/greennovate1/vendor/laravel/framework/src/Illuminate/Pipeline/Pipeline.php(219): Illuminate\\Foundation\\Http\\Middleware\\PreventRequestsDuringMaintenance->handle(Object(Illuminate\\Http\\Request), Object(Closure))
#60 /Users/awangwahyu/Documents/GitHub/SI4705-KELA/greennovate1/vendor/laravel/framework/src/Illuminate/Http/Middleware/HandleCors.php(61): Illuminate\\Pipeline\\Pipeline->{closure:{closure:Illuminate\\Pipeline\\Pipeline::carry():194}:195}(Object(Illuminate\\Http\\Request))
#61 /Users/awangwahyu/Documents/GitHub/SI4705-KELA/greennovate1/vendor/laravel/framework/src/Illuminate/Pipeline/Pipeline.php(219): Illuminate\\Http\\Middleware\\HandleCors->handle(Object(Illuminate\\Http\\Request), Object(Closure))
#62 /Users/awangwahyu/Documents/GitHub/SI4705-KELA/greennovate1/vendor/laravel/framework/src/Illuminate/Http/Middleware/TrustProxies.php(58): Illuminate\\Pipeline\\Pipeline->{closure:{closure:Illuminate\\Pipeline\\Pipeline::carry():194}:195}(Object(Illuminate\\Http\\Request))
#63 /Users/awangwahyu/Documents/GitHub/SI4705-KELA/greennovate1/vendor/laravel/framework/src/Illuminate/Pipeline/Pipeline.php(219): Illuminate\\Http\\Middleware\\TrustProxies->handle(Object(Illuminate\\Http\\Request), Object(Closure))
#64 /Users/awangwahyu/Documents/GitHub/SI4705-KELA/greennovate1/vendor/laravel/framework/src/Illuminate/Foundation/Http/Middleware/InvokeDeferredCallbacks.php(22): Illuminate\\Pipeline\\Pipeline->{closure:{closure:Illuminate\\Pipeline\\Pipeline::carry():194}:195}(Object(Illuminate\\Http\\Request))
#65 /Users/awangwahyu/Documents/GitHub/SI4705-KELA/greennovate1/vendor/laravel/framework/src/Illuminate/Pipeline/Pipeline.php(219): Illuminate\\Foundation\\Http\\Middleware\\InvokeDeferredCallbacks->handle(Object(Illuminate\\Http\\Request), Object(Closure))
#66 /Users/awangwahyu/Documents/GitHub/SI4705-KELA/greennovate1/vendor/laravel/framework/src/Illuminate/Http/Middleware/ValidatePathEncoding.php(26): Illuminate\\Pipeline\\Pipeline->{closure:{closure:Illuminate\\Pipeline\\Pipeline::carry():194}:195}(Object(Illuminate\\Http\\Request))
#67 /Users/awangwahyu/Documents/GitHub/SI4705-KELA/greennovate1/vendor/laravel/framework/src/Illuminate/Pipeline/Pipeline.php(219): Illuminate\\Http\\Middleware\\ValidatePathEncoding->handle(Object(Illuminate\\Http\\Request), Object(Closure))
#68 /Users/awangwahyu/Documents/GitHub/SI4705-KELA/greennovate1/vendor/laravel/framework/src/Illuminate/Pipeline/Pipeline.php(137): Illuminate\\Pipeline\\Pipeline->{closure:{closure:Illuminate\\Pipeline\\Pipeline::carry():194}:195}(Object(Illuminate\\Http\\Request))
#69 /Users/awangwahyu/Documents/GitHub/SI4705-KELA/greennovate1/vendor/laravel/framework/src/Illuminate/Foundation/Http/Kernel.php(175): Illuminate\\Pipeline\\Pipeline->then(Object(Closure))
#70 /Users/awangwahyu/Documents/GitHub/SI4705-KELA/greennovate1/vendor/laravel/framework/src/Illuminate/Foundation/Http/Kernel.php(144): Illuminate\\Foundation\\Http\\Kernel->sendRequestThroughRouter(Object(Illuminate\\Http\\Request))
#71 /Users/awangwahyu/Documents/GitHub/SI4705-KELA/greennovate1/vendor/laravel/framework/src/Illuminate/Foundation/Application.php(1220): Illuminate\\Foundation\\Http\\Kernel->handle(Object(Illuminate\\Http\\Request))
#72 /Users/awangwahyu/Documents/GitHub/SI4705-KELA/greennovate1/public/index.php(20): Illuminate\\Foundation\\Application->handleRequest(Object(Illuminate\\Http\\Request))
#73 /Users/awangwahyu/Documents/GitHub/SI4705-KELA/greennovate1/vendor/laravel/framework/src/Illuminate/Foundation/resources/server.php(23): require_once('/Users/awangwah...')
#74 {main}
"} 
