[2026-05-04 08:03:20] local.ERROR: SQLSTATE[HY000]: General error: 1 table "kegiatan" already exists (Connection: sqlite, Database: C:\!Telkom\Semester 6\Proyek Perangkat Lunak\SI4705-KELA-main\greennovate\database\database.sqlite, SQL: create table "kegiatan" ("id" integer primary key autoincrement not null, "nama" varchar not null, "lokasi_lahan_id" integer not null, "petugas_id" integer not null, "tanggal" date not null, "target_pohon" integer not null, "realisasi_pohon" integer not null default '0', "status" varchar check ("status" in ('Persiapan', 'Berlangsung', 'Selesai', 'Dibatalkan')) not null default 'Persiapan', "deskripsi" text, "created_at" datetime, "updated_at" datetime, foreign key("lokasi_lahan_id") references "lokasi_lahans"("id") on delete cascade, foreign key("petugas_id") references "users"("id") on delete cascade)) {"exception":"[object] (Illuminate\\Database\\QueryException(code: HY000): SQLSTATE[HY000]: General error: 1 table \"kegiatan\" already exists (Connection: sqlite, Database: C:\\!Telkom\\Semester 6\\Proyek Perangkat Lunak\\SI4705-KELA-main\\greennovate\\database\\database.sqlite, SQL: create table \"kegiatan\" (\"id\" integer primary key autoincrement not null, \"nama\" varchar not null, \"lokasi_lahan_id\" integer not null, \"petugas_id\" integer not null, \"tanggal\" date not null, \"target_pohon\" integer not null, \"realisasi_pohon\" integer not null default '0', \"status\" varchar check (\"status\" in ('Persiapan', 'Berlangsung', 'Selesai', 'Dibatalkan')) not null default 'Persiapan', \"deskripsi\" text, \"created_at\" datetime, \"updated_at\" datetime, foreign key(\"lokasi_lahan_id\") references \"lokasi_lahans\"(\"id\") on delete cascade, foreign key(\"petugas_id\") references \"users\"(\"id\") on delete cascade)) at C:/!Telkom/Semester 6/Proyek Perangkat Lunak/SI4705-KELA-main/greennovate/vendor/laravel/framework/src/Illuminate/Database/Connection.php:838)
[stacktrace]
#0 C:/!Telkom/Semester 6/Proyek Perangkat Lunak/SI4705-KELA-main/greennovate/vendor/laravel/framework/src/Illuminate/Database/Connection.php(794): Illuminate/Database/Connection->runQueryCallback('create table \"k...', Array, Object(Closure))
#1 C:/!Telkom/Semester 6/Proyek Perangkat Lunak/SI4705-KELA-main/greennovate/vendor/laravel/framework/src/Illuminate/Database/Connection.php(573): Illuminate/Database/Connection->run('create table \"k...', Array, Object(Closure))
#2 C:/!Telkom/Semester 6/Proyek Perangkat Lunak/SI4705-KELA-main/greennovate/vendor/laravel/framework/src/Illuminate/Database/Schema/Blueprint.php(121): Illuminate/Database/Connection->statement('create table \"k...')
#3 C:/!Telkom/Semester 6/Proyek Perangkat Lunak/SI4705-KELA-main/greennovate/vendor/laravel/framework/src/Illuminate/Database/Schema/Builder.php(686): Illuminate/Database/Schema/Blueprint->build()
#4 C:/!Telkom/Semester 6/Proyek Perangkat Lunak/SI4705-KELA-main/greennovate/vendor/laravel/framework/src/Illuminate/Database/Schema/Builder.php(506): Illuminate/Database/Schema/Builder->build(Object(Illuminate/Database/Schema/Blueprint))
#5 C:/!Telkom/Semester 6/Proyek Perangkat Lunak/SI4705-KELA-main/greennovate/vendor/laravel/framework/src/Illuminate/Support/Facades/Facade.php(363): Illuminate/Database/Schema/Builder->create('kegiatan', Object(Closure))
#6 C:/!Telkom/Semester 6/Proyek Perangkat Lunak/SI4705-KELA-main/greennovate/database/migrations/2026_05_01_082725_create_kegiatans_table.php(14): Illuminate/Support/Facades/Facade::__callStatic('create', Array)
#7 C:/!Telkom/Semester 6/Proyek Perangkat Lunak/SI4705-KELA-main/greennovate/vendor/laravel/framework/src/Illuminate/Database/Migrations/Migrator.php(517): Illuminate/Database/Migrations/Migration@anonymous->up()
#8 C:/!Telkom/Semester 6/Proyek Perangkat Lunak/SI4705-KELA-main/greennovate/vendor/laravel/framework/src/Illuminate/Database/Migrations/Migrator.php(442): Illuminate/Database/Migrations/Migrator->runMethod(Object(Illuminate/Database/SQLiteConnection), Object(Illuminate/Database/Migrations/Migration@anonymous), 'up')
#9 C:/!Telkom/Semester 6/Proyek Perangkat Lunak/SI4705-KELA-main/greennovate/vendor/laravel/framework/src/Illuminate/Database/Migrations/Migrator.php(451): Illuminate/Database/Migrations/Migrator->Illuminate/Database/Migrations/{closure}()
#10 C:/!Telkom/Semester 6/Proyek Perangkat Lunak/SI4705-KELA-main/greennovate/vendor/laravel/framework/src/Illuminate/Database/Migrations/Migrator.php(253): Illuminate/Database/Migrations/Migrator->runMigration(Object(Illuminate/Database/Migrations/Migration@anonymous), 'up')
#11 C:/!Telkom/Semester 6/Proyek Perangkat Lunak/SI4705-KELA-main/greennovate/vendor/laravel/framework/src/Illuminate/Console/View/Components/Task.php(41): Illuminate/Database/Migrations/Migrator->Illuminate/Database/Migrations/{closure}()
#12 C:/!Telkom/Semester 6/Proyek Perangkat Lunak/SI4705-KELA-main/greennovate/vendor/laravel/framework/src/Illuminate/Database/Migrations/Migrator.php(814): Illuminate/Console/View/Components/Task->render('2026_05_01_0827...', Object(Closure))
#13 C:/!Telkom/Semester 6/Proyek Perangkat Lunak/SI4705-KELA-main/greennovate/vendor/laravel/framework/src/Illuminate/Database/Migrations/Migrator.php(253): Illuminate/Database/Migrations/Migrator->write('Illuminate//Cons...', '2026_05_01_0827...', Object(Closure))
#14 C:/!Telkom/Semester 6/Proyek Perangkat Lunak/SI4705-KELA-main/greennovate/vendor/laravel/framework/src/Illuminate/Database/Migrations/Migrator.php(211): Illuminate/Database/Migrations/Migrator->runUp('C://!Telkom//Seme...', 1, false)
#15 C:/!Telkom/Semester 6/Proyek Perangkat Lunak/SI4705-KELA-main/greennovate/vendor/laravel/framework/src/Illuminate/Database/Migrations/Migrator.php(138): Illuminate/Database/Migrations/Migrator->runPending(Array, Array)
#16 C:/!Telkom/Semester 6/Proyek Perangkat Lunak/SI4705-KELA-main/greennovate/vendor/laravel/framework/src/Illuminate/Database/Console/Migrations/MigrateCommand.php(116): Illuminate/Database/Migrations/Migrator->run(Array, Array)
#17 C:/!Telkom/Semester 6/Proyek Perangkat Lunak/SI4705-KELA-main/greennovate/vendor/laravel/framework/src/Illuminate/Database/Migrations/Migrator.php(671): Illuminate/Database/Console/Migrations/MigrateCommand->Illuminate/Database/Console/Migrations/{closure}()
#18 C:/!Telkom/Semester 6/Proyek Perangkat Lunak/SI4705-KELA-main/greennovate/vendor/laravel/framework/src/Illuminate/Database/Console/Migrations/MigrateCommand.php(109): Illuminate/Database/Migrations/Migrator->usingConnection(NULL, Object(Closure))
#19 C:/!Telkom/Semester 6/Proyek Perangkat Lunak/SI4705-KELA-main/greennovate/vendor/laravel/framework/src/Illuminate/Database/Console/Migrations/MigrateCommand.php(88): Illuminate/Database/Console/Migrations/MigrateCommand->runMigrations()
#20 C:/!Telkom/Semester 6/Proyek Perangkat Lunak/SI4705-KELA-main/greennovate/vendor/laravel/framework/src/Illuminate/Container/BoundMethod.php(36): Illuminate/Database/Console/Migrations/MigrateCommand->handle()
#21 C:/!Telkom/Semester 6/Proyek Perangkat Lunak/SI4705-KELA-main/greennovate/vendor/laravel/framework/src/Illuminate/Container/Util.php(43): Illuminate/Container/BoundMethod::Illuminate/Container/{closure}()
#22 C:/!Telkom/Semester 6/Proyek Perangkat Lunak/SI4705-KELA-main/greennovate/vendor/laravel/framework/src/Illuminate/Container/BoundMethod.php(96): Illuminate/Container/Util::unwrapIfClosure(Object(Closure))
#23 C:/!Telkom/Semester 6/Proyek Perangkat Lunak/SI4705-KELA-main/greennovate/vendor/laravel/framework/src/Illuminate/Container/BoundMethod.php(35): Illuminate/Container/BoundMethod::callBoundMethod(Object(Illuminate/Foundation/Application), Array, Object(Closure))
#24 C:/!Telkom/Semester 6/Proyek Perangkat Lunak/SI4705-KELA-main/greennovate/vendor/laravel/framework/src/Illuminate/Container/Container.php(799): Illuminate/Container/BoundMethod::call(Object(Illuminate/Foundation/Application), Array, Array, NULL)
#25 C:/!Telkom/Semester 6/Proyek Perangkat Lunak/SI4705-KELA-main/greennovate/vendor/laravel/framework/src/Illuminate/Console/Command.php(211): Illuminate/Container/Container->call(Array)
#26 C:/!Telkom/Semester 6/Proyek Perangkat Lunak/SI4705-KELA-main/greennovate/vendor/symfony/console/Command/Command.php(341): Illuminate/Console/Command->execute(Object(Symfony/Component/Console/Input/ArgvInput), Object(Illuminate/Console/OutputStyle))
#27 C:/!Telkom/Semester 6/Proyek Perangkat Lunak/SI4705-KELA-main/greennovate/vendor/laravel/framework/src/Illuminate/Console/Command.php(180): Symfony/Component/Console/Command/Command->run(Object(Symfony/Component/Console/Input/ArgvInput), Object(Illuminate/Console/OutputStyle))
#28 C:/!Telkom/Semester 6/Proyek Perangkat Lunak/SI4705-KELA-main/greennovate/vendor/symfony/console/Application.php(1117): Illuminate/Console/Command->run(Object(Symfony/Component/Console/Input/ArgvInput), Object(Symfony/Component/Console/Output/ConsoleOutput))
#29 C:/!Telkom/Semester 6/Proyek Perangkat Lunak/SI4705-KELA-main/greennovate/vendor/symfony/console/Application.php(356): Symfony/Component/Console/Application->doRunCommand(Object(Illuminate/Database/Console/Migrations/MigrateCommand), Object(Symfony/Component/Console/Input/ArgvInput), Object(Symfony/Component/Console/Output/ConsoleOutput))
#30 C:/!Telkom/Semester 6/Proyek Perangkat Lunak/SI4705-KELA-main/greennovate/vendor/symfony/console/Application.php(195): Symfony/Component/Console/Application->doRun(Object(Symfony/Component/Console/Input/ArgvInput), Object(Symfony/Component/Console/Output/ConsoleOutput))
#31 C:/!Telkom/Semester 6/Proyek Perangkat Lunak/SI4705-KELA-main/greennovate/vendor/laravel/framework/src/Illuminate/Foundation/Console/Kernel.php(198): Symfony/Component/Console/Application->run(Object(Symfony/Component/Console/Input/ArgvInput), Object(Symfony/Component/Console/Output/ConsoleOutput))
#32 C:/!Telkom/Semester 6/Proyek Perangkat Lunak/SI4705-KELA-main/greennovate/vendor/laravel/framework/src/Illuminate/Foundation/Application.php(1235): Illuminate/Foundation/Console/Kernel->handle(Object(Symfony/Component/Console/Input/ArgvInput), Object(Symfony/Component/Console/Output/ConsoleOutput))
#33 C:/!Telkom/Semester 6/Proyek Perangkat Lunak/SI4705-KELA-main/greennovate/artisan(16): Illuminate/Foundation/Application->handleCommand(Object(Symfony/Component/Console/Input/ArgvInput))
#34 {main}

[previous exception] [object] (PDOException(code: HY000): SQLSTATE[HY000]: General error: 1 table \"kegiatan\" already exists at C:/!Telkom/Semester 6/Proyek Perangkat Lunak/SI4705-KELA-main/greennovate/vendor/laravel/framework/src/Illuminate/Database/Connection.php:578)
[stacktrace]
#0 C:/!Telkom/Semester 6/Proyek Perangkat Lunak/SI4705-KELA-main/greennovate/vendor/laravel/framework/src/Illuminate/Database/Connection.php(578): PDO->prepare('create table \"k...')
#1 C:/!Telkom/Semester 6/Proyek Perangkat Lunak/SI4705-KELA-main/greennovate/vendor/laravel/framework/src/Illuminate/Database/Connection.php(827): Illuminate/Database/Connection->Illuminate/Database/{closure}('create table \"k...', Array)
#2 C:/!Telkom/Semester 6/Proyek Perangkat Lunak/SI4705-KELA-main/greennovate/vendor/laravel/framework/src/Illuminate/Database/Connection.php(794): Illuminate/Database/Connection->runQueryCallback('create table \"k...', Array, Object(Closure))
#3 C:/!Telkom/Semester 6/Proyek Perangkat Lunak/SI4705-KELA-main/greennovate/vendor/laravel/framework/src/Illuminate/Database/Connection.php(573): Illuminate/Database/Connection->run('create table \"k...', Array, Object(Closure))
#4 C:/!Telkom/Semester 6/Proyek Perangkat Lunak/SI4705-KELA-main/greennovate/vendor/laravel/framework/src/Illuminate/Database/Schema/Blueprint.php(121): Illuminate/Database/Connection->statement('create table \"k...')
#5 C:/!Telkom/Semester 6/Proyek Perangkat Lunak/SI4705-KELA-main/greennovate/vendor/laravel/framework/src/Illuminate/Database/Schema/Builder.php(686): Illuminate/Database/Schema/Blueprint->build()
#6 C:/!Telkom/Semester 6/Proyek Perangkat Lunak/SI4705-KELA-main/greennovate/vendor/laravel/framework/src/Illuminate/Database/Schema/Builder.php(506): Illuminate/Database/Schema/Builder->build(Object(Illuminate/Database/Schema/Blueprint))
#7 C:/!Telkom/Semester 6/Proyek Perangkat Lunak/SI4705-KELA-main/greennovate/vendor/laravel/framework/src/Illuminate/Support/Facades/Facade.php(363): Illuminate/Database/Schema/Builder->create('kegiatan', Object(Closure))
#8 C:/!Telkom/Semester 6/Proyek Perangkat Lunak/SI4705-KELA-main/greennovate/database/migrations/2026_05_01_082725_create_kegiatans_table.php(14): Illuminate/Support/Facades/Facade::__callStatic('create', Array)
#9 C:/!Telkom/Semester 6/Proyek Perangkat Lunak/SI4705-KELA-main/greennovate/vendor/laravel/framework/src/Illuminate/Database/Migrations/Migrator.php(517): Illuminate/Database/Migrations/Migration@anonymous->up()
#10 C:/!Telkom/Semester 6/Proyek Perangkat Lunak/SI4705-KELA-main/greennovate/vendor/laravel/framework/src/Illuminate/Database/Migrations/Migrator.php(442): Illuminate/Database/Migrations/Migrator->runMethod(Object(Illuminate/Database/SQLiteConnection), Object(Illuminate/Database/Migrations/Migration@anonymous), 'up')
#11 C:/!Telkom/Semester 6/Proyek Perangkat Lunak/SI4705-KELA-main/greennovate/vendor/laravel/framework/src/Illuminate/Database/Migrations/Migrator.php(451): Illuminate/Database/Migrations/Migrator->Illuminate/Database/Migrations/{closure}()
#12 C:/!Telkom/Semester 6/Proyek Perangkat Lunak/SI4705-KELA-main/greennovate/vendor/laravel/framework/src/Illuminate/Database/Migrations/Migrator.php(253): Illuminate/Database/Migrations/Migrator->runMigration(Object(Illuminate/Database/Migrations/Migration@anonymous), 'up')
#13 C:/!Telkom/Semester 6/Proyek Perangkat Lunak/SI4705-KELA-main/greennovate/vendor/laravel/framework/src/Illuminate/Console/View/Components/Task.php(41): Illuminate/Database/Migrations/Migrator->Illuminate/Database/Migrations/{closure}()
#14 C:/!Telkom/Semester 6/Proyek Perangkat Lunak/SI4705-KELA-main/greennovate/vendor/laravel/framework/src/Illuminate/Database/Migrations/Migrator.php(814): Illuminate/Console/View/Components/Task->render('2026_05_01_0827...', Object(Closure))
#15 C:/!Telkom/Semester 6/Proyek Perangkat Lunak/SI4705-KELA-main/greennovate/vendor/laravel/framework/src/Illuminate/Database/Migrations/Migrator.php(253): Illuminate/Database/Migrations/Migrator->write('Illuminate//Cons...', '2026_05_01_0827...', Object(Closure))
#16 C:/!Telkom/Semester 6/Proyek Perangkat Lunak/SI4705-KELA-main/greennovate/vendor/laravel/framework/src/Illuminate/Database/Migrations/Migrator.php(211): Illuminate/Database/Migrations/Migrator->runUp('C://!Telkom//Seme...', 1, false)
#17 C:/!Telkom/Semester 6/Proyek Perangkat Lunak/SI4705-KELA-main/greennovate/vendor/laravel/framework/src/Illuminate/Database/Migrations/Migrator.php(138): Illuminate/Database/Migrations/Migrator->runPending(Array, Array)
#18 C:/!Telkom/Semester 6/Proyek Perangkat Lunak/SI4705-KELA-main/greennovate/vendor/laravel/framework/src/Illuminate/Database/Console/Migrations/MigrateCommand.php(116): Illuminate/Database/Migrations/Migrator->run(Array, Array)
#19 C:/!Telkom/Semester 6/Proyek Perangkat Lunak/SI4705-KELA-main/greennovate/vendor/laravel/framework/src/Illuminate/Database/Migrations/Migrator.php(671): Illuminate/Database/Console/Migrations/MigrateCommand->Illuminate/Database/Console/Migrations/{closure}()
#20 C:/!Telkom/Semester 6/Proyek Perangkat Lunak/SI4705-KELA-main/greennovate/vendor/laravel/framework/src/Illuminate/Database/Console/Migrations/MigrateCommand.php(109): Illuminate/Database/Migrations/Migrator->usingConnection(NULL, Object(Closure))
#21 C:/!Telkom/Semester 6/Proyek Perangkat Lunak/SI4705-KELA-main/greennovate/vendor/laravel/framework/src/Illuminate/Database/Console/Migrations/MigrateCommand.php(88): Illuminate/Database/Console/Migrations/MigrateCommand->runMigrations()
#22 C:/!Telkom/Semester 6/Proyek Perangkat Lunak/SI4705-KELA-main/greennovate/vendor/laravel/framework/src/Illuminate/Container/BoundMethod.php(36): Illuminate/Database/Console/Migrations/MigrateCommand->handle()
#23 C:/!Telkom/Semester 6/Proyek Perangkat Lunak/SI4705-KELA-main/greennovate/vendor/laravel/framework/src/Illuminate/Container/Util.php(43): Illuminate/Container/BoundMethod::Illuminate/Container/{closure}()
#24 C:/!Telkom/Semester 6/Proyek Perangkat Lunak/SI4705-KELA-main/greennovate/vendor/laravel/framework/src/Illuminate/Container/BoundMethod.php(96): Illuminate/Container/Util::unwrapIfClosure(Object(Closure))
#25 C:/!Telkom/Semester 6/Proyek Perangkat Lunak/SI4705-KELA-main/greennovate/vendor/laravel/framework/src/Illuminate/Container/BoundMethod.php(35): Illuminate/Container/BoundMethod::callBoundMethod(Object(Illuminate/Foundation/Application), Array, Object(Closure))
#26 C:/!Telkom/Semester 6/Proyek Perangkat Lunak/SI4705-KELA-main/greennovate/vendor/laravel/framework/src/Illuminate/Container/Container.php(799): Illuminate/Container/BoundMethod::call(Object(Illuminate/Foundation/Application), Array, Array, NULL)
#27 C:/!Telkom/Semester 6/Proyek Perangkat Lunak/SI4705-KELA-main/greennovate/vendor/laravel/framework/src/Illuminate/Console/Command.php(211): Illuminate/Container/Container->call(Array)
#28 C:/!Telkom/Semester 6/Proyek Perangkat Lunak/SI4705-KELA-main/greennovate/vendor/symfony/console/Command/Command.php(341): Illuminate/Console/Command->execute(Object(Symfony/Component/Console/Input/ArgvInput), Object(Illuminate/Console/OutputStyle))
#29 C:/!Telkom/Semester 6/Proyek Perangkat Lunak/SI4705-KELA-main/greennovate/vendor/laravel/framework/src/Illuminate/Console/Command.php(180): Symfony/Component/Console/Command/Command->run(Object(Symfony/Component/Console/Input/ArgvInput), Object(Illuminate/Console/OutputStyle))
#30 C:/!Telkom/Semester 6/Proyek Perangkat Lunak/SI4705-KELA-main/greennovate/vendor/symfony/console/Application.php(1117): Illuminate/Console/Command->run(Object(Symfony/Component/Console/Input/ArgvInput), Object(Symfony/Component/Console/Output/ConsoleOutput))
#31 C:/!Telkom/Semester 6/Proyek Perangkat Lunak/SI4705-KELA-main/greennovate/vendor/symfony/console/Application.php(356): Symfony/Component/Console/Application->doRunCommand(Object(Illuminate/Database/Console/Migrations/MigrateCommand), Object(Symfony/Component/Console/Input/ArgvInput), Object(Symfony/Component/Console/Output/ConsoleOutput))
#32 C:/!Telkom/Semester 6/Proyek Perangkat Lunak/SI4705-KELA-main/greennovate/vendor/symfony/console/Application.php(195): Symfony/Component/Console/Application->doRun(Object(Symfony/Component/Console/Input/ArgvInput), Object(Symfony/Component/Console/Output/ConsoleOutput))
#33 C:/!Telkom/Semester 6/Proyek Perangkat Lunak/SI4705-KELA-main/greennovate/vendor/laravel/framework/src/Illuminate/Foundation/Console/Kernel.php(198): Symfony/Component/Console/Application->run(Object(Symfony/Component/Console/Input/ArgvInput), Object(Symfony/Component/Console/Output/ConsoleOutput))
#34 C:/!Telkom/Semester 6/Proyek Perangkat Lunak/SI4705-KELA-main/greennovate/vendor/laravel/framework/src/Illuminate/Foundation/Application.php(1235): Illuminate/Foundation/Console/Kernel->handle(Object(Symfony/Component/Console/Input/ArgvInput), Object(Symfony/Component/Console/Output/ConsoleOutput))
#35 C:/!Telkom/Semester 6/Proyek Perangkat Lunak/SI4705-KELA-main/greennovate/artisan(16): Illuminate/Foundation/Application->handleCommand(Object(Symfony/Component/Console/Input/ArgvInput))
#36 {main}
"} 
[2026-05-04 08:03:37] local.ERROR: SQLSTATE[HY000]: General error: 1 table "kegiatan" already exists (Connection: sqlite, Database: C:\!Telkom\Semester 6\Proyek Perangkat Lunak\SI4705-KELA-main\greennovate\database\database.sqlite, SQL: create table "kegiatan" ("id" integer primary key autoincrement not null, "nama" varchar not null, "lokasi_lahan_id" integer not null, "petugas_id" integer not null, "tanggal" date not null, "target_pohon" integer not null, "realisasi_pohon" integer not null default '0', "status" varchar check ("status" in ('Persiapan', 'Berlangsung', 'Selesai', 'Dibatalkan')) not null default 'Persiapan', "deskripsi" text, "created_at" datetime, "updated_at" datetime, foreign key("lokasi_lahan_id") references "lokasi_lahans"("id") on delete cascade, foreign key("petugas_id") references "users"("id") on delete cascade)) {"exception":"[object] (Illuminate\\Database\\QueryException(code: HY000): SQLSTATE[HY000]: General error: 1 table \"kegiatan\" already exists (Connection: sqlite, Database: C:\\!Telkom\\Semester 6\\Proyek Perangkat Lunak\\SI4705-KELA-main\\greennovate\\database\\database.sqlite, SQL: create table \"kegiatan\" (\"id\" integer primary key autoincrement not null, \"nama\" varchar not null, \"lokasi_lahan_id\" integer not null, \"petugas_id\" integer not null, \"tanggal\" date not null, \"target_pohon\" integer not null, \"realisasi_pohon\" integer not null default '0', \"status\" varchar check (\"status\" in ('Persiapan', 'Berlangsung', 'Selesai', 'Dibatalkan')) not null default 'Persiapan', \"deskripsi\" text, \"created_at\" datetime, \"updated_at\" datetime, foreign key(\"lokasi_lahan_id\") references \"lokasi_lahans\"(\"id\") on delete cascade, foreign key(\"petugas_id\") references \"users\"(\"id\") on delete cascade)) at C:/!Telkom/Semester 6/Proyek Perangkat Lunak/SI4705-KELA-main/greennovate/vendor/laravel/framework/src/Illuminate/Database/Connection.php:838)
[stacktrace]
#0 C:/!Telkom/Semester 6/Proyek Perangkat Lunak/SI4705-KELA-main/greennovate/vendor/laravel/framework/src/Illuminate/Database/Connection.php(794): Illuminate/Database/Connection->runQueryCallback('create table \"k...', Array, Object(Closure))
#1 C:/!Telkom/Semester 6/Proyek Perangkat Lunak/SI4705-KELA-main/greennovate/vendor/laravel/framework/src/Illuminate/Database/Connection.php(573): Illuminate/Database/Connection->run('create table \"k...', Array, Object(Closure))
#2 C:/!Telkom/Semester 6/Proyek Perangkat Lunak/SI4705-KELA-main/greennovate/vendor/laravel/framework/src/Illuminate/Database/Schema/Blueprint.php(121): Illuminate/Database/Connection->statement('create table \"k...')
#3 C:/!Telkom/Semester 6/Proyek Perangkat Lunak/SI4705-KELA-main/greennovate/vendor/laravel/framework/src/Illuminate/Database/Schema/Builder.php(686): Illuminate/Database/Schema/Blueprint->build()
#4 C:/!Telkom/Semester 6/Proyek Perangkat Lunak/SI4705-KELA-main/greennovate/vendor/laravel/framework/src/Illuminate/Database/Schema/Builder.php(506): Illuminate/Database/Schema/Builder->build(Object(Illuminate/Database/Schema/Blueprint))
#5 C:/!Telkom/Semester 6/Proyek Perangkat Lunak/SI4705-KELA-main/greennovate/vendor/laravel/framework/src/Illuminate/Support/Facades/Facade.php(363): Illuminate/Database/Schema/Builder->create('kegiatan', Object(Closure))
#6 C:/!Telkom/Semester 6/Proyek Perangkat Lunak/SI4705-KELA-main/greennovate/database/migrations/2026_05_01_082725_create_kegiatans_table.php(14): Illuminate/Support/Facades/Facade::__callStatic('create', Array)
#7 C:/!Telkom/Semester 6/Proyek Perangkat Lunak/SI4705-KELA-main/greennovate/vendor/laravel/framework/src/Illuminate/Database/Migrations/Migrator.php(517): Illuminate/Database/Migrations/Migration@anonymous->up()
#8 C:/!Telkom/Semester 6/Proyek Perangkat Lunak/SI4705-KELA-main/greennovate/vendor/laravel/framework/src/Illuminate/Database/Migrations/Migrator.php(442): Illuminate/Database/Migrations/Migrator->runMethod(Object(Illuminate/Database/SQLiteConnection), Object(Illuminate/Database/Migrations/Migration@anonymous), 'up')
#9 C:/!Telkom/Semester 6/Proyek Perangkat Lunak/SI4705-KELA-main/greennovate/vendor/laravel/framework/src/Illuminate/Database/Migrations/Migrator.php(451): Illuminate/Database/Migrations/Migrator->Illuminate/Database/Migrations/{closure}()
#10 C:/!Telkom/Semester 6/Proyek Perangkat Lunak/SI4705-KELA-main/greennovate/vendor/laravel/framework/src/Illuminate/Database/Migrations/Migrator.php(253): Illuminate/Database/Migrations/Migrator->runMigration(Object(Illuminate/Database/Migrations/Migration@anonymous), 'up')
#11 C:/!Telkom/Semester 6/Proyek Perangkat Lunak/SI4705-KELA-main/greennovate/vendor/laravel/framework/src/Illuminate/Console/View/Components/Task.php(41): Illuminate/Database/Migrations/Migrator->Illuminate/Database/Migrations/{closure}()
#12 C:/!Telkom/Semester 6/Proyek Perangkat Lunak/SI4705-KELA-main/greennovate/vendor/laravel/framework/src/Illuminate/Database/Migrations/Migrator.php(814): Illuminate/Console/View/Components/Task->render('2026_05_01_0827...', Object(Closure))
#13 C:/!Telkom/Semester 6/Proyek Perangkat Lunak/SI4705-KELA-main/greennovate/vendor/laravel/framework/src/Illuminate/Database/Migrations/Migrator.php(253): Illuminate/Database/Migrations/Migrator->write('Illuminate//Cons...', '2026_05_01_0827...', Object(Closure))
#14 C:/!Telkom/Semester 6/Proyek Perangkat Lunak/SI4705-KELA-main/greennovate/vendor/laravel/framework/src/Illuminate/Database/Migrations/Migrator.php(211): Illuminate/Database/Migrations/Migrator->runUp('C://!Telkom//Seme...', 2, false)
#15 C:/!Telkom/Semester 6/Proyek Perangkat Lunak/SI4705-KELA-main/greennovate/vendor/laravel/framework/src/Illuminate/Database/Migrations/Migrator.php(138): Illuminate/Database/Migrations/Migrator->runPending(Array, Array)
#16 C:/!Telkom/Semester 6/Proyek Perangkat Lunak/SI4705-KELA-main/greennovate/vendor/laravel/framework/src/Illuminate/Database/Console/Migrations/MigrateCommand.php(116): Illuminate/Database/Migrations/Migrator->run(Array, Array)
#17 C:/!Telkom/Semester 6/Proyek Perangkat Lunak/SI4705-KELA-main/greennovate/vendor/laravel/framework/src/Illuminate/Database/Migrations/Migrator.php(671): Illuminate/Database/Console/Migrations/MigrateCommand->Illuminate/Database/Console/Migrations/{closure}()
#18 C:/!Telkom/Semester 6/Proyek Perangkat Lunak/SI4705-KELA-main/greennovate/vendor/laravel/framework/src/Illuminate/Database/Console/Migrations/MigrateCommand.php(109): Illuminate/Database/Migrations/Migrator->usingConnection(NULL, Object(Closure))
#19 C:/!Telkom/Semester 6/Proyek Perangkat Lunak/SI4705-KELA-main/greennovate/vendor/laravel/framework/src/Illuminate/Database/Console/Migrations/MigrateCommand.php(88): Illuminate/Database/Console/Migrations/MigrateCommand->runMigrations()
#20 C:/!Telkom/Semester 6/Proyek Perangkat Lunak/SI4705-KELA-main/greennovate/vendor/laravel/framework/src/Illuminate/Container/BoundMethod.php(36): Illuminate/Database/Console/Migrations/MigrateCommand->handle()
#21 C:/!Telkom/Semester 6/Proyek Perangkat Lunak/SI4705-KELA-main/greennovate/vendor/laravel/framework/src/Illuminate/Container/Util.php(43): Illuminate/Container/BoundMethod::Illuminate/Container/{closure}()
#22 C:/!Telkom/Semester 6/Proyek Perangkat Lunak/SI4705-KELA-main/greennovate/vendor/laravel/framework/src/Illuminate/Container/BoundMethod.php(96): Illuminate/Container/Util::unwrapIfClosure(Object(Closure))
#23 C:/!Telkom/Semester 6/Proyek Perangkat Lunak/SI4705-KELA-main/greennovate/vendor/laravel/framework/src/Illuminate/Container/BoundMethod.php(35): Illuminate/Container/BoundMethod::callBoundMethod(Object(Illuminate/Foundation/Application), Array, Object(Closure))
#24 C:/!Telkom/Semester 6/Proyek Perangkat Lunak/SI4705-KELA-main/greennovate/vendor/laravel/framework/src/Illuminate/Container/Container.php(799): Illuminate/Container/BoundMethod::call(Object(Illuminate/Foundation/Application), Array, Array, NULL)
#25 C:/!Telkom/Semester 6/Proyek Perangkat Lunak/SI4705-KELA-main/greennovate/vendor/laravel/framework/src/Illuminate/Console/Command.php(211): Illuminate/Container/Container->call(Array)
#26 C:/!Telkom/Semester 6/Proyek Perangkat Lunak/SI4705-KELA-main/greennovate/vendor/symfony/console/Command/Command.php(341): Illuminate/Console/Command->execute(Object(Symfony/Component/Console/Input/ArgvInput), Object(Illuminate/Console/OutputStyle))
#27 C:/!Telkom/Semester 6/Proyek Perangkat Lunak/SI4705-KELA-main/greennovate/vendor/laravel/framework/src/Illuminate/Console/Command.php(180): Symfony/Component/Console/Command/Command->run(Object(Symfony/Component/Console/Input/ArgvInput), Object(Illuminate/Console/OutputStyle))
#28 C:/!Telkom/Semester 6/Proyek Perangkat Lunak/SI4705-KELA-main/greennovate/vendor/symfony/console/Application.php(1117): Illuminate/Console/Command->run(Object(Symfony/Component/Console/Input/ArgvInput), Object(Symfony/Component/Console/Output/ConsoleOutput))
#29 C:/!Telkom/Semester 6/Proyek Perangkat Lunak/SI4705-KELA-main/greennovate/vendor/symfony/console/Application.php(356): Symfony/Component/Console/Application->doRunCommand(Object(Illuminate/Database/Console/Migrations/MigrateCommand), Object(Symfony/Component/Console/Input/ArgvInput), Object(Symfony/Component/Console/Output/ConsoleOutput))
#30 C:/!Telkom/Semester 6/Proyek Perangkat Lunak/SI4705-KELA-main/greennovate/vendor/symfony/console/Application.php(195): Symfony/Component/Console/Application->doRun(Object(Symfony/Component/Console/Input/ArgvInput), Object(Symfony/Component/Console/Output/ConsoleOutput))
#31 C:/!Telkom/Semester 6/Proyek Perangkat Lunak/SI4705-KELA-main/greennovate/vendor/laravel/framework/src/Illuminate/Foundation/Console/Kernel.php(198): Symfony/Component/Console/Application->run(Object(Symfony/Component/Console/Input/ArgvInput), Object(Symfony/Component/Console/Output/ConsoleOutput))
#32 C:/!Telkom/Semester 6/Proyek Perangkat Lunak/SI4705-KELA-main/greennovate/vendor/laravel/framework/src/Illuminate/Foundation/Application.php(1235): Illuminate/Foundation/Console/Kernel->handle(Object(Symfony/Component/Console/Input/ArgvInput), Object(Symfony/Component/Console/Output/ConsoleOutput))
#33 C:/!Telkom/Semester 6/Proyek Perangkat Lunak/SI4705-KELA-main/greennovate/artisan(16): Illuminate/Foundation/Application->handleCommand(Object(Symfony/Component/Console/Input/ArgvInput))
#34 {main}

[previous exception] [object] (PDOException(code: HY000): SQLSTATE[HY000]: General error: 1 table \"kegiatan\" already exists at C:/!Telkom/Semester 6/Proyek Perangkat Lunak/SI4705-KELA-main/greennovate/vendor/laravel/framework/src/Illuminate/Database/Connection.php:578)
[stacktrace]
#0 C:/!Telkom/Semester 6/Proyek Perangkat Lunak/SI4705-KELA-main/greennovate/vendor/laravel/framework/src/Illuminate/Database/Connection.php(578): PDO->prepare('create table \"k...')
#1 C:/!Telkom/Semester 6/Proyek Perangkat Lunak/SI4705-KELA-main/greennovate/vendor/laravel/framework/src/Illuminate/Database/Connection.php(827): Illuminate/Database/Connection->Illuminate/Database/{closure}('create table \"k...', Array)
#2 C:/!Telkom/Semester 6/Proyek Perangkat Lunak/SI4705-KELA-main/greennovate/vendor/laravel/framework/src/Illuminate/Database/Connection.php(794): Illuminate/Database/Connection->runQueryCallback('create table \"k...', Array, Object(Closure))
#3 C:/!Telkom/Semester 6/Proyek Perangkat Lunak/SI4705-KELA-main/greennovate/vendor/laravel/framework/src/Illuminate/Database/Connection.php(573): Illuminate/Database/Connection->run('create table \"k...', Array, Object(Closure))
#4 C:/!Telkom/Semester 6/Proyek Perangkat Lunak/SI4705-KELA-main/greennovate/vendor/laravel/framework/src/Illuminate/Database/Schema/Blueprint.php(121): Illuminate/Database/Connection->statement('create table \"k...')
#5 C:/!Telkom/Semester 6/Proyek Perangkat Lunak/SI4705-KELA-main/greennovate/vendor/laravel/framework/src/Illuminate/Database/Schema/Builder.php(686): Illuminate/Database/Schema/Blueprint->build()
#6 C:/!Telkom/Semester 6/Proyek Perangkat Lunak/SI4705-KELA-main/greennovate/vendor/laravel/framework/src/Illuminate/Database/Schema/Builder.php(506): Illuminate/Database/Schema/Builder->build(Object(Illuminate/Database/Schema/Blueprint))
#7 C:/!Telkom/Semester 6/Proyek Perangkat Lunak/SI4705-KELA-main/greennovate/vendor/laravel/framework/src/Illuminate/Support/Facades/Facade.php(363): Illuminate/Database/Schema/Builder->create('kegiatan', Object(Closure))
#8 C:/!Telkom/Semester 6/Proyek Perangkat Lunak/SI4705-KELA-main/greennovate/database/migrations/2026_05_01_082725_create_kegiatans_table.php(14): Illuminate/Support/Facades/Facade::__callStatic('create', Array)
#9 C:/!Telkom/Semester 6/Proyek Perangkat Lunak/SI4705-KELA-main/greennovate/vendor/laravel/framework/src/Illuminate/Database/Migrations/Migrator.php(517): Illuminate/Database/Migrations/Migration@anonymous->up()
#10 C:/!Telkom/Semester 6/Proyek Perangkat Lunak/SI4705-KELA-main/greennovate/vendor/laravel/framework/src/Illuminate/Database/Migrations/Migrator.php(442): Illuminate/Database/Migrations/Migrator->runMethod(Object(Illuminate/Database/SQLiteConnection), Object(Illuminate/Database/Migrations/Migration@anonymous), 'up')
#11 C:/!Telkom/Semester 6/Proyek Perangkat Lunak/SI4705-KELA-main/greennovate/vendor/laravel/framework/src/Illuminate/Database/Migrations/Migrator.php(451): Illuminate/Database/Migrations/Migrator->Illuminate/Database/Migrations/{closure}()
#12 C:/!Telkom/Semester 6/Proyek Perangkat Lunak/SI4705-KELA-main/greennovate/vendor/laravel/framework/src/Illuminate/Database/Migrations/Migrator.php(253): Illuminate/Database/Migrations/Migrator->runMigration(Object(Illuminate/Database/Migrations/Migration@anonymous), 'up')
#13 C:/!Telkom/Semester 6/Proyek Perangkat Lunak/SI4705-KELA-main/greennovate/vendor/laravel/framework/src/Illuminate/Console/View/Components/Task.php(41): Illuminate/Database/Migrations/Migrator->Illuminate/Database/Migrations/{closure}()
#14 C:/!Telkom/Semester 6/Proyek Perangkat Lunak/SI4705-KELA-main/greennovate/vendor/laravel/framework/src/Illuminate/Database/Migrations/Migrator.php(814): Illuminate/Console/View/Components/Task->render('2026_05_01_0827...', Object(Closure))
#15 C:/!Telkom/Semester 6/Proyek Perangkat Lunak/SI4705-KELA-main/greennovate/vendor/laravel/framework/src/Illuminate/Database/Migrations/Migrator.php(253): Illuminate/Database/Migrations/Migrator->write('Illuminate//Cons...', '2026_05_01_0827...', Object(Closure))
#16 C:/!Telkom/Semester 6/Proyek Perangkat Lunak/SI4705-KELA-main/greennovate/vendor/laravel/framework/src/Illuminate/Database/Migrations/Migrator.php(211): Illuminate/Database/Migrations/Migrator->runUp('C://!Telkom//Seme...', 2, false)
#17 C:/!Telkom/Semester 6/Proyek Perangkat Lunak/SI4705-KELA-main/greennovate/vendor/laravel/framework/src/Illuminate/Database/Migrations/Migrator.php(138): Illuminate/Database/Migrations/Migrator->runPending(Array, Array)
#18 C:/!Telkom/Semester 6/Proyek Perangkat Lunak/SI4705-KELA-main/greennovate/vendor/laravel/framework/src/Illuminate/Database/Console/Migrations/MigrateCommand.php(116): Illuminate/Database/Migrations/Migrator->run(Array, Array)
#19 C:/!Telkom/Semester 6/Proyek Perangkat Lunak/SI4705-KELA-main/greennovate/vendor/laravel/framework/src/Illuminate/Database/Migrations/Migrator.php(671): Illuminate/Database/Console/Migrations/MigrateCommand->Illuminate/Database/Console/Migrations/{closure}()
#20 C:/!Telkom/Semester 6/Proyek Perangkat Lunak/SI4705-KELA-main/greennovate/vendor/laravel/framework/src/Illuminate/Database/Console/Migrations/MigrateCommand.php(109): Illuminate/Database/Migrations/Migrator->usingConnection(NULL, Object(Closure))
#21 C:/!Telkom/Semester 6/Proyek Perangkat Lunak/SI4705-KELA-main/greennovate/vendor/laravel/framework/src/Illuminate/Database/Console/Migrations/MigrateCommand.php(88): Illuminate/Database/Console/Migrations/MigrateCommand->runMigrations()
#22 C:/!Telkom/Semester 6/Proyek Perangkat Lunak/SI4705-KELA-main/greennovate/vendor/laravel/framework/src/Illuminate/Container/BoundMethod.php(36): Illuminate/Database/Console/Migrations/MigrateCommand->handle()
#23 C:/!Telkom/Semester 6/Proyek Perangkat Lunak/SI4705-KELA-main/greennovate/vendor/laravel/framework/src/Illuminate/Container/Util.php(43): Illuminate/Container/BoundMethod::Illuminate/Container/{closure}()
#24 C:/!Telkom/Semester 6/Proyek Perangkat Lunak/SI4705-KELA-main/greennovate/vendor/laravel/framework/src/Illuminate/Container/BoundMethod.php(96): Illuminate/Container/Util::unwrapIfClosure(Object(Closure))
#25 C:/!Telkom/Semester 6/Proyek Perangkat Lunak/SI4705-KELA-main/greennovate/vendor/laravel/framework/src/Illuminate/Container/BoundMethod.php(35): Illuminate/Container/BoundMethod::callBoundMethod(Object(Illuminate/Foundation/Application), Array, Object(Closure))
#26 C:/!Telkom/Semester 6/Proyek Perangkat Lunak/SI4705-KELA-main/greennovate/vendor/laravel/framework/src/Illuminate/Container/Container.php(799): Illuminate/Container/BoundMethod::call(Object(Illuminate/Foundation/Application), Array, Array, NULL)
#27 C:/!Telkom/Semester 6/Proyek Perangkat Lunak/SI4705-KELA-main/greennovate/vendor/laravel/framework/src/Illuminate/Console/Command.php(211): Illuminate/Container/Container->call(Array)
#28 C:/!Telkom/Semester 6/Proyek Perangkat Lunak/SI4705-KELA-main/greennovate/vendor/symfony/console/Command/Command.php(341): Illuminate/Console/Command->execute(Object(Symfony/Component/Console/Input/ArgvInput), Object(Illuminate/Console/OutputStyle))
#29 C:/!Telkom/Semester 6/Proyek Perangkat Lunak/SI4705-KELA-main/greennovate/vendor/laravel/framework/src/Illuminate/Console/Command.php(180): Symfony/Component/Console/Command/Command->run(Object(Symfony/Component/Console/Input/ArgvInput), Object(Illuminate/Console/OutputStyle))
#30 C:/!Telkom/Semester 6/Proyek Perangkat Lunak/SI4705-KELA-main/greennovate/vendor/symfony/console/Application.php(1117): Illuminate/Console/Command->run(Object(Symfony/Component/Console/Input/ArgvInput), Object(Symfony/Component/Console/Output/ConsoleOutput))
#31 C:/!Telkom/Semester 6/Proyek Perangkat Lunak/SI4705-KELA-main/greennovate/vendor/symfony/console/Application.php(356): Symfony/Component/Console/Application->doRunCommand(Object(Illuminate/Database/Console/Migrations/MigrateCommand), Object(Symfony/Component/Console/Input/ArgvInput), Object(Symfony/Component/Console/Output/ConsoleOutput))
#32 C:/!Telkom/Semester 6/Proyek Perangkat Lunak/SI4705-KELA-main/greennovate/vendor/symfony/console/Application.php(195): Symfony/Component/Console/Application->doRun(Object(Symfony/Component/Console/Input/ArgvInput), Object(Symfony/Component/Console/Output/ConsoleOutput))
#33 C:/!Telkom/Semester 6/Proyek Perangkat Lunak/SI4705-KELA-main/greennovate/vendor/laravel/framework/src/Illuminate/Foundation/Console/Kernel.php(198): Symfony/Component/Console/Application->run(Object(Symfony/Component/Console/Input/ArgvInput), Object(Symfony/Component/Console/Output/ConsoleOutput))
#34 C:/!Telkom/Semester 6/Proyek Perangkat Lunak/SI4705-KELA-main/greennovate/vendor/laravel/framework/src/Illuminate/Foundation/Application.php(1235): Illuminate/Foundation/Console/Kernel->handle(Object(Symfony/Component/Console/Input/ArgvInput), Object(Symfony/Component/Console/Output/ConsoleOutput))
#35 C:/!Telkom/Semester 6/Proyek Perangkat Lunak/SI4705-KELA-main/greennovate/artisan(16): Illuminate/Foundation/Application->handleCommand(Object(Symfony/Component/Console/Input/ArgvInput))
#36 {main}
"} 
[2026-05-04 08:03:45] local.ERROR: SQLSTATE[HY000]: General error: 1 no such column: kegiatan.deleted_at (Connection: sqlite, Database: C:\!Telkom\Semester 6\Proyek Perangkat Lunak\SI4705-KELA-main\greennovate\database\database.sqlite, SQL: select count(*) as aggregate from "kegiatan" where "kegiatan"."deleted_at" is null) {"exception":"[object] (Illuminate\\Database\\QueryException(code: HY000): SQLSTATE[HY000]: General error: 1 no such column: kegiatan.deleted_at (Connection: sqlite, Database: C:\\!Telkom\\Semester 6\\Proyek Perangkat Lunak\\SI4705-KELA-main\\greennovate\\database\\database.sqlite, SQL: select count(*) as aggregate from \"kegiatan\" where \"kegiatan\".\"deleted_at\" is null) at C:/!Telkom/Semester 6/Proyek Perangkat Lunak/SI4705-KELA-main/greennovate/vendor/laravel/framework/src/Illuminate/Database/Connection.php:838)
[stacktrace]
#0 C:/!Telkom/Semester 6/Proyek Perangkat Lunak/SI4705-KELA-main/greennovate/vendor/laravel/framework/src/Illuminate/Database/Connection.php(794): Illuminate/Database/Connection->runQueryCallback('select count(*)...', Array, Object(Closure))
#1 C:/!Telkom/Semester 6/Proyek Perangkat Lunak/SI4705-KELA-main/greennovate/vendor/laravel/framework/src/Illuminate/Database/Connection.php(411): Illuminate/Database/Connection->run('select count(*)...', Array, Object(Closure))
#2 C:/!Telkom/Semester 6/Proyek Perangkat Lunak/SI4705-KELA-main/greennovate/vendor/laravel/framework/src/Illuminate/Database/Query/Builder.php(3505): Illuminate/Database/Connection->select('select count(*)...', Array, true)
#3 C:/!Telkom/Semester 6/Proyek Perangkat Lunak/SI4705-KELA-main/greennovate/vendor/laravel/framework/src/Illuminate/Database/Query/Builder.php(3490): Illuminate/Database/Query/Builder->runSelect()
#4 C:/!Telkom/Semester 6/Proyek Perangkat Lunak/SI4705-KELA-main/greennovate/vendor/laravel/framework/src/Illuminate/Database/Query/Builder.php(4080): Illuminate/Database/Query/Builder->Illuminate/Database/Query/{closure}()
#5 C:/!Telkom/Semester 6/Proyek Perangkat Lunak/SI4705-KELA-main/greennovate/vendor/laravel/framework/src/Illuminate/Database/Query/Builder.php(3489): Illuminate/Database/Query/Builder->onceWithColumns(Array, Object(Closure))
#6 C:/!Telkom/Semester 6/Proyek Perangkat Lunak/SI4705-KELA-main/greennovate/vendor/laravel/framework/src/Illuminate/Database/Query/Builder.php(4004): Illuminate/Database/Query/Builder->get(Array)
#7 C:/!Telkom/Semester 6/Proyek Perangkat Lunak/SI4705-KELA-main/greennovate/vendor/laravel/framework/src/Illuminate/Database/Query/Builder.php(3932): Illuminate/Database/Query/Builder->aggregate('count', Array)
#8 C:/!Telkom/Semester 6/Proyek Perangkat Lunak/SI4705-KELA-main/greennovate/vendor/laravel/framework/src/Illuminate/Database/Eloquent/Builder.php(2237): Illuminate/Database/Query/Builder->count()
#9 C:/!Telkom/Semester 6/Proyek Perangkat Lunak/SI4705-KELA-main/greennovate/vendor/laravel/framework/src/Illuminate/Support/Traits/ForwardsCalls.php(23): Illuminate/Database/Eloquent/Builder->__call('count', Array)
#10 C:/!Telkom/Semester 6/Proyek Perangkat Lunak/SI4705-KELA-main/greennovate/vendor/laravel/framework/src/Illuminate/Database/Eloquent/Model.php(2540): Illuminate/Database/Eloquent/Model->forwardCallTo(Object(Illuminate/Database/Eloquent/Builder), 'count', Array)
#11 C:/!Telkom/Semester 6/Proyek Perangkat Lunak/SI4705-KELA-main/greennovate/vendor/laravel/framework/src/Illuminate/Database/Eloquent/Model.php(2556): Illuminate/Database/Eloquent/Model->__call('count', Array)
#12 C:/!Telkom/Semester 6/Proyek Perangkat Lunak/SI4705-KELA-main/greennovate/app/Http/Controllers/LandingController.php(18): Illuminate/Database/Eloquent/Model::__callStatic('count', Array)
#13 C:/!Telkom/Semester 6/Proyek Perangkat Lunak/SI4705-KELA-main/greennovate/vendor/laravel/framework/src/Illuminate/Routing/ControllerDispatcher.php(46): App/Http/Controllers/LandingController->index()
#14 C:/!Telkom/Semester 6/Proyek Perangkat Lunak/SI4705-KELA-main/greennovate/vendor/laravel/framework/src/Illuminate/Routing/Route.php(265): Illuminate/Routing/ControllerDispatcher->dispatch(Object(Illuminate/Routing/Route), Object(App/Http/Controllers/LandingController), 'index')
#15 C:/!Telkom/Semester 6/Proyek Perangkat Lunak/SI4705-KELA-main/greennovate/vendor/laravel/framework/src/Illuminate/Routing/Route.php(211): Illuminate/Routing/Route->runController()
#16 C:/!Telkom/Semester 6/Proyek Perangkat Lunak/SI4705-KELA-main/greennovate/vendor/laravel/framework/src/Illuminate/Routing/Router.php(822): Illuminate/Routing/Route->run()
#17 C:/!Telkom/Semester 6/Proyek Perangkat Lunak/SI4705-KELA-main/greennovate/vendor/laravel/framework/src/Illuminate/Pipeline/Pipeline.php(180): Illuminate/Routing/Router->Illuminate/Routing/{closure}(Object(Illuminate/Http/Request))
#18 C:/!Telkom/Semester 6/Proyek Perangkat Lunak/SI4705-KELA-main/greennovate/app/Http/Middleware/SetLocale.php(39): Illuminate/Pipeline/Pipeline->Illuminate/Pipeline/{closure}(Object(Illuminate/Http/Request))
#19 C:/!Telkom/Semester 6/Proyek Perangkat Lunak/SI4705-KELA-main/greennovate/vendor/laravel/framework/src/Illuminate/Pipeline/Pipeline.php(219): App/Http/Middleware/SetLocale->handle(Object(Illuminate/Http/Request), Object(Closure))
#20 C:/!Telkom/Semester 6/Proyek Perangkat Lunak/SI4705-KELA-main/greennovate/vendor/laravel/framework/src/Illuminate/Routing/Middleware/SubstituteBindings.php(50): Illuminate/Pipeline/Pipeline->Illuminate/Pipeline/{closure}(Object(Illuminate/Http/Request))
#21 C:/!Telkom/Semester 6/Proyek Perangkat Lunak/SI4705-KELA-main/greennovate/vendor/laravel/framework/src/Illuminate/Pipeline/Pipeline.php(219): Illuminate/Routing/Middleware/SubstituteBindings->handle(Object(Illuminate/Http/Request), Object(Closure))
#22 C:/!Telkom/Semester 6/Proyek Perangkat Lunak/SI4705-KELA-main/greennovate/vendor/laravel/framework/src/Illuminate/Foundation/Http/Middleware/VerifyCsrfToken.php(87): Illuminate/Pipeline/Pipeline->Illuminate/Pipeline/{closure}(Object(Illuminate/Http/Request))
#23 C:/!Telkom/Semester 6/Proyek Perangkat Lunak/SI4705-KELA-main/greennovate/vendor/laravel/framework/src/Illuminate/Pipeline/Pipeline.php(219): Illuminate/Foundation/Http/Middleware/VerifyCsrfToken->handle(Object(Illuminate/Http/Request), Object(Closure))
#24 C:/!Telkom/Semester 6/Proyek Perangkat Lunak/SI4705-KELA-main/greennovate/vendor/laravel/framework/src/Illuminate/View/Middleware/ShareErrorsFromSession.php(48): Illuminate/Pipeline/Pipeline->Illuminate/Pipeline/{closure}(Object(Illuminate/Http/Request))
#25 C:/!Telkom/Semester 6/Proyek Perangkat Lunak/SI4705-KELA-main/greennovate/vendor/laravel/framework/src/Illuminate/Pipeline/Pipeline.php(219): Illuminate/View/Middleware/ShareErrorsFromSession->handle(Object(Illuminate/Http/Request), Object(Closure))
#26 C:/!Telkom/Semester 6/Proyek Perangkat Lunak/SI4705-KELA-main/greennovate/vendor/laravel/framework/src/Illuminate/Session/Middleware/StartSession.php(120): Illuminate/Pipeline/Pipeline->Illuminate/Pipeline/{closure}(Object(Illuminate/Http/Request))
#27 C:/!Telkom/Semester 6/Proyek Perangkat Lunak/SI4705-KELA-main/greennovate/vendor/laravel/framework/src/Illuminate/Session/Middleware/StartSession.php(63): Illuminate/Session/Middleware/StartSession->handleStatefulRequest(Object(Illuminate/Http/Request), Object(Illuminate/Session/Store), Object(Closure))
#28 C:/!Telkom/Semester 6/Proyek Perangkat Lunak/SI4705-KELA-main/greennovate/vendor/laravel/framework/src/Illuminate/Pipeline/Pipeline.php(219): Illuminate/Session/Middleware/StartSession->handle(Object(Illuminate/Http/Request), Object(Closure))
#29 C:/!Telkom/Semester 6/Proyek Perangkat Lunak/SI4705-KELA-main/greennovate/vendor/laravel/framework/src/Illuminate/Cookie/Middleware/AddQueuedCookiesToResponse.php(36): Illuminate/Pipeline/Pipeline->Illuminate/Pipeline/{closure}(Object(Illuminate/Http/Request))
#30 C:/!Telkom/Semester 6/Proyek Perangkat Lunak/SI4705-KELA-main/greennovate/vendor/laravel/framework/src/Illuminate/Pipeline/Pipeline.php(219): Illuminate/Cookie/Middleware/AddQueuedCookiesToResponse->handle(Object(Illuminate/Http/Request), Object(Closure))
#31 C:/!Telkom/Semester 6/Proyek Perangkat Lunak/SI4705-KELA-main/greennovate/vendor/laravel/framework/src/Illuminate/Cookie/Middleware/EncryptCookies.php(74): Illuminate/Pipeline/Pipeline->Illuminate/Pipeline/{closure}(Object(Illuminate/Http/Request))
#32 C:/!Telkom/Semester 6/Proyek Perangkat Lunak/SI4705-KELA-main/greennovate/vendor/laravel/framework/src/Illuminate/Pipeline/Pipeline.php(219): Illuminate/Cookie/Middleware/EncryptCookies->handle(Object(Illuminate/Http/Request), Object(Closure))
#33 C:/!Telkom/Semester 6/Proyek Perangkat Lunak/SI4705-KELA-main/greennovate/vendor/laravel/framework/src/Illuminate/Pipeline/Pipeline.php(137): Illuminate/Pipeline/Pipeline->Illuminate/Pipeline/{closure}(Object(Illuminate/Http/Request))
#34 C:/!Telkom/Semester 6/Proyek Perangkat Lunak/SI4705-KELA-main/greennovate/vendor/laravel/framework/src/Illuminate/Routing/Router.php(821): Illuminate/Pipeline/Pipeline->then(Object(Closure))
#35 C:/!Telkom/Semester 6/Proyek Perangkat Lunak/SI4705-KELA-main/greennovate/vendor/laravel/framework/src/Illuminate/Routing/Router.php(800): Illuminate/Routing/Router->runRouteWithinStack(Object(Illuminate/Routing/Route), Object(Illuminate/Http/Request))
#36 C:/!Telkom/Semester 6/Proyek Perangkat Lunak/SI4705-KELA-main/greennovate/vendor/laravel/framework/src/Illuminate/Routing/Router.php(764): Illuminate/Routing/Router->runRoute(Object(Illuminate/Http/Request), Object(Illuminate/Routing/Route))
#37 C:/!Telkom/Semester 6/Proyek Perangkat Lunak/SI4705-KELA-main/greennovate/vendor/laravel/framework/src/Illuminate/Routing/Router.php(753): Illuminate/Routing/Router->dispatchToRoute(Object(Illuminate/Http/Request))
#38 C:/!Telkom/Semester 6/Proyek Perangkat Lunak/SI4705-KELA-main/greennovate/vendor/laravel/framework/src/Illuminate/Foundation/Http/Kernel.php(200): Illuminate/Routing/Router->dispatch(Object(Illuminate/Http/Request))
#39 C:/!Telkom/Semester 6/Proyek Perangkat Lunak/SI4705-KELA-main/greennovate/vendor/laravel/framework/src/Illuminate/Pipeline/Pipeline.php(180): Illuminate/Foundation/Http/Kernel->Illuminate/Foundation/Http/{closure}(Object(Illuminate/Http/Request))
#40 C:/!Telkom/Semester 6/Proyek Perangkat Lunak/SI4705-KELA-main/greennovate/vendor/laravel/framework/src/Illuminate/Foundation/Http/Middleware/TransformsRequest.php(21): Illuminate/Pipeline/Pipeline->Illuminate/Pipeline/{closure}(Object(Illuminate/Http/Request))
#41 C:/!Telkom/Semester 6/Proyek Perangkat Lunak/SI4705-KELA-main/greennovate/vendor/laravel/framework/src/Illuminate/Foundation/Http/Middleware/ConvertEmptyStringsToNull.php(31): Illuminate/Foundation/Http/Middleware/TransformsRequest->handle(Object(Illuminate/Http/Request), Object(Closure))
#42 C:/!Telkom/Semester 6/Proyek Perangkat Lunak/SI4705-KELA-main/greennovate/vendor/laravel/framework/src/Illuminate/Pipeline/Pipeline.php(219): Illuminate/Foundation/Http/Middleware/ConvertEmptyStringsToNull->handle(Object(Illuminate/Http/Request), Object(Closure))
#43 C:/!Telkom/Semester 6/Proyek Perangkat Lunak/SI4705-KELA-main/greennovate/vendor/laravel/framework/src/Illuminate/Foundation/Http/Middleware/TransformsRequest.php(21): Illuminate/Pipeline/Pipeline->Illuminate/Pipeline/{closure}(Object(Illuminate/Http/Request))
#44 C:/!Telkom/Semester 6/Proyek Perangkat Lunak/SI4705-KELA-main/greennovate/vendor/laravel/framework/src/Illuminate/Foundation/Http/Middleware/TrimStrings.php(51): Illuminate/Foundation/Http/Middleware/TransformsRequest->handle(Object(Illuminate/Http/Request), Object(Closure))
#45 C:/!Telkom/Semester 6/Proyek Perangkat Lunak/SI4705-KELA-main/greennovate/vendor/laravel/framework/src/Illuminate/Pipeline/Pipeline.php(219): Illuminate/Foundation/Http/Middleware/TrimStrings->handle(Object(Illuminate/Http/Request), Object(Closure))
#46 C:/!Telkom/Semester 6/Proyek Perangkat Lunak/SI4705-KELA-main/greennovate/vendor/laravel/framework/src/Illuminate/Http/Middleware/ValidatePostSize.php(27): Illuminate/Pipeline/Pipeline->Illuminate/Pipeline/{closure}(Object(Illuminate/Http/Request))
#47 C:/!Telkom/Semester 6/Proyek Perangkat Lunak/SI4705-KELA-main/greennovate/vendor/laravel/framework/src/Illuminate/Pipeline/Pipeline.php(219): Illuminate/Http/Middleware/ValidatePostSize->handle(Object(Illuminate/Http/Request), Object(Closure))
#48 C:/!Telkom/Semester 6/Proyek Perangkat Lunak/SI4705-KELA-main/greennovate/vendor/laravel/framework/src/Illuminate/Foundation/Http/Middleware/PreventRequestsDuringMaintenance.php(109): Illuminate/Pipeline/Pipeline->Illuminate/Pipeline/{closure}(Object(Illuminate/Http/Request))
#49 C:/!Telkom/Semester 6/Proyek Perangkat Lunak/SI4705-KELA-main/greennovate/vendor/laravel/framework/src/Illuminate/Pipeline/Pipeline.php(219): Illuminate/Foundation/Http/Middleware/PreventRequestsDuringMaintenance->handle(Object(Illuminate/Http/Request), Object(Closure))
#50 C:/!Telkom/Semester 6/Proyek Perangkat Lunak/SI4705-KELA-main/greennovate/vendor/laravel/framework/src/Illuminate/Http/Middleware/HandleCors.php(61): Illuminate/Pipeline/Pipeline->Illuminate/Pipeline/{closure}(Object(Illuminate/Http/Request))
#51 C:/!Telkom/Semester 6/Proyek Perangkat Lunak/SI4705-KELA-main/greennovate/vendor/laravel/framework/src/Illuminate/Pipeline/Pipeline.php(219): Illuminate/Http/Middleware/HandleCors->handle(Object(Illuminate/Http/Request), Object(Closure))
#52 C:/!Telkom/Semester 6/Proyek Perangkat Lunak/SI4705-KELA-main/greennovate/vendor/laravel/framework/src/Illuminate/Http/Middleware/TrustProxies.php(58): Illuminate/Pipeline/Pipeline->Illuminate/Pipeline/{closure}(Object(Illuminate/Http/Request))
#53 C:/!Telkom/Semester 6/Proyek Perangkat Lunak/SI4705-KELA-main/greennovate/vendor/laravel/framework/src/Illuminate/Pipeline/Pipeline.php(219): Illuminate/Http/Middleware/TrustProxies->handle(Object(Illuminate/Http/Request), Object(Closure))
#54 C:/!Telkom/Semester 6/Proyek Perangkat Lunak/SI4705-KELA-main/greennovate/vendor/laravel/framework/src/Illuminate/Foundation/Http/Middleware/InvokeDeferredCallbacks.php(22): Illuminate/Pipeline/Pipeline->Illuminate/Pipeline/{closure}(Object(Illuminate/Http/Request))
#55 C:/!Telkom/Semester 6/Proyek Perangkat Lunak/SI4705-KELA-main/greennovate/vendor/laravel/framework/src/Illuminate/Pipeline/Pipeline.php(219): Illuminate/Foundation/Http/Middleware/InvokeDeferredCallbacks->handle(Object(Illuminate/Http/Request), Object(Closure))
#56 C:/!Telkom/Semester 6/Proyek Perangkat Lunak/SI4705-KELA-main/greennovate/vendor/laravel/framework/src/Illuminate/Http/Middleware/ValidatePathEncoding.php(26): Illuminate/Pipeline/Pipeline->Illuminate/Pipeline/{closure}(Object(Illuminate/Http/Request))
#57 C:/!Telkom/Semester 6/Proyek Perangkat Lunak/SI4705-KELA-main/greennovate/vendor/laravel/framework/src/Illuminate/Pipeline/Pipeline.php(219): Illuminate/Http/Middleware/ValidatePathEncoding->handle(Object(Illuminate/Http/Request), Object(Closure))
#58 C:/!Telkom/Semester 6/Proyek Perangkat Lunak/SI4705-KELA-main/greennovate/vendor/laravel/framework/src/Illuminate/Pipeline/Pipeline.php(137): Illuminate/Pipeline/Pipeline->Illuminate/Pipeline/{closure}(Object(Illuminate/Http/Request))
#59 C:/!Telkom/Semester 6/Proyek Perangkat Lunak/SI4705-KELA-main/greennovate/vendor/laravel/framework/src/Illuminate/Foundation/Http/Kernel.php(175): Illuminate/Pipeline/Pipeline->then(Object(Closure))
#60 C:/!Telkom/Semester 6/Proyek Perangkat Lunak/SI4705-KELA-main/greennovate/vendor/laravel/framework/src/Illuminate/Foundation/Http/Kernel.php(144): Illuminate/Foundation/Http/Kernel->sendRequestThroughRouter(Object(Illuminate/Http/Request))
#61 C:/!Telkom/Semester 6/Proyek Perangkat Lunak/SI4705-KELA-main/greennovate/vendor/laravel/framework/src/Illuminate/Foundation/Application.php(1220): Illuminate/Foundation/Http/Kernel->handle(Object(Illuminate/Http/Request))
#62 C:/!Telkom/Semester 6/Proyek Perangkat Lunak/SI4705-KELA-main/greennovate/public/index.php(20): Illuminate/Foundation/Application->handleRequest(Object(Illuminate/Http/Request))
#63 C:/!Telkom/Semester 6/Proyek Perangkat Lunak/SI4705-KELA-main/greennovate/vendor/laravel/framework/src/Illuminate/Foundation/resources/server.php(23): require_once('C://!Telkom//Seme...')
#64 {main}

[previous exception] [object] (PDOException(code: HY000): SQLSTATE[HY000]: General error: 1 no such column: kegiatan.deleted_at at C:/!Telkom/Semester 6/Proyek Perangkat Lunak/SI4705-KELA-main/greennovate/vendor/laravel/framework/src/Illuminate/Database/Connection.php:420)
[stacktrace]
#0 C:/!Telkom/Semester 6/Proyek Perangkat Lunak/SI4705-KELA-main/greennovate/vendor/laravel/framework/src/Illuminate/Database/Connection.php(420): PDO->prepare('select count(*)...')
#1 C:/!Telkom/Semester 6/Proyek Perangkat Lunak/SI4705-KELA-main/greennovate/vendor/laravel/framework/src/Illuminate/Database/Connection.php(827): Illuminate/Database/Connection->Illuminate/Database/{closure}('select count(*)...', Array)
#2 C:/!Telkom/Semester 6/Proyek Perangkat Lunak/SI4705-KELA-main/greennovate/vendor/laravel/framework/src/Illuminate/Database/Connection.php(794): Illuminate/Database/Connection->runQueryCallback('select count(*)...', Array, Object(Closure))
#3 C:/!Telkom/Semester 6/Proyek Perangkat Lunak/SI4705-KELA-main/greennovate/vendor/laravel/framework/src/Illuminate/Database/Connection.php(411): Illuminate/Database/Connection->run('select count(*)...', Array, Object(Closure))
#4 C:/!Telkom/Semester 6/Proyek Perangkat Lunak/SI4705-KELA-main/greennovate/vendor/laravel/framework/src/Illuminate/Database/Query/Builder.php(3505): Illuminate/Database/Connection->select('select count(*)...', Array, true)
#5 C:/!Telkom/Semester 6/Proyek Perangkat Lunak/SI4705-KELA-main/greennovate/vendor/laravel/framework/src/Illuminate/Database/Query/Builder.php(3490): Illuminate/Database/Query/Builder->runSelect()
#6 C:/!Telkom/Semester 6/Proyek Perangkat Lunak/SI4705-KELA-main/greennovate/vendor/laravel/framework/src/Illuminate/Database/Query/Builder.php(4080): Illuminate/Database/Query/Builder->Illuminate/Database/Query/{closure}()
#7 C:/!Telkom/Semester 6/Proyek Perangkat Lunak/SI4705-KELA-main/greennovate/vendor/laravel/framework/src/Illuminate/Database/Query/Builder.php(3489): Illuminate/Database/Query/Builder->onceWithColumns(Array, Object(Closure))
#8 C:/!Telkom/Semester 6/Proyek Perangkat Lunak/SI4705-KELA-main/greennovate/vendor/laravel/framework/src/Illuminate/Database/Query/Builder.php(4004): Illuminate/Database/Query/Builder->get(Array)
#9 C:/!Telkom/Semester 6/Proyek Perangkat Lunak/SI4705-KELA-main/greennovate/vendor/laravel/framework/src/Illuminate/Database/Query/Builder.php(3932): Illuminate/Database/Query/Builder->aggregate('count', Array)
#10 C:/!Telkom/Semester 6/Proyek Perangkat Lunak/SI4705-KELA-main/greennovate/vendor/laravel/framework/src/Illuminate/Database/Eloquent/Builder.php(2237): Illuminate/Database/Query/Builder->count()
#11 C:/!Telkom/Semester 6/Proyek Perangkat Lunak/SI4705-KELA-main/greennovate/vendor/laravel/framework/src/Illuminate/Support/Traits/ForwardsCalls.php(23): Illuminate/Database/Eloquent/Builder->__call('count', Array)
#12 C:/!Telkom/Semester 6/Proyek Perangkat Lunak/SI4705-KELA-main/greennovate/vendor/laravel/framework/src/Illuminate/Database/Eloquent/Model.php(2540): Illuminate/Database/Eloquent/Model->forwardCallTo(Object(Illuminate/Database/Eloquent/Builder), 'count', Array)
#13 C:/!Telkom/Semester 6/Proyek Perangkat Lunak/SI4705-KELA-main/greennovate/vendor/laravel/framework/src/Illuminate/Database/Eloquent/Model.php(2556): Illuminate/Database/Eloquent/Model->__call('count', Array)
#14 C:/!Telkom/Semester 6/Proyek Perangkat Lunak/SI4705-KELA-main/greennovate/app/Http/Controllers/LandingController.php(18): Illuminate/Database/Eloquent/Model::__callStatic('count', Array)
#15 C:/!Telkom/Semester 6/Proyek Perangkat Lunak/SI4705-KELA-main/greennovate/vendor/laravel/framework/src/Illuminate/Routing/ControllerDispatcher.php(46): App/Http/Controllers/LandingController->index()
#16 C:/!Telkom/Semester 6/Proyek Perangkat Lunak/SI4705-KELA-main/greennovate/vendor/laravel/framework/src/Illuminate/Routing/Route.php(265): Illuminate/Routing/ControllerDispatcher->dispatch(Object(Illuminate/Routing/Route), Object(App/Http/Controllers/LandingController), 'index')
#17 C:/!Telkom/Semester 6/Proyek Perangkat Lunak/SI4705-KELA-main/greennovate/vendor/laravel/framework/src/Illuminate/Routing/Route.php(211): Illuminate/Routing/Route->runController()
#18 C:/!Telkom/Semester 6/Proyek Perangkat Lunak/SI4705-KELA-main/greennovate/vendor/laravel/framework/src/Illuminate/Routing/Router.php(822): Illuminate/Routing/Route->run()
#19 C:/!Telkom/Semester 6/Proyek Perangkat Lunak/SI4705-KELA-main/greennovate/vendor/laravel/framework/src/Illuminate/Pipeline/Pipeline.php(180): Illuminate/Routing/Router->Illuminate/Routing/{closure}(Object(Illuminate/Http/Request))
#20 C:/!Telkom/Semester 6/Proyek Perangkat Lunak/SI4705-KELA-main/greennovate/app/Http/Middleware/SetLocale.php(39): Illuminate/Pipeline/Pipeline->Illuminate/Pipeline/{closure}(Object(Illuminate/Http/Request))
#21 C:/!Telkom/Semester 6/Proyek Perangkat Lunak/SI4705-KELA-main/greennovate/vendor/laravel/framework/src/Illuminate/Pipeline/Pipeline.php(219): App/Http/Middleware/SetLocale->handle(Object(Illuminate/Http/Request), Object(Closure))
#22 C:/!Telkom/Semester 6/Proyek Perangkat Lunak/SI4705-KELA-main/greennovate/vendor/laravel/framework/src/Illuminate/Routing/Middleware/SubstituteBindings.php(50): Illuminate/Pipeline/Pipeline->Illuminate/Pipeline/{closure}(Object(Illuminate/Http/Request))
#23 C:/!Telkom/Semester 6/Proyek Perangkat Lunak/SI4705-KELA-main/greennovate/vendor/laravel/framework/src/Illuminate/Pipeline/Pipeline.php(219): Illuminate/Routing/Middleware/SubstituteBindings->handle(Object(Illuminate/Http/Request), Object(Closure))
#24 C:/!Telkom/Semester 6/Proyek Perangkat Lunak/SI4705-KELA-main/greennovate/vendor/laravel/framework/src/Illuminate/Foundation/Http/Middleware/VerifyCsrfToken.php(87): Illuminate/Pipeline/Pipeline->Illuminate/Pipeline/{closure}(Object(Illuminate/Http/Request))
#25 C:/!Telkom/Semester 6/Proyek Perangkat Lunak/SI4705-KELA-main/greennovate/vendor/laravel/framework/src/Illuminate/Pipeline/Pipeline.php(219): Illuminate/Foundation/Http/Middleware/VerifyCsrfToken->handle(Object(Illuminate/Http/Request), Object(Closure))
#26 C:/!Telkom/Semester 6/Proyek Perangkat Lunak/SI4705-KELA-main/greennovate/vendor/laravel/framework/src/Illuminate/View/Middleware/ShareErrorsFromSession.php(48): Illuminate/Pipeline/Pipeline->Illuminate/Pipeline/{closure}(Object(Illuminate/Http/Request))
#27 C:/!Telkom/Semester 6/Proyek Perangkat Lunak/SI4705-KELA-main/greennovate/vendor/laravel/framework/src/Illuminate/Pipeline/Pipeline.php(219): Illuminate/View/Middleware/ShareErrorsFromSession->handle(Object(Illuminate/Http/Request), Object(Closure))
#28 C:/!Telkom/Semester 6/Proyek Perangkat Lunak/SI4705-KELA-main/greennovate/vendor/laravel/framework/src/Illuminate/Session/Middleware/StartSession.php(120): Illuminate/Pipeline/Pipeline->Illuminate/Pipeline/{closure}(Object(Illuminate/Http/Request))
#29 C:/!Telkom/Semester 6/Proyek Perangkat Lunak/SI4705-KELA-main/greennovate/vendor/laravel/framework/src/Illuminate/Session/Middleware/StartSession.php(63): Illuminate/Session/Middleware/StartSession->handleStatefulRequest(Object(Illuminate/Http/Request), Object(Illuminate/Session/Store), Object(Closure))
#30 C:/!Telkom/Semester 6/Proyek Perangkat Lunak/SI4705-KELA-main/greennovate/vendor/laravel/framework/src/Illuminate/Pipeline/Pipeline.php(219): Illuminate/Session/Middleware/StartSession->handle(Object(Illuminate/Http/Request), Object(Closure))
#31 C:/!Telkom/Semester 6/Proyek Perangkat Lunak/SI4705-KELA-main/greennovate/vendor/laravel/framework/src/Illuminate/Cookie/Middleware/AddQueuedCookiesToResponse.php(36): Illuminate/Pipeline/Pipeline->Illuminate/Pipeline/{closure}(Object(Illuminate/Http/Request))
#32 C:/!Telkom/Semester 6/Proyek Perangkat Lunak/SI4705-KELA-main/greennovate/vendor/laravel/framework/src/Illuminate/Pipeline/Pipeline.php(219): Illuminate/Cookie/Middleware/AddQueuedCookiesToResponse->handle(Object(Illuminate/Http/Request), Object(Closure))
#33 C:/!Telkom/Semester 6/Proyek Perangkat Lunak/SI4705-KELA-main/greennovate/vendor/laravel/framework/src/Illuminate/Cookie/Middleware/EncryptCookies.php(74): Illuminate/Pipeline/Pipeline->Illuminate/Pipeline/{closure}(Object(Illuminate/Http/Request))
#34 C:/!Telkom/Semester 6/Proyek Perangkat Lunak/SI4705-KELA-main/greennovate/vendor/laravel/framework/src/Illuminate/Pipeline/Pipeline.php(219): Illuminate/Cookie/Middleware/EncryptCookies->handle(Object(Illuminate/Http/Request), Object(Closure))
#35 C:/!Telkom/Semester 6/Proyek Perangkat Lunak/SI4705-KELA-main/greennovate/vendor/laravel/framework/src/Illuminate/Pipeline/Pipeline.php(137): Illuminate/Pipeline/Pipeline->Illuminate/Pipeline/{closure}(Object(Illuminate/Http/Request))
#36 C:/!Telkom/Semester 6/Proyek Perangkat Lunak/SI4705-KELA-main/greennovate/vendor/laravel/framework/src/Illuminate/Routing/Router.php(821): Illuminate/Pipeline/Pipeline->then(Object(Closure))
#37 C:/!Telkom/Semester 6/Proyek Perangkat Lunak/SI4705-KELA-main/greennovate/vendor/laravel/framework/src/Illuminate/Routing/Router.php(800): Illuminate/Routing/Router->runRouteWithinStack(Object(Illuminate/Routing/Route), Object(Illuminate/Http/Request))
#38 C:/!Telkom/Semester 6/Proyek Perangkat Lunak/SI4705-KELA-main/greennovate/vendor/laravel/framework/src/Illuminate/Routing/Router.php(764): Illuminate/Routing/Router->runRoute(Object(Illuminate/Http/Request), Object(Illuminate/Routing/Route))
#39 C:/!Telkom/Semester 6/Proyek Perangkat Lunak/SI4705-KELA-main/greennovate/vendor/laravel/framework/src/Illuminate/Routing/Router.php(753): Illuminate/Routing/Router->dispatchToRoute(Object(Illuminate/Http/Request))
#40 C:/!Telkom/Semester 6/Proyek Perangkat Lunak/SI4705-KELA-main/greennovate/vendor/laravel/framework/src/Illuminate/Foundation/Http/Kernel.php(200): Illuminate/Routing/Router->dispatch(Object(Illuminate/Http/Request))
#41 C:/!Telkom/Semester 6/Proyek Perangkat Lunak/SI4705-KELA-main/greennovate/vendor/laravel/framework/src/Illuminate/Pipeline/Pipeline.php(180): Illuminate/Foundation/Http/Kernel->Illuminate/Foundation/Http/{closure}(Object(Illuminate/Http/Request))
#42 C:/!Telkom/Semester 6/Proyek Perangkat Lunak/SI4705-KELA-main/greennovate/vendor/laravel/framework/src/Illuminate/Foundation/Http/Middleware/TransformsRequest.php(21): Illuminate/Pipeline/Pipeline->Illuminate/Pipeline/{closure}(Object(Illuminate/Http/Request))
#43 C:/!Telkom/Semester 6/Proyek Perangkat Lunak/SI4705-KELA-main/greennovate/vendor/laravel/framework/src/Illuminate/Foundation/Http/Middleware/ConvertEmptyStringsToNull.php(31): Illuminate/Foundation/Http/Middleware/TransformsRequest->handle(Object(Illuminate/Http/Request), Object(Closure))
#44 C:/!Telkom/Semester 6/Proyek Perangkat Lunak/SI4705-KELA-main/greennovate/vendor/laravel/framework/src/Illuminate/Pipeline/Pipeline.php(219): Illuminate/Foundation/Http/Middleware/ConvertEmptyStringsToNull->handle(Object(Illuminate/Http/Request), Object(Closure))
#45 C:/!Telkom/Semester 6/Proyek Perangkat Lunak/SI4705-KELA-main/greennovate/vendor/laravel/framework/src/Illuminate/Foundation/Http/Middleware/TransformsRequest.php(21): Illuminate/Pipeline/Pipeline->Illuminate/Pipeline/{closure}(Object(Illuminate/Http/Request))
#46 C:/!Telkom/Semester 6/Proyek Perangkat Lunak/SI4705-KELA-main/greennovate/vendor/laravel/framework/src/Illuminate/Foundation/Http/Middleware/TrimStrings.php(51): Illuminate/Foundation/Http/Middleware/TransformsRequest->handle(Object(Illuminate/Http/Request), Object(Closure))
#47 C:/!Telkom/Semester 6/Proyek Perangkat Lunak/SI4705-KELA-main/greennovate/vendor/laravel/framework/src/Illuminate/Pipeline/Pipeline.php(219): Illuminate/Foundation/Http/Middleware/TrimStrings->handle(Object(Illuminate/Http/Request), Object(Closure))
#48 C:/!Telkom/Semester 6/Proyek Perangkat Lunak/SI4705-KELA-main/greennovate/vendor/laravel/framework/src/Illuminate/Http/Middleware/ValidatePostSize.php(27): Illuminate/Pipeline/Pipeline->Illuminate/Pipeline/{closure}(Object(Illuminate/Http/Request))
#49 C:/!Telkom/Semester 6/Proyek Perangkat Lunak/SI4705-KELA-main/greennovate/vendor/laravel/framework/src/Illuminate/Pipeline/Pipeline.php(219): Illuminate/Http/Middleware/ValidatePostSize->handle(Object(Illuminate/Http/Request), Object(Closure))
#50 C:/!Telkom/Semester 6/Proyek Perangkat Lunak/SI4705-KELA-main/greennovate/vendor/laravel/framework/src/Illuminate/Foundation/Http/Middleware/PreventRequestsDuringMaintenance.php(109): Illuminate/Pipeline/Pipeline->Illuminate/Pipeline/{closure}(Object(Illuminate/Http/Request))
#51 C:/!Telkom/Semester 6/Proyek Perangkat Lunak/SI4705-KELA-main/greennovate/vendor/laravel/framework/src/Illuminate/Pipeline/Pipeline.php(219): Illuminate/Foundation/Http/Middleware/PreventRequestsDuringMaintenance->handle(Object(Illuminate/Http/Request), Object(Closure))
#52 C:/!Telkom/Semester 6/Proyek Perangkat Lunak/SI4705-KELA-main/greennovate/vendor/laravel/framework/src/Illuminate/Http/Middleware/HandleCors.php(61): Illuminate/Pipeline/Pipeline->Illuminate/Pipeline/{closure}(Object(Illuminate/Http/Request))
#53 C:/!Telkom/Semester 6/Proyek Perangkat Lunak/SI4705-KELA-main/greennovate/vendor/laravel/framework/src/Illuminate/Pipeline/Pipeline.php(219): Illuminate/Http/Middleware/HandleCors->handle(Object(Illuminate/Http/Request), Object(Closure))
#54 C:/!Telkom/Semester 6/Proyek Perangkat Lunak/SI4705-KELA-main/greennovate/vendor/laravel/framework/src/Illuminate/Http/Middleware/TrustProxies.php(58): Illuminate/Pipeline/Pipeline->Illuminate/Pipeline/{closure}(Object(Illuminate/Http/Request))
#55 C:/!Telkom/Semester 6/Proyek Perangkat Lunak/SI4705-KELA-main/greennovate/vendor/laravel/framework/src/Illuminate/Pipeline/Pipeline.php(219): Illuminate/Http/Middleware/TrustProxies->handle(Object(Illuminate/Http/Request), Object(Closure))
#56 C:/!Telkom/Semester 6/Proyek Perangkat Lunak/SI4705-KELA-main/greennovate/vendor/laravel/framework/src/Illuminate/Foundation/Http/Middleware/InvokeDeferredCallbacks.php(22): Illuminate/Pipeline/Pipeline->Illuminate/Pipeline/{closure}(Object(Illuminate/Http/Request))
#57 C:/!Telkom/Semester 6/Proyek Perangkat Lunak/SI4705-KELA-main/greennovate/vendor/laravel/framework/src/Illuminate/Pipeline/Pipeline.php(219): Illuminate/Foundation/Http/Middleware/InvokeDeferredCallbacks->handle(Object(Illuminate/Http/Request), Object(Closure))
#58 C:/!Telkom/Semester 6/Proyek Perangkat Lunak/SI4705-KELA-main/greennovate/vendor/laravel/framework/src/Illuminate/Http/Middleware/ValidatePathEncoding.php(26): Illuminate/Pipeline/Pipeline->Illuminate/Pipeline/{closure}(Object(Illuminate/Http/Request))
#59 C:/!Telkom/Semester 6/Proyek Perangkat Lunak/SI4705-KELA-main/greennovate/vendor/laravel/framework/src/Illuminate/Pipeline/Pipeline.php(219): Illuminate/Http/Middleware/ValidatePathEncoding->handle(Object(Illuminate/Http/Request), Object(Closure))
#60 C:/!Telkom/Semester 6/Proyek Perangkat Lunak/SI4705-KELA-main/greennovate/vendor/laravel/framework/src/Illuminate/Pipeline/Pipeline.php(137): Illuminate/Pipeline/Pipeline->Illuminate/Pipeline/{closure}(Object(Illuminate/Http/Request))
#61 C:/!Telkom/Semester 6/Proyek Perangkat Lunak/SI4705-KELA-main/greennovate/vendor/laravel/framework/src/Illuminate/Foundation/Http/Kernel.php(175): Illuminate/Pipeline/Pipeline->then(Object(Closure))
#62 C:/!Telkom/Semester 6/Proyek Perangkat Lunak/SI4705-KELA-main/greennovate/vendor/laravel/framework/src/Illuminate/Foundation/Http/Kernel.php(144): Illuminate/Foundation/Http/Kernel->sendRequestThroughRouter(Object(Illuminate/Http/Request))
#63 C:/!Telkom/Semester 6/Proyek Perangkat Lunak/SI4705-KELA-main/greennovate/vendor/laravel/framework/src/Illuminate/Foundation/Application.php(1220): Illuminate/Foundation/Http/Kernel->handle(Object(Illuminate/Http/Request))
#64 C:/!Telkom/Semester 6/Proyek Perangkat Lunak/SI4705-KELA-main/greennovate/public/index.php(20): Illuminate/Foundation/Application->handleRequest(Object(Illuminate/Http/Request))
#65 C:/!Telkom/Semester 6/Proyek Perangkat Lunak/SI4705-KELA-main/greennovate/vendor/laravel/framework/src/Illuminate/Foundation/resources/server.php(23): require_once('C://!Telkom//Seme...')
#66 {main}
"} 
[2026-05-04 08:19:16] local.ERROR: SQLSTATE[HY000]: General error: 1 no such column: kegiatan.deleted_at (Connection: sqlite, Database: C:\!Telkom\Semester 6\Proyek Perangkat Lunak\SI4705-KELA-main\greennovate\database\database.sqlite, SQL: select count(*) as aggregate from "kegiatan" where "kegiatan"."deleted_at" is null) {"exception":"[object] (Illuminate\\Database\\QueryException(code: HY000): SQLSTATE[HY000]: General error: 1 no such column: kegiatan.deleted_at (Connection: sqlite, Database: C:\\!Telkom\\Semester 6\\Proyek Perangkat Lunak\\SI4705-KELA-main\\greennovate\\database\\database.sqlite, SQL: select count(*) as aggregate from \"kegiatan\" where \"kegiatan\".\"deleted_at\" is null) at C:/!Telkom/Semester 6/Proyek Perangkat Lunak/SI4705-KELA-main/greennovate/vendor/laravel/framework/src/Illuminate/Database/Connection.php:838)
[stacktrace]
#0 C:/!Telkom/Semester 6/Proyek Perangkat Lunak/SI4705-KELA-main/greennovate/vendor/laravel/framework/src/Illuminate/Database/Connection.php(794): Illuminate/Database/Connection->runQueryCallback('select count(*)...', Array, Object(Closure))
#1 C:/!Telkom/Semester 6/Proyek Perangkat Lunak/SI4705-KELA-main/greennovate/vendor/laravel/framework/src/Illuminate/Database/Connection.php(411): Illuminate/Database/Connection->run('select count(*)...', Array, Object(Closure))
#2 C:/!Telkom/Semester 6/Proyek Perangkat Lunak/SI4705-KELA-main/greennovate/vendor/laravel/framework/src/Illuminate/Database/Query/Builder.php(3505): Illuminate/Database/Connection->select('select count(*)...', Array, true)
#3 C:/!Telkom/Semester 6/Proyek Perangkat Lunak/SI4705-KELA-main/greennovate/vendor/laravel/framework/src/Illuminate/Database/Query/Builder.php(3490): Illuminate/Database/Query/Builder->runSelect()
#4 C:/!Telkom/Semester 6/Proyek Perangkat Lunak/SI4705-KELA-main/greennovate/vendor/laravel/framework/src/Illuminate/Database/Query/Builder.php(4080): Illuminate/Database/Query/Builder->Illuminate/Database/Query/{closure}()
#5 C:/!Telkom/Semester 6/Proyek Perangkat Lunak/SI4705-KELA-main/greennovate/vendor/laravel/framework/src/Illuminate/Database/Query/Builder.php(3489): Illuminate/Database/Query/Builder->onceWithColumns(Array, Object(Closure))
#6 C:/!Telkom/Semester 6/Proyek Perangkat Lunak/SI4705-KELA-main/greennovate/vendor/laravel/framework/src/Illuminate/Database/Query/Builder.php(4004): Illuminate/Database/Query/Builder->get(Array)
#7 C:/!Telkom/Semester 6/Proyek Perangkat Lunak/SI4705-KELA-main/greennovate/vendor/laravel/framework/src/Illuminate/Database/Query/Builder.php(3932): Illuminate/Database/Query/Builder->aggregate('count', Array)
#8 C:/!Telkom/Semester 6/Proyek Perangkat Lunak/SI4705-KELA-main/greennovate/vendor/laravel/framework/src/Illuminate/Database/Eloquent/Builder.php(2237): Illuminate/Database/Query/Builder->count()
#9 C:/!Telkom/Semester 6/Proyek Perangkat Lunak/SI4705-KELA-main/greennovate/vendor/laravel/framework/src/Illuminate/Support/Traits/ForwardsCalls.php(23): Illuminate/Database/Eloquent/Builder->__call('count', Array)
#10 C:/!Telkom/Semester 6/Proyek Perangkat Lunak/SI4705-KELA-main/greennovate/vendor/laravel/framework/src/Illuminate/Database/Eloquent/Model.php(2540): Illuminate/Database/Eloquent/Model->forwardCallTo(Object(Illuminate/Database/Eloquent/Builder), 'count', Array)
#11 C:/!Telkom/Semester 6/Proyek Perangkat Lunak/SI4705-KELA-main/greennovate/vendor/laravel/framework/src/Illuminate/Database/Eloquent/Model.php(2556): Illuminate/Database/Eloquent/Model->__call('count', Array)
#12 C:/!Telkom/Semester 6/Proyek Perangkat Lunak/SI4705-KELA-main/greennovate/app/Http/Controllers/LandingController.php(18): Illuminate/Database/Eloquent/Model::__callStatic('count', Array)
#13 C:/!Telkom/Semester 6/Proyek Perangkat Lunak/SI4705-KELA-main/greennovate/vendor/laravel/framework/src/Illuminate/Routing/ControllerDispatcher.php(46): App/Http/Controllers/LandingController->index()
#14 C:/!Telkom/Semester 6/Proyek Perangkat Lunak/SI4705-KELA-main/greennovate/vendor/laravel/framework/src/Illuminate/Routing/Route.php(265): Illuminate/Routing/ControllerDispatcher->dispatch(Object(Illuminate/Routing/Route), Object(App/Http/Controllers/LandingController), 'index')
#15 C:/!Telkom/Semester 6/Proyek Perangkat Lunak/SI4705-KELA-main/greennovate/vendor/laravel/framework/src/Illuminate/Routing/Route.php(211): Illuminate/Routing/Route->runController()
#16 C:/!Telkom/Semester 6/Proyek Perangkat Lunak/SI4705-KELA-main/greennovate/vendor/laravel/framework/src/Illuminate/Routing/Router.php(822): Illuminate/Routing/Route->run()
#17 C:/!Telkom/Semester 6/Proyek Perangkat Lunak/SI4705-KELA-main/greennovate/vendor/laravel/framework/src/Illuminate/Pipeline/Pipeline.php(180): Illuminate/Routing/Router->Illuminate/Routing/{closure}(Object(Illuminate/Http/Request))
#18 C:/!Telkom/Semester 6/Proyek Perangkat Lunak/SI4705-KELA-main/greennovate/app/Http/Middleware/SetLocale.php(39): Illuminate/Pipeline/Pipeline->Illuminate/Pipeline/{closure}(Object(Illuminate/Http/Request))
#19 C:/!Telkom/Semester 6/Proyek Perangkat Lunak/SI4705-KELA-main/greennovate/vendor/laravel/framework/src/Illuminate/Pipeline/Pipeline.php(219): App/Http/Middleware/SetLocale->handle(Object(Illuminate/Http/Request), Object(Closure))
#20 C:/!Telkom/Semester 6/Proyek Perangkat Lunak/SI4705-KELA-main/greennovate/vendor/laravel/framework/src/Illuminate/Routing/Middleware/SubstituteBindings.php(50): Illuminate/Pipeline/Pipeline->Illuminate/Pipeline/{closure}(Object(Illuminate/Http/Request))
#21 C:/!Telkom/Semester 6/Proyek Perangkat Lunak/SI4705-KELA-main/greennovate/vendor/laravel/framework/src/Illuminate/Pipeline/Pipeline.php(219): Illuminate/Routing/Middleware/SubstituteBindings->handle(Object(Illuminate/Http/Request), Object(Closure))
#22 C:/!Telkom/Semester 6/Proyek Perangkat Lunak/SI4705-KELA-main/greennovate/vendor/laravel/framework/src/Illuminate/Foundation/Http/Middleware/VerifyCsrfToken.php(87): Illuminate/Pipeline/Pipeline->Illuminate/Pipeline/{closure}(Object(Illuminate/Http/Request))
#23 C:/!Telkom/Semester 6/Proyek Perangkat Lunak/SI4705-KELA-main/greennovate/vendor/laravel/framework/src/Illuminate/Pipeline/Pipeline.php(219): Illuminate/Foundation/Http/Middleware/VerifyCsrfToken->handle(Object(Illuminate/Http/Request), Object(Closure))
#24 C:/!Telkom/Semester 6/Proyek Perangkat Lunak/SI4705-KELA-main/greennovate/vendor/laravel/framework/src/Illuminate/View/Middleware/ShareErrorsFromSession.php(48): Illuminate/Pipeline/Pipeline->Illuminate/Pipeline/{closure}(Object(Illuminate/Http/Request))
#25 C:/!Telkom/Semester 6/Proyek Perangkat Lunak/SI4705-KELA-main/greennovate/vendor/laravel/framework/src/Illuminate/Pipeline/Pipeline.php(219): Illuminate/View/Middleware/ShareErrorsFromSession->handle(Object(Illuminate/Http/Request), Object(Closure))
#26 C:/!Telkom/Semester 6/Proyek Perangkat Lunak/SI4705-KELA-main/greennovate/vendor/laravel/framework/src/Illuminate/Session/Middleware/StartSession.php(120): Illuminate/Pipeline/Pipeline->Illuminate/Pipeline/{closure}(Object(Illuminate/Http/Request))
#27 C:/!Telkom/Semester 6/Proyek Perangkat Lunak/SI4705-KELA-main/greennovate/vendor/laravel/framework/src/Illuminate/Session/Middleware/StartSession.php(63): Illuminate/Session/Middleware/StartSession->handleStatefulRequest(Object(Illuminate/Http/Request), Object(Illuminate/Session/Store), Object(Closure))
#28 C:/!Telkom/Semester 6/Proyek Perangkat Lunak/SI4705-KELA-main/greennovate/vendor/laravel/framework/src/Illuminate/Pipeline/Pipeline.php(219): Illuminate/Session/Middleware/StartSession->handle(Object(Illuminate/Http/Request), Object(Closure))
#29 C:/!Telkom/Semester 6/Proyek Perangkat Lunak/SI4705-KELA-main/greennovate/vendor/laravel/framework/src/Illuminate/Cookie/Middleware/AddQueuedCookiesToResponse.php(36): Illuminate/Pipeline/Pipeline->Illuminate/Pipeline/{closure}(Object(Illuminate/Http/Request))
#30 C:/!Telkom/Semester 6/Proyek Perangkat Lunak/SI4705-KELA-main/greennovate/vendor/laravel/framework/src/Illuminate/Pipeline/Pipeline.php(219): Illuminate/Cookie/Middleware/AddQueuedCookiesToResponse->handle(Object(Illuminate/Http/Request), Object(Closure))
#31 C:/!Telkom/Semester 6/Proyek Perangkat Lunak/SI4705-KELA-main/greennovate/vendor/laravel/framework/src/Illuminate/Cookie/Middleware/EncryptCookies.php(74): Illuminate/Pipeline/Pipeline->Illuminate/Pipeline/{closure}(Object(Illuminate/Http/Request))
#32 C:/!Telkom/Semester 6/Proyek Perangkat Lunak/SI4705-KELA-main/greennovate/vendor/laravel/framework/src/Illuminate/Pipeline/Pipeline.php(219): Illuminate/Cookie/Middleware/EncryptCookies->handle(Object(Illuminate/Http/Request), Object(Closure))
#33 C:/!Telkom/Semester 6/Proyek Perangkat Lunak/SI4705-KELA-main/greennovate/vendor/laravel/framework/src/Illuminate/Pipeline/Pipeline.php(137): Illuminate/Pipeline/Pipeline->Illuminate/Pipeline/{closure}(Object(Illuminate/Http/Request))
#34 C:/!Telkom/Semester 6/Proyek Perangkat Lunak/SI4705-KELA-main/greennovate/vendor/laravel/framework/src/Illuminate/Routing/Router.php(821): Illuminate/Pipeline/Pipeline->then(Object(Closure))
#35 C:/!Telkom/Semester 6/Proyek Perangkat Lunak/SI4705-KELA-main/greennovate/vendor/laravel/framework/src/Illuminate/Routing/Router.php(800): Illuminate/Routing/Router->runRouteWithinStack(Object(Illuminate/Routing/Route), Object(Illuminate/Http/Request))
#36 C:/!Telkom/Semester 6/Proyek Perangkat Lunak/SI4705-KELA-main/greennovate/vendor/laravel/framework/src/Illuminate/Routing/Router.php(764): Illuminate/Routing/Router->runRoute(Object(Illuminate/Http/Request), Object(Illuminate/Routing/Route))
#37 C:/!Telkom/Semester 6/Proyek Perangkat Lunak/SI4705-KELA-main/greennovate/vendor/laravel/framework/src/Illuminate/Routing/Router.php(753): Illuminate/Routing/Router->dispatchToRoute(Object(Illuminate/Http/Request))
#38 C:/!Telkom/Semester 6/Proyek Perangkat Lunak/SI4705-KELA-main/greennovate/vendor/laravel/framework/src/Illuminate/Foundation/Http/Kernel.php(200): Illuminate/Routing/Router->dispatch(Object(Illuminate/Http/Request))
#39 C:/!Telkom/Semester 6/Proyek Perangkat Lunak/SI4705-KELA-main/greennovate/vendor/laravel/framework/src/Illuminate/Pipeline/Pipeline.php(180): Illuminate/Foundation/Http/Kernel->Illuminate/Foundation/Http/{closure}(Object(Illuminate/Http/Request))
#40 C:/!Telkom/Semester 6/Proyek Perangkat Lunak/SI4705-KELA-main/greennovate/vendor/laravel/framework/src/Illuminate/Foundation/Http/Middleware/TransformsRequest.php(21): Illuminate/Pipeline/Pipeline->Illuminate/Pipeline/{closure}(Object(Illuminate/Http/Request))
#41 C:/!Telkom/Semester 6/Proyek Perangkat Lunak/SI4705-KELA-main/greennovate/vendor/laravel/framework/src/Illuminate/Foundation/Http/Middleware/ConvertEmptyStringsToNull.php(31): Illuminate/Foundation/Http/Middleware/TransformsRequest->handle(Object(Illuminate/Http/Request), Object(Closure))
#42 C:/!Telkom/Semester 6/Proyek Perangkat Lunak/SI4705-KELA-main/greennovate/vendor/laravel/framework/src/Illuminate/Pipeline/Pipeline.php(219): Illuminate/Foundation/Http/Middleware/ConvertEmptyStringsToNull->handle(Object(Illuminate/Http/Request), Object(Closure))
#43 C:/!Telkom/Semester 6/Proyek Perangkat Lunak/SI4705-KELA-main/greennovate/vendor/laravel/framework/src/Illuminate/Foundation/Http/Middleware/TransformsRequest.php(21): Illuminate/Pipeline/Pipeline->Illuminate/Pipeline/{closure}(Object(Illuminate/Http/Request))
#44 C:/!Telkom/Semester 6/Proyek Perangkat Lunak/SI4705-KELA-main/greennovate/vendor/laravel/framework/src/Illuminate/Foundation/Http/Middleware/TrimStrings.php(51): Illuminate/Foundation/Http/Middleware/TransformsRequest->handle(Object(Illuminate/Http/Request), Object(Closure))
#45 C:/!Telkom/Semester 6/Proyek Perangkat Lunak/SI4705-KELA-main/greennovate/vendor/laravel/framework/src/Illuminate/Pipeline/Pipeline.php(219): Illuminate/Foundation/Http/Middleware/TrimStrings->handle(Object(Illuminate/Http/Request), Object(Closure))
#46 C:/!Telkom/Semester 6/Proyek Perangkat Lunak/SI4705-KELA-main/greennovate/vendor/laravel/framework/src/Illuminate/Http/Middleware/ValidatePostSize.php(27): Illuminate/Pipeline/Pipeline->Illuminate/Pipeline/{closure}(Object(Illuminate/Http/Request))
#47 C:/!Telkom/Semester 6/Proyek Perangkat Lunak/SI4705-KELA-main/greennovate/vendor/laravel/framework/src/Illuminate/Pipeline/Pipeline.php(219): Illuminate/Http/Middleware/ValidatePostSize->handle(Object(Illuminate/Http/Request), Object(Closure))
#48 C:/!Telkom/Semester 6/Proyek Perangkat Lunak/SI4705-KELA-main/greennovate/vendor/laravel/framework/src/Illuminate/Foundation/Http/Middleware/PreventRequestsDuringMaintenance.php(109): Illuminate/Pipeline/Pipeline->Illuminate/Pipeline/{closure}(Object(Illuminate/Http/Request))
#49 C:/!Telkom/Semester 6/Proyek Perangkat Lunak/SI4705-KELA-main/greennovate/vendor/laravel/framework/src/Illuminate/Pipeline/Pipeline.php(219): Illuminate/Foundation/Http/Middleware/PreventRequestsDuringMaintenance->handle(Object(Illuminate/Http/Request), Object(Closure))
#50 C:/!Telkom/Semester 6/Proyek Perangkat Lunak/SI4705-KELA-main/greennovate/vendor/laravel/framework/src/Illuminate/Http/Middleware/HandleCors.php(61): Illuminate/Pipeline/Pipeline->Illuminate/Pipeline/{closure}(Object(Illuminate/Http/Request))
#51 C:/!Telkom/Semester 6/Proyek Perangkat Lunak/SI4705-KELA-main/greennovate/vendor/laravel/framework/src/Illuminate/Pipeline/Pipeline.php(219): Illuminate/Http/Middleware/HandleCors->handle(Object(Illuminate/Http/Request), Object(Closure))
#52 C:/!Telkom/Semester 6/Proyek Perangkat Lunak/SI4705-KELA-main/greennovate/vendor/laravel/framework/src/Illuminate/Http/Middleware/TrustProxies.php(58): Illuminate/Pipeline/Pipeline->Illuminate/Pipeline/{closure}(Object(Illuminate/Http/Request))
#53 C:/!Telkom/Semester 6/Proyek Perangkat Lunak/SI4705-KELA-main/greennovate/vendor/laravel/framework/src/Illuminate/Pipeline/Pipeline.php(219): Illuminate/Http/Middleware/TrustProxies->handle(Object(Illuminate/Http/Request), Object(Closure))
#54 C:/!Telkom/Semester 6/Proyek Perangkat Lunak/SI4705-KELA-main/greennovate/vendor/laravel/framework/src/Illuminate/Foundation/Http/Middleware/InvokeDeferredCallbacks.php(22): Illuminate/Pipeline/Pipeline->Illuminate/Pipeline/{closure}(Object(Illuminate/Http/Request))
#55 C:/!Telkom/Semester 6/Proyek Perangkat Lunak/SI4705-KELA-main/greennovate/vendor/laravel/framework/src/Illuminate/Pipeline/Pipeline.php(219): Illuminate/Foundation/Http/Middleware/InvokeDeferredCallbacks->handle(Object(Illuminate/Http/Request), Object(Closure))
#56 C:/!Telkom/Semester 6/Proyek Perangkat Lunak/SI4705-KELA-main/greennovate/vendor/laravel/framework/src/Illuminate/Http/Middleware/ValidatePathEncoding.php(26): Illuminate/Pipeline/Pipeline->Illuminate/Pipeline/{closure}(Object(Illuminate/Http/Request))
#57 C:/!Telkom/Semester 6/Proyek Perangkat Lunak/SI4705-KELA-main/greennovate/vendor/laravel/framework/src/Illuminate/Pipeline/Pipeline.php(219): Illuminate/Http/Middleware/ValidatePathEncoding->handle(Object(Illuminate/Http/Request), Object(Closure))
#58 C:/!Telkom/Semester 6/Proyek Perangkat Lunak/SI4705-KELA-main/greennovate/vendor/laravel/framework/src/Illuminate/Pipeline/Pipeline.php(137): Illuminate/Pipeline/Pipeline->Illuminate/Pipeline/{closure}(Object(Illuminate/Http/Request))
#59 C:/!Telkom/Semester 6/Proyek Perangkat Lunak/SI4705-KELA-main/greennovate/vendor/laravel/framework/src/Illuminate/Foundation/Http/Kernel.php(175): Illuminate/Pipeline/Pipeline->then(Object(Closure))
#60 C:/!Telkom/Semester 6/Proyek Perangkat Lunak/SI4705-KELA-main/greennovate/vendor/laravel/framework/src/Illuminate/Foundation/Http/Kernel.php(144): Illuminate/Foundation/Http/Kernel->sendRequestThroughRouter(Object(Illuminate/Http/Request))
#61 C:/!Telkom/Semester 6/Proyek Perangkat Lunak/SI4705-KELA-main/greennovate/vendor/laravel/framework/src/Illuminate/Foundation/Application.php(1220): Illuminate/Foundation/Http/Kernel->handle(Object(Illuminate/Http/Request))
#62 C:/!Telkom/Semester 6/Proyek Perangkat Lunak/SI4705-KELA-main/greennovate/public/index.php(20): Illuminate/Foundation/Application->handleRequest(Object(Illuminate/Http/Request))
#63 C:/!Telkom/Semester 6/Proyek Perangkat Lunak/SI4705-KELA-main/greennovate/vendor/laravel/framework/src/Illuminate/Foundation/resources/server.php(23): require_once('C://!Telkom//Seme...')
#64 {main}

[previous exception] [object] (PDOException(code: HY000): SQLSTATE[HY000]: General error: 1 no such column: kegiatan.deleted_at at C:/!Telkom/Semester 6/Proyek Perangkat Lunak/SI4705-KELA-main/greennovate/vendor/laravel/framework/src/Illuminate/Database/Connection.php:420)
[stacktrace]
#0 C:/!Telkom/Semester 6/Proyek Perangkat Lunak/SI4705-KELA-main/greennovate/vendor/laravel/framework/src/Illuminate/Database/Connection.php(420): PDO->prepare('select count(*)...')
#1 C:/!Telkom/Semester 6/Proyek Perangkat Lunak/SI4705-KELA-main/greennovate/vendor/laravel/framework/src/Illuminate/Database/Connection.php(827): Illuminate/Database/Connection->Illuminate/Database/{closure}('select count(*)...', Array)
#2 C:/!Telkom/Semester 6/Proyek Perangkat Lunak/SI4705-KELA-main/greennovate/vendor/laravel/framework/src/Illuminate/Database/Connection.php(794): Illuminate/Database/Connection->runQueryCallback('select count(*)...', Array, Object(Closure))
#3 C:/!Telkom/Semester 6/Proyek Perangkat Lunak/SI4705-KELA-main/greennovate/vendor/laravel/framework/src/Illuminate/Database/Connection.php(411): Illuminate/Database/Connection->run('select count(*)...', Array, Object(Closure))
#4 C:/!Telkom/Semester 6/Proyek Perangkat Lunak/SI4705-KELA-main/greennovate/vendor/laravel/framework/src/Illuminate/Database/Query/Builder.php(3505): Illuminate/Database/Connection->select('select count(*)...', Array, true)
#5 C:/!Telkom/Semester 6/Proyek Perangkat Lunak/SI4705-KELA-main/greennovate/vendor/laravel/framework/src/Illuminate/Database/Query/Builder.php(3490): Illuminate/Database/Query/Builder->runSelect()
#6 C:/!Telkom/Semester 6/Proyek Perangkat Lunak/SI4705-KELA-main/greennovate/vendor/laravel/framework/src/Illuminate/Database/Query/Builder.php(4080): Illuminate/Database/Query/Builder->Illuminate/Database/Query/{closure}()
#7 C:/!Telkom/Semester 6/Proyek Perangkat Lunak/SI4705-KELA-main/greennovate/vendor/laravel/framework/src/Illuminate/Database/Query/Builder.php(3489): Illuminate/Database/Query/Builder->onceWithColumns(Array, Object(Closure))
#8 C:/!Telkom/Semester 6/Proyek Perangkat Lunak/SI4705-KELA-main/greennovate/vendor/laravel/framework/src/Illuminate/Database/Query/Builder.php(4004): Illuminate/Database/Query/Builder->get(Array)
#9 C:/!Telkom/Semester 6/Proyek Perangkat Lunak/SI4705-KELA-main/greennovate/vendor/laravel/framework/src/Illuminate/Database/Query/Builder.php(3932): Illuminate/Database/Query/Builder->aggregate('count', Array)
#10 C:/!Telkom/Semester 6/Proyek Perangkat Lunak/SI4705-KELA-main/greennovate/vendor/laravel/framework/src/Illuminate/Database/Eloquent/Builder.php(2237): Illuminate/Database/Query/Builder->count()
#11 C:/!Telkom/Semester 6/Proyek Perangkat Lunak/SI4705-KELA-main/greennovate/vendor/laravel/framework/src/Illuminate/Support/Traits/ForwardsCalls.php(23): Illuminate/Database/Eloquent/Builder->__call('count', Array)
#12 C:/!Telkom/Semester 6/Proyek Perangkat Lunak/SI4705-KELA-main/greennovate/vendor/laravel/framework/src/Illuminate/Database/Eloquent/Model.php(2540): Illuminate/Database/Eloquent/Model->forwardCallTo(Object(Illuminate/Database/Eloquent/Builder), 'count', Array)
#13 C:/!Telkom/Semester 6/Proyek Perangkat Lunak/SI4705-KELA-main/greennovate/vendor/laravel/framework/src/Illuminate/Database/Eloquent/Model.php(2556): Illuminate/Database/Eloquent/Model->__call('count', Array)
#14 C:/!Telkom/Semester 6/Proyek Perangkat Lunak/SI4705-KELA-main/greennovate/app/Http/Controllers/LandingController.php(18): Illuminate/Database/Eloquent/Model::__callStatic('count', Array)
#15 C:/!Telkom/Semester 6/Proyek Perangkat Lunak/SI4705-KELA-main/greennovate/vendor/laravel/framework/src/Illuminate/Routing/ControllerDispatcher.php(46): App/Http/Controllers/LandingController->index()
#16 C:/!Telkom/Semester 6/Proyek Perangkat Lunak/SI4705-KELA-main/greennovate/vendor/laravel/framework/src/Illuminate/Routing/Route.php(265): Illuminate/Routing/ControllerDispatcher->dispatch(Object(Illuminate/Routing/Route), Object(App/Http/Controllers/LandingController), 'index')
#17 C:/!Telkom/Semester 6/Proyek Perangkat Lunak/SI4705-KELA-main/greennovate/vendor/laravel/framework/src/Illuminate/Routing/Route.php(211): Illuminate/Routing/Route->runController()
#18 C:/!Telkom/Semester 6/Proyek Perangkat Lunak/SI4705-KELA-main/greennovate/vendor/laravel/framework/src/Illuminate/Routing/Router.php(822): Illuminate/Routing/Route->run()
#19 C:/!Telkom/Semester 6/Proyek Perangkat Lunak/SI4705-KELA-main/greennovate/vendor/laravel/framework/src/Illuminate/Pipeline/Pipeline.php(180): Illuminate/Routing/Router->Illuminate/Routing/{closure}(Object(Illuminate/Http/Request))
#20 C:/!Telkom/Semester 6/Proyek Perangkat Lunak/SI4705-KELA-main/greennovate/app/Http/Middleware/SetLocale.php(39): Illuminate/Pipeline/Pipeline->Illuminate/Pipeline/{closure}(Object(Illuminate/Http/Request))
#21 C:/!Telkom/Semester 6/Proyek Perangkat Lunak/SI4705-KELA-main/greennovate/vendor/laravel/framework/src/Illuminate/Pipeline/Pipeline.php(219): App/Http/Middleware/SetLocale->handle(Object(Illuminate/Http/Request), Object(Closure))
#22 C:/!Telkom/Semester 6/Proyek Perangkat Lunak/SI4705-KELA-main/greennovate/vendor/laravel/framework/src/Illuminate/Routing/Middleware/SubstituteBindings.php(50): Illuminate/Pipeline/Pipeline->Illuminate/Pipeline/{closure}(Object(Illuminate/Http/Request))
#23 C:/!Telkom/Semester 6/Proyek Perangkat Lunak/SI4705-KELA-main/greennovate/vendor/laravel/framework/src/Illuminate/Pipeline/Pipeline.php(219): Illuminate/Routing/Middleware/SubstituteBindings->handle(Object(Illuminate/Http/Request), Object(Closure))
#24 C:/!Telkom/Semester 6/Proyek Perangkat Lunak/SI4705-KELA-main/greennovate/vendor/laravel/framework/src/Illuminate/Foundation/Http/Middleware/VerifyCsrfToken.php(87): Illuminate/Pipeline/Pipeline->Illuminate/Pipeline/{closure}(Object(Illuminate/Http/Request))
#25 C:/!Telkom/Semester 6/Proyek Perangkat Lunak/SI4705-KELA-main/greennovate/vendor/laravel/framework/src/Illuminate/Pipeline/Pipeline.php(219): Illuminate/Foundation/Http/Middleware/VerifyCsrfToken->handle(Object(Illuminate/Http/Request), Object(Closure))
#26 C:/!Telkom/Semester 6/Proyek Perangkat Lunak/SI4705-KELA-main/greennovate/vendor/laravel/framework/src/Illuminate/View/Middleware/ShareErrorsFromSession.php(48): Illuminate/Pipeline/Pipeline->Illuminate/Pipeline/{closure}(Object(Illuminate/Http/Request))
#27 C:/!Telkom/Semester 6/Proyek Perangkat Lunak/SI4705-KELA-main/greennovate/vendor/laravel/framework/src/Illuminate/Pipeline/Pipeline.php(219): Illuminate/View/Middleware/ShareErrorsFromSession->handle(Object(Illuminate/Http/Request), Object(Closure))
#28 C:/!Telkom/Semester 6/Proyek Perangkat Lunak/SI4705-KELA-main/greennovate/vendor/laravel/framework/src/Illuminate/Session/Middleware/StartSession.php(120): Illuminate/Pipeline/Pipeline->Illuminate/Pipeline/{closure}(Object(Illuminate/Http/Request))
#29 C:/!Telkom/Semester 6/Proyek Perangkat Lunak/SI4705-KELA-main/greennovate/vendor/laravel/framework/src/Illuminate/Session/Middleware/StartSession.php(63): Illuminate/Session/Middleware/StartSession->handleStatefulRequest(Object(Illuminate/Http/Request), Object(Illuminate/Session/Store), Object(Closure))
#30 C:/!Telkom/Semester 6/Proyek Perangkat Lunak/SI4705-KELA-main/greennovate/vendor/laravel/framework/src/Illuminate/Pipeline/Pipeline.php(219): Illuminate/Session/Middleware/StartSession->handle(Object(Illuminate/Http/Request), Object(Closure))
#31 C:/!Telkom/Semester 6/Proyek Perangkat Lunak/SI4705-KELA-main/greennovate/vendor/laravel/framework/src/Illuminate/Cookie/Middleware/AddQueuedCookiesToResponse.php(36): Illuminate/Pipeline/Pipeline->Illuminate/Pipeline/{closure}(Object(Illuminate/Http/Request))
#32 C:/!Telkom/Semester 6/Proyek Perangkat Lunak/SI4705-KELA-main/greennovate/vendor/laravel/framework/src/Illuminate/Pipeline/Pipeline.php(219): Illuminate/Cookie/Middleware/AddQueuedCookiesToResponse->handle(Object(Illuminate/Http/Request), Object(Closure))
#33 C:/!Telkom/Semester 6/Proyek Perangkat Lunak/SI4705-KELA-main/greennovate/vendor/laravel/framework/src/Illuminate/Cookie/Middleware/EncryptCookies.php(74): Illuminate/Pipeline/Pipeline->Illuminate/Pipeline/{closure}(Object(Illuminate/Http/Request))
#34 C:/!Telkom/Semester 6/Proyek Perangkat Lunak/SI4705-KELA-main/greennovate/vendor/laravel/framework/src/Illuminate/Pipeline/Pipeline.php(219): Illuminate/Cookie/Middleware/EncryptCookies->handle(Object(Illuminate/Http/Request), Object(Closure))
#35 C:/!Telkom/Semester 6/Proyek Perangkat Lunak/SI4705-KELA-main/greennovate/vendor/laravel/framework/src/Illuminate/Pipeline/Pipeline.php(137): Illuminate/Pipeline/Pipeline->Illuminate/Pipeline/{closure}(Object(Illuminate/Http/Request))
#36 C:/!Telkom/Semester 6/Proyek Perangkat Lunak/SI4705-KELA-main/greennovate/vendor/laravel/framework/src/Illuminate/Routing/Router.php(821): Illuminate/Pipeline/Pipeline->then(Object(Closure))
#37 C:/!Telkom/Semester 6/Proyek Perangkat Lunak/SI4705-KELA-main/greennovate/vendor/laravel/framework/src/Illuminate/Routing/Router.php(800): Illuminate/Routing/Router->runRouteWithinStack(Object(Illuminate/Routing/Route), Object(Illuminate/Http/Request))
#38 C:/!Telkom/Semester 6/Proyek Perangkat Lunak/SI4705-KELA-main/greennovate/vendor/laravel/framework/src/Illuminate/Routing/Router.php(764): Illuminate/Routing/Router->runRoute(Object(Illuminate/Http/Request), Object(Illuminate/Routing/Route))
#39 C:/!Telkom/Semester 6/Proyek Perangkat Lunak/SI4705-KELA-main/greennovate/vendor/laravel/framework/src/Illuminate/Routing/Router.php(753): Illuminate/Routing/Router->dispatchToRoute(Object(Illuminate/Http/Request))
#40 C:/!Telkom/Semester 6/Proyek Perangkat Lunak/SI4705-KELA-main/greennovate/vendor/laravel/framework/src/Illuminate/Foundation/Http/Kernel.php(200): Illuminate/Routing/Router->dispatch(Object(Illuminate/Http/Request))
#41 C:/!Telkom/Semester 6/Proyek Perangkat Lunak/SI4705-KELA-main/greennovate/vendor/laravel/framework/src/Illuminate/Pipeline/Pipeline.php(180): Illuminate/Foundation/Http/Kernel->Illuminate/Foundation/Http/{closure}(Object(Illuminate/Http/Request))
#42 C:/!Telkom/Semester 6/Proyek Perangkat Lunak/SI4705-KELA-main/greennovate/vendor/laravel/framework/src/Illuminate/Foundation/Http/Middleware/TransformsRequest.php(21): Illuminate/Pipeline/Pipeline->Illuminate/Pipeline/{closure}(Object(Illuminate/Http/Request))
#43 C:/!Telkom/Semester 6/Proyek Perangkat Lunak/SI4705-KELA-main/greennovate/vendor/laravel/framework/src/Illuminate/Foundation/Http/Middleware/ConvertEmptyStringsToNull.php(31): Illuminate/Foundation/Http/Middleware/TransformsRequest->handle(Object(Illuminate/Http/Request), Object(Closure))
#44 C:/!Telkom/Semester 6/Proyek Perangkat Lunak/SI4705-KELA-main/greennovate/vendor/laravel/framework/src/Illuminate/Pipeline/Pipeline.php(219): Illuminate/Foundation/Http/Middleware/ConvertEmptyStringsToNull->handle(Object(Illuminate/Http/Request), Object(Closure))
#45 C:/!Telkom/Semester 6/Proyek Perangkat Lunak/SI4705-KELA-main/greennovate/vendor/laravel/framework/src/Illuminate/Foundation/Http/Middleware/TransformsRequest.php(21): Illuminate/Pipeline/Pipeline->Illuminate/Pipeline/{closure}(Object(Illuminate/Http/Request))
#46 C:/!Telkom/Semester 6/Proyek Perangkat Lunak/SI4705-KELA-main/greennovate/vendor/laravel/framework/src/Illuminate/Foundation/Http/Middleware/TrimStrings.php(51): Illuminate/Foundation/Http/Middleware/TransformsRequest->handle(Object(Illuminate/Http/Request), Object(Closure))
#47 C:/!Telkom/Semester 6/Proyek Perangkat Lunak/SI4705-KELA-main/greennovate/vendor/laravel/framework/src/Illuminate/Pipeline/Pipeline.php(219): Illuminate/Foundation/Http/Middleware/TrimStrings->handle(Object(Illuminate/Http/Request), Object(Closure))
#48 C:/!Telkom/Semester 6/Proyek Perangkat Lunak/SI4705-KELA-main/greennovate/vendor/laravel/framework/src/Illuminate/Http/Middleware/ValidatePostSize.php(27): Illuminate/Pipeline/Pipeline->Illuminate/Pipeline/{closure}(Object(Illuminate/Http/Request))
#49 C:/!Telkom/Semester 6/Proyek Perangkat Lunak/SI4705-KELA-main/greennovate/vendor/laravel/framework/src/Illuminate/Pipeline/Pipeline.php(219): Illuminate/Http/Middleware/ValidatePostSize->handle(Object(Illuminate/Http/Request), Object(Closure))
#50 C:/!Telkom/Semester 6/Proyek Perangkat Lunak/SI4705-KELA-main/greennovate/vendor/laravel/framework/src/Illuminate/Foundation/Http/Middleware/PreventRequestsDuringMaintenance.php(109): Illuminate/Pipeline/Pipeline->Illuminate/Pipeline/{closure}(Object(Illuminate/Http/Request))
#51 C:/!Telkom/Semester 6/Proyek Perangkat Lunak/SI4705-KELA-main/greennovate/vendor/laravel/framework/src/Illuminate/Pipeline/Pipeline.php(219): Illuminate/Foundation/Http/Middleware/PreventRequestsDuringMaintenance->handle(Object(Illuminate/Http/Request), Object(Closure))
#52 C:/!Telkom/Semester 6/Proyek Perangkat Lunak/SI4705-KELA-main/greennovate/vendor/laravel/framework/src/Illuminate/Http/Middleware/HandleCors.php(61): Illuminate/Pipeline/Pipeline->Illuminate/Pipeline/{closure}(Object(Illuminate/Http/Request))
#53 C:/!Telkom/Semester 6/Proyek Perangkat Lunak/SI4705-KELA-main/greennovate/vendor/laravel/framework/src/Illuminate/Pipeline/Pipeline.php(219): Illuminate/Http/Middleware/HandleCors->handle(Object(Illuminate/Http/Request), Object(Closure))
#54 C:/!Telkom/Semester 6/Proyek Perangkat Lunak/SI4705-KELA-main/greennovate/vendor/laravel/framework/src/Illuminate/Http/Middleware/TrustProxies.php(58): Illuminate/Pipeline/Pipeline->Illuminate/Pipeline/{closure}(Object(Illuminate/Http/Request))
#55 C:/!Telkom/Semester 6/Proyek Perangkat Lunak/SI4705-KELA-main/greennovate/vendor/laravel/framework/src/Illuminate/Pipeline/Pipeline.php(219): Illuminate/Http/Middleware/TrustProxies->handle(Object(Illuminate/Http/Request), Object(Closure))
#56 C:/!Telkom/Semester 6/Proyek Perangkat Lunak/SI4705-KELA-main/greennovate/vendor/laravel/framework/src/Illuminate/Foundation/Http/Middleware/InvokeDeferredCallbacks.php(22): Illuminate/Pipeline/Pipeline->Illuminate/Pipeline/{closure}(Object(Illuminate/Http/Request))
#57 C:/!Telkom/Semester 6/Proyek Perangkat Lunak/SI4705-KELA-main/greennovate/vendor/laravel/framework/src/Illuminate/Pipeline/Pipeline.php(219): Illuminate/Foundation/Http/Middleware/InvokeDeferredCallbacks->handle(Object(Illuminate/Http/Request), Object(Closure))
#58 C:/!Telkom/Semester 6/Proyek Perangkat Lunak/SI4705-KELA-main/greennovate/vendor/laravel/framework/src/Illuminate/Http/Middleware/ValidatePathEncoding.php(26): Illuminate/Pipeline/Pipeline->Illuminate/Pipeline/{closure}(Object(Illuminate/Http/Request))
#59 C:/!Telkom/Semester 6/Proyek Perangkat Lunak/SI4705-KELA-main/greennovate/vendor/laravel/framework/src/Illuminate/Pipeline/Pipeline.php(219): Illuminate/Http/Middleware/ValidatePathEncoding->handle(Object(Illuminate/Http/Request), Object(Closure))
#60 C:/!Telkom/Semester 6/Proyek Perangkat Lunak/SI4705-KELA-main/greennovate/vendor/laravel/framework/src/Illuminate/Pipeline/Pipeline.php(137): Illuminate/Pipeline/Pipeline->Illuminate/Pipeline/{closure}(Object(Illuminate/Http/Request))
#61 C:/!Telkom/Semester 6/Proyek Perangkat Lunak/SI4705-KELA-main/greennovate/vendor/laravel/framework/src/Illuminate/Foundation/Http/Kernel.php(175): Illuminate/Pipeline/Pipeline->then(Object(Closure))
#62 C:/!Telkom/Semester 6/Proyek Perangkat Lunak/SI4705-KELA-main/greennovate/vendor/laravel/framework/src/Illuminate/Foundation/Http/Kernel.php(144): Illuminate/Foundation/Http/Kernel->sendRequestThroughRouter(Object(Illuminate/Http/Request))
#63 C:/!Telkom/Semester 6/Proyek Perangkat Lunak/SI4705-KELA-main/greennovate/vendor/laravel/framework/src/Illuminate/Foundation/Application.php(1220): Illuminate/Foundation/Http/Kernel->handle(Object(Illuminate/Http/Request))
#64 C:/!Telkom/Semester 6/Proyek Perangkat Lunak/SI4705-KELA-main/greennovate/public/index.php(20): Illuminate/Foundation/Application->handleRequest(Object(Illuminate/Http/Request))
#65 C:/!Telkom/Semester 6/Proyek Perangkat Lunak/SI4705-KELA-main/greennovate/vendor/laravel/framework/src/Illuminate/Foundation/resources/server.php(23): require_once('C://!Telkom//Seme...')
#66 {main}
"} 
[2026-05-04 13:19:37] local.ERROR: SQLSTATE[HY000]: General error: 1 no such column: kegiatan.deleted_at (Connection: sqlite, Database: C:\!Telkom\Semester 6\Proyek Perangkat Lunak\SI4705-KELA-main\greennovate\database\database.sqlite, SQL: select count(*) as aggregate from "kegiatan" where "kegiatan"."deleted_at" is null) {"exception":"[object] (Illuminate\\Database\\QueryException(code: HY000): SQLSTATE[HY000]: General error: 1 no such column: kegiatan.deleted_at (Connection: sqlite, Database: C:\\!Telkom\\Semester 6\\Proyek Perangkat Lunak\\SI4705-KELA-main\\greennovate\\database\\database.sqlite, SQL: select count(*) as aggregate from \"kegiatan\" where \"kegiatan\".\"deleted_at\" is null) at C:/!Telkom/Semester 6/Proyek Perangkat Lunak/SI4705-KELA-main/greennovate/vendor/laravel/framework/src/Illuminate/Database/Connection.php:838)
[stacktrace]
#0 C:/!Telkom/Semester 6/Proyek Perangkat Lunak/SI4705-KELA-main/greennovate/vendor/laravel/framework/src/Illuminate/Database/Connection.php(794): Illuminate/Database/Connection->runQueryCallback('select count(*)...', Array, Object(Closure))
#1 C:/!Telkom/Semester 6/Proyek Perangkat Lunak/SI4705-KELA-main/greennovate/vendor/laravel/framework/src/Illuminate/Database/Connection.php(411): Illuminate/Database/Connection->run('select count(*)...', Array, Object(Closure))
#2 C:/!Telkom/Semester 6/Proyek Perangkat Lunak/SI4705-KELA-main/greennovate/vendor/laravel/framework/src/Illuminate/Database/Query/Builder.php(3505): Illuminate/Database/Connection->select('select count(*)...', Array, true)
#3 C:/!Telkom/Semester 6/Proyek Perangkat Lunak/SI4705-KELA-main/greennovate/vendor/laravel/framework/src/Illuminate/Database/Query/Builder.php(3490): Illuminate/Database/Query/Builder->runSelect()
#4 C:/!Telkom/Semester 6/Proyek Perangkat Lunak/SI4705-KELA-main/greennovate/vendor/laravel/framework/src/Illuminate/Database/Query/Builder.php(4080): Illuminate/Database/Query/Builder->Illuminate/Database/Query/{closure}()
#5 C:/!Telkom/Semester 6/Proyek Perangkat Lunak/SI4705-KELA-main/greennovate/vendor/laravel/framework/src/Illuminate/Database/Query/Builder.php(3489): Illuminate/Database/Query/Builder->onceWithColumns(Array, Object(Closure))
#6 C:/!Telkom/Semester 6/Proyek Perangkat Lunak/SI4705-KELA-main/greennovate/vendor/laravel/framework/src/Illuminate/Database/Query/Builder.php(4004): Illuminate/Database/Query/Builder->get(Array)
#7 C:/!Telkom/Semester 6/Proyek Perangkat Lunak/SI4705-KELA-main/greennovate/vendor/laravel/framework/src/Illuminate/Database/Query/Builder.php(3932): Illuminate/Database/Query/Builder->aggregate('count', Array)
#8 C:/!Telkom/Semester 6/Proyek Perangkat Lunak/SI4705-KELA-main/greennovate/vendor/laravel/framework/src/Illuminate/Database/Eloquent/Builder.php(2237): Illuminate/Database/Query/Builder->count()
#9 C:/!Telkom/Semester 6/Proyek Perangkat Lunak/SI4705-KELA-main/greennovate/vendor/laravel/framework/src/Illuminate/Support/Traits/ForwardsCalls.php(23): Illuminate/Database/Eloquent/Builder->__call('count', Array)
#10 C:/!Telkom/Semester 6/Proyek Perangkat Lunak/SI4705-KELA-main/greennovate/vendor/laravel/framework/src/Illuminate/Database/Eloquent/Model.php(2540): Illuminate/Database/Eloquent/Model->forwardCallTo(Object(Illuminate/Database/Eloquent/Builder), 'count', Array)
#11 C:/!Telkom/Semester 6/Proyek Perangkat Lunak/SI4705-KELA-main/greennovate/vendor/laravel/framework/src/Illuminate/Database/Eloquent/Model.php(2556): Illuminate/Database/Eloquent/Model->__call('count', Array)
#12 C:/!Telkom/Semester 6/Proyek Perangkat Lunak/SI4705-KELA-main/greennovate/app/Http/Controllers/LandingController.php(18): Illuminate/Database/Eloquent/Model::__callStatic('count', Array)
#13 C:/!Telkom/Semester 6/Proyek Perangkat Lunak/SI4705-KELA-main/greennovate/vendor/laravel/framework/src/Illuminate/Routing/ControllerDispatcher.php(46): App/Http/Controllers/LandingController->index()
#14 C:/!Telkom/Semester 6/Proyek Perangkat Lunak/SI4705-KELA-main/greennovate/vendor/laravel/framework/src/Illuminate/Routing/Route.php(265): Illuminate/Routing/ControllerDispatcher->dispatch(Object(Illuminate/Routing/Route), Object(App/Http/Controllers/LandingController), 'index')
#15 C:/!Telkom/Semester 6/Proyek Perangkat Lunak/SI4705-KELA-main/greennovate/vendor/laravel/framework/src/Illuminate/Routing/Route.php(211): Illuminate/Routing/Route->runController()
#16 C:/!Telkom/Semester 6/Proyek Perangkat Lunak/SI4705-KELA-main/greennovate/vendor/laravel/framework/src/Illuminate/Routing/Router.php(822): Illuminate/Routing/Route->run()
#17 C:/!Telkom/Semester 6/Proyek Perangkat Lunak/SI4705-KELA-main/greennovate/vendor/laravel/framework/src/Illuminate/Pipeline/Pipeline.php(180): Illuminate/Routing/Router->Illuminate/Routing/{closure}(Object(Illuminate/Http/Request))
#18 C:/!Telkom/Semester 6/Proyek Perangkat Lunak/SI4705-KELA-main/greennovate/app/Http/Middleware/SetLocale.php(39): Illuminate/Pipeline/Pipeline->Illuminate/Pipeline/{closure}(Object(Illuminate/Http/Request))
#19 C:/!Telkom/Semester 6/Proyek Perangkat Lunak/SI4705-KELA-main/greennovate/vendor/laravel/framework/src/Illuminate/Pipeline/Pipeline.php(219): App/Http/Middleware/SetLocale->handle(Object(Illuminate/Http/Request), Object(Closure))
#20 C:/!Telkom/Semester 6/Proyek Perangkat Lunak/SI4705-KELA-main/greennovate/vendor/laravel/framework/src/Illuminate/Routing/Middleware/SubstituteBindings.php(50): Illuminate/Pipeline/Pipeline->Illuminate/Pipeline/{closure}(Object(Illuminate/Http/Request))
#21 C:/!Telkom/Semester 6/Proyek Perangkat Lunak/SI4705-KELA-main/greennovate/vendor/laravel/framework/src/Illuminate/Pipeline/Pipeline.php(219): Illuminate/Routing/Middleware/SubstituteBindings->handle(Object(Illuminate/Http/Request), Object(Closure))
#22 C:/!Telkom/Semester 6/Proyek Perangkat Lunak/SI4705-KELA-main/greennovate/vendor/laravel/framework/src/Illuminate/Foundation/Http/Middleware/VerifyCsrfToken.php(87): Illuminate/Pipeline/Pipeline->Illuminate/Pipeline/{closure}(Object(Illuminate/Http/Request))
#23 C:/!Telkom/Semester 6/Proyek Perangkat Lunak/SI4705-KELA-main/greennovate/vendor/laravel/framework/src/Illuminate/Pipeline/Pipeline.php(219): Illuminate/Foundation/Http/Middleware/VerifyCsrfToken->handle(Object(Illuminate/Http/Request), Object(Closure))
#24 C:/!Telkom/Semester 6/Proyek Perangkat Lunak/SI4705-KELA-main/greennovate/vendor/laravel/framework/src/Illuminate/View/Middleware/ShareErrorsFromSession.php(48): Illuminate/Pipeline/Pipeline->Illuminate/Pipeline/{closure}(Object(Illuminate/Http/Request))
#25 C:/!Telkom/Semester 6/Proyek Perangkat Lunak/SI4705-KELA-main/greennovate/vendor/laravel/framework/src/Illuminate/Pipeline/Pipeline.php(219): Illuminate/View/Middleware/ShareErrorsFromSession->handle(Object(Illuminate/Http/Request), Object(Closure))
#26 C:/!Telkom/Semester 6/Proyek Perangkat Lunak/SI4705-KELA-main/greennovate/vendor/laravel/framework/src/Illuminate/Session/Middleware/StartSession.php(120): Illuminate/Pipeline/Pipeline->Illuminate/Pipeline/{closure}(Object(Illuminate/Http/Request))
#27 C:/!Telkom/Semester 6/Proyek Perangkat Lunak/SI4705-KELA-main/greennovate/vendor/laravel/framework/src/Illuminate/Session/Middleware/StartSession.php(63): Illuminate/Session/Middleware/StartSession->handleStatefulRequest(Object(Illuminate/Http/Request), Object(Illuminate/Session/Store), Object(Closure))
#28 C:/!Telkom/Semester 6/Proyek Perangkat Lunak/SI4705-KELA-main/greennovate/vendor/laravel/framework/src/Illuminate/Pipeline/Pipeline.php(219): Illuminate/Session/Middleware/StartSession->handle(Object(Illuminate/Http/Request), Object(Closure))
#29 C:/!Telkom/Semester 6/Proyek Perangkat Lunak/SI4705-KELA-main/greennovate/vendor/laravel/framework/src/Illuminate/Cookie/Middleware/AddQueuedCookiesToResponse.php(36): Illuminate/Pipeline/Pipeline->Illuminate/Pipeline/{closure}(Object(Illuminate/Http/Request))
#30 C:/!Telkom/Semester 6/Proyek Perangkat Lunak/SI4705-KELA-main/greennovate/vendor/laravel/framework/src/Illuminate/Pipeline/Pipeline.php(219): Illuminate/Cookie/Middleware/AddQueuedCookiesToResponse->handle(Object(Illuminate/Http/Request), Object(Closure))
#31 C:/!Telkom/Semester 6/Proyek Perangkat Lunak/SI4705-KELA-main/greennovate/vendor/laravel/framework/src/Illuminate/Cookie/Middleware/EncryptCookies.php(74): Illuminate/Pipeline/Pipeline->Illuminate/Pipeline/{closure}(Object(Illuminate/Http/Request))
#32 C:/!Telkom/Semester 6/Proyek Perangkat Lunak/SI4705-KELA-main/greennovate/vendor/laravel/framework/src/Illuminate/Pipeline/Pipeline.php(219): Illuminate/Cookie/Middleware/EncryptCookies->handle(Object(Illuminate/Http/Request), Object(Closure))
#33 C:/!Telkom/Semester 6/Proyek Perangkat Lunak/SI4705-KELA-main/greennovate/vendor/laravel/framework/src/Illuminate/Pipeline/Pipeline.php(137): Illuminate/Pipeline/Pipeline->Illuminate/Pipeline/{closure}(Object(Illuminate/Http/Request))
#34 C:/!Telkom/Semester 6/Proyek Perangkat Lunak/SI4705-KELA-main/greennovate/vendor/laravel/framework/src/Illuminate/Routing/Router.php(821): Illuminate/Pipeline/Pipeline->then(Object(Closure))
#35 C:/!Telkom/Semester 6/Proyek Perangkat Lunak/SI4705-KELA-main/greennovate/vendor/laravel/framework/src/Illuminate/Routing/Router.php(800): Illuminate/Routing/Router->runRouteWithinStack(Object(Illuminate/Routing/Route), Object(Illuminate/Http/Request))
#36 C:/!Telkom/Semester 6/Proyek Perangkat Lunak/SI4705-KELA-main/greennovate/vendor/laravel/framework/src/Illuminate/Routing/Router.php(764): Illuminate/Routing/Router->runRoute(Object(Illuminate/Http/Request), Object(Illuminate/Routing/Route))
#37 C:/!Telkom/Semester 6/Proyek Perangkat Lunak/SI4705-KELA-main/greennovate/vendor/laravel/framework/src/Illuminate/Routing/Router.php(753): Illuminate/Routing/Router->dispatchToRoute(Object(Illuminate/Http/Request))
#38 C:/!Telkom/Semester 6/Proyek Perangkat Lunak/SI4705-KELA-main/greennovate/vendor/laravel/framework/src/Illuminate/Foundation/Http/Kernel.php(200): Illuminate/Routing/Router->dispatch(Object(Illuminate/Http/Request))
#39 C:/!Telkom/Semester 6/Proyek Perangkat Lunak/SI4705-KELA-main/greennovate/vendor/laravel/framework/src/Illuminate/Pipeline/Pipeline.php(180): Illuminate/Foundation/Http/Kernel->Illuminate/Foundation/Http/{closure}(Object(Illuminate/Http/Request))
#40 C:/!Telkom/Semester 6/Proyek Perangkat Lunak/SI4705-KELA-main/greennovate/vendor/laravel/framework/src/Illuminate/Foundation/Http/Middleware/TransformsRequest.php(21): Illuminate/Pipeline/Pipeline->Illuminate/Pipeline/{closure}(Object(Illuminate/Http/Request))
#41 C:/!Telkom/Semester 6/Proyek Perangkat Lunak/SI4705-KELA-main/greennovate/vendor/laravel/framework/src/Illuminate/Foundation/Http/Middleware/ConvertEmptyStringsToNull.php(31): Illuminate/Foundation/Http/Middleware/TransformsRequest->handle(Object(Illuminate/Http/Request), Object(Closure))
#42 C:/!Telkom/Semester 6/Proyek Perangkat Lunak/SI4705-KELA-main/greennovate/vendor/laravel/framework/src/Illuminate/Pipeline/Pipeline.php(219): Illuminate/Foundation/Http/Middleware/ConvertEmptyStringsToNull->handle(Object(Illuminate/Http/Request), Object(Closure))
#43 C:/!Telkom/Semester 6/Proyek Perangkat Lunak/SI4705-KELA-main/greennovate/vendor/laravel/framework/src/Illuminate/Foundation/Http/Middleware/TransformsRequest.php(21): Illuminate/Pipeline/Pipeline->Illuminate/Pipeline/{closure}(Object(Illuminate/Http/Request))
#44 C:/!Telkom/Semester 6/Proyek Perangkat Lunak/SI4705-KELA-main/greennovate/vendor/laravel/framework/src/Illuminate/Foundation/Http/Middleware/TrimStrings.php(51): Illuminate/Foundation/Http/Middleware/TransformsRequest->handle(Object(Illuminate/Http/Request), Object(Closure))
#45 C:/!Telkom/Semester 6/Proyek Perangkat Lunak/SI4705-KELA-main/greennovate/vendor/laravel/framework/src/Illuminate/Pipeline/Pipeline.php(219): Illuminate/Foundation/Http/Middleware/TrimStrings->handle(Object(Illuminate/Http/Request), Object(Closure))
#46 C:/!Telkom/Semester 6/Proyek Perangkat Lunak/SI4705-KELA-main/greennovate/vendor/laravel/framework/src/Illuminate/Http/Middleware/ValidatePostSize.php(27): Illuminate/Pipeline/Pipeline->Illuminate/Pipeline/{closure}(Object(Illuminate/Http/Request))
#47 C:/!Telkom/Semester 6/Proyek Perangkat Lunak/SI4705-KELA-main/greennovate/vendor/laravel/framework/src/Illuminate/Pipeline/Pipeline.php(219): Illuminate/Http/Middleware/ValidatePostSize->handle(Object(Illuminate/Http/Request), Object(Closure))
#48 C:/!Telkom/Semester 6/Proyek Perangkat Lunak/SI4705-KELA-main/greennovate/vendor/laravel/framework/src/Illuminate/Foundation/Http/Middleware/PreventRequestsDuringMaintenance.php(109): Illuminate/Pipeline/Pipeline->Illuminate/Pipeline/{closure}(Object(Illuminate/Http/Request))
#49 C:/!Telkom/Semester 6/Proyek Perangkat Lunak/SI4705-KELA-main/greennovate/vendor/laravel/framework/src/Illuminate/Pipeline/Pipeline.php(219): Illuminate/Foundation/Http/Middleware/PreventRequestsDuringMaintenance->handle(Object(Illuminate/Http/Request), Object(Closure))
#50 C:/!Telkom/Semester 6/Proyek Perangkat Lunak/SI4705-KELA-main/greennovate/vendor/laravel/framework/src/Illuminate/Http/Middleware/HandleCors.php(61): Illuminate/Pipeline/Pipeline->Illuminate/Pipeline/{closure}(Object(Illuminate/Http/Request))
#51 C:/!Telkom/Semester 6/Proyek Perangkat Lunak/SI4705-KELA-main/greennovate/vendor/laravel/framework/src/Illuminate/Pipeline/Pipeline.php(219): Illuminate/Http/Middleware/HandleCors->handle(Object(Illuminate/Http/Request), Object(Closure))
#52 C:/!Telkom/Semester 6/Proyek Perangkat Lunak/SI4705-KELA-main/greennovate/vendor/laravel/framework/src/Illuminate/Http/Middleware/TrustProxies.php(58): Illuminate/Pipeline/Pipeline->Illuminate/Pipeline/{closure}(Object(Illuminate/Http/Request))
#53 C:/!Telkom/Semester 6/Proyek Perangkat Lunak/SI4705-KELA-main/greennovate/vendor/laravel/framework/src/Illuminate/Pipeline/Pipeline.php(219): Illuminate/Http/Middleware/TrustProxies->handle(Object(Illuminate/Http/Request), Object(Closure))
#54 C:/!Telkom/Semester 6/Proyek Perangkat Lunak/SI4705-KELA-main/greennovate/vendor/laravel/framework/src/Illuminate/Foundation/Http/Middleware/InvokeDeferredCallbacks.php(22): Illuminate/Pipeline/Pipeline->Illuminate/Pipeline/{closure}(Object(Illuminate/Http/Request))
#55 C:/!Telkom/Semester 6/Proyek Perangkat Lunak/SI4705-KELA-main/greennovate/vendor/laravel/framework/src/Illuminate/Pipeline/Pipeline.php(219): Illuminate/Foundation/Http/Middleware/InvokeDeferredCallbacks->handle(Object(Illuminate/Http/Request), Object(Closure))
#56 C:/!Telkom/Semester 6/Proyek Perangkat Lunak/SI4705-KELA-main/greennovate/vendor/laravel/framework/src/Illuminate/Http/Middleware/ValidatePathEncoding.php(26): Illuminate/Pipeline/Pipeline->Illuminate/Pipeline/{closure}(Object(Illuminate/Http/Request))
#57 C:/!Telkom/Semester 6/Proyek Perangkat Lunak/SI4705-KELA-main/greennovate/vendor/laravel/framework/src/Illuminate/Pipeline/Pipeline.php(219): Illuminate/Http/Middleware/ValidatePathEncoding->handle(Object(Illuminate/Http/Request), Object(Closure))
#58 C:/!Telkom/Semester 6/Proyek Perangkat Lunak/SI4705-KELA-main/greennovate/vendor/laravel/framework/src/Illuminate/Pipeline/Pipeline.php(137): Illuminate/Pipeline/Pipeline->Illuminate/Pipeline/{closure}(Object(Illuminate/Http/Request))
#59 C:/!Telkom/Semester 6/Proyek Perangkat Lunak/SI4705-KELA-main/greennovate/vendor/laravel/framework/src/Illuminate/Foundation/Http/Kernel.php(175): Illuminate/Pipeline/Pipeline->then(Object(Closure))
#60 C:/!Telkom/Semester 6/Proyek Perangkat Lunak/SI4705-KELA-main/greennovate/vendor/laravel/framework/src/Illuminate/Foundation/Http/Kernel.php(144): Illuminate/Foundation/Http/Kernel->sendRequestThroughRouter(Object(Illuminate/Http/Request))
#61 C:/!Telkom/Semester 6/Proyek Perangkat Lunak/SI4705-KELA-main/greennovate/vendor/laravel/framework/src/Illuminate/Foundation/Application.php(1220): Illuminate/Foundation/Http/Kernel->handle(Object(Illuminate/Http/Request))
#62 C:/!Telkom/Semester 6/Proyek Perangkat Lunak/SI4705-KELA-main/greennovate/public/index.php(20): Illuminate/Foundation/Application->handleRequest(Object(Illuminate/Http/Request))
#63 C:/!Telkom/Semester 6/Proyek Perangkat Lunak/SI4705-KELA-main/greennovate/vendor/laravel/framework/src/Illuminate/Foundation/resources/server.php(23): require_once('C://!Telkom//Seme...')
#64 {main}

[previous exception] [object] (PDOException(code: HY000): SQLSTATE[HY000]: General error: 1 no such column: kegiatan.deleted_at at C:/!Telkom/Semester 6/Proyek Perangkat Lunak/SI4705-KELA-main/greennovate/vendor/laravel/framework/src/Illuminate/Database/Connection.php:420)
[stacktrace]
#0 C:/!Telkom/Semester 6/Proyek Perangkat Lunak/SI4705-KELA-main/greennovate/vendor/laravel/framework/src/Illuminate/Database/Connection.php(420): PDO->prepare('select count(*)...')
#1 C:/!Telkom/Semester 6/Proyek Perangkat Lunak/SI4705-KELA-main/greennovate/vendor/laravel/framework/src/Illuminate/Database/Connection.php(827): Illuminate/Database/Connection->Illuminate/Database/{closure}('select count(*)...', Array)
#2 C:/!Telkom/Semester 6/Proyek Perangkat Lunak/SI4705-KELA-main/greennovate/vendor/laravel/framework/src/Illuminate/Database/Connection.php(794): Illuminate/Database/Connection->runQueryCallback('select count(*)...', Array, Object(Closure))
#3 C:/!Telkom/Semester 6/Proyek Perangkat Lunak/SI4705-KELA-main/greennovate/vendor/laravel/framework/src/Illuminate/Database/Connection.php(411): Illuminate/Database/Connection->run('select count(*)...', Array, Object(Closure))
#4 C:/!Telkom/Semester 6/Proyek Perangkat Lunak/SI4705-KELA-main/greennovate/vendor/laravel/framework/src/Illuminate/Database/Query/Builder.php(3505): Illuminate/Database/Connection->select('select count(*)...', Array, true)
#5 C:/!Telkom/Semester 6/Proyek Perangkat Lunak/SI4705-KELA-main/greennovate/vendor/laravel/framework/src/Illuminate/Database/Query/Builder.php(3490): Illuminate/Database/Query/Builder->runSelect()
#6 C:/!Telkom/Semester 6/Proyek Perangkat Lunak/SI4705-KELA-main/greennovate/vendor/laravel/framework/src/Illuminate/Database/Query/Builder.php(4080): Illuminate/Database/Query/Builder->Illuminate/Database/Query/{closure}()
#7 C:/!Telkom/Semester 6/Proyek Perangkat Lunak/SI4705-KELA-main/greennovate/vendor/laravel/framework/src/Illuminate/Database/Query/Builder.php(3489): Illuminate/Database/Query/Builder->onceWithColumns(Array, Object(Closure))
#8 C:/!Telkom/Semester 6/Proyek Perangkat Lunak/SI4705-KELA-main/greennovate/vendor/laravel/framework/src/Illuminate/Database/Query/Builder.php(4004): Illuminate/Database/Query/Builder->get(Array)
#9 C:/!Telkom/Semester 6/Proyek Perangkat Lunak/SI4705-KELA-main/greennovate/vendor/laravel/framework/src/Illuminate/Database/Query/Builder.php(3932): Illuminate/Database/Query/Builder->aggregate('count', Array)
#10 C:/!Telkom/Semester 6/Proyek Perangkat Lunak/SI4705-KELA-main/greennovate/vendor/laravel/framework/src/Illuminate/Database/Eloquent/Builder.php(2237): Illuminate/Database/Query/Builder->count()
#11 C:/!Telkom/Semester 6/Proyek Perangkat Lunak/SI4705-KELA-main/greennovate/vendor/laravel/framework/src/Illuminate/Support/Traits/ForwardsCalls.php(23): Illuminate/Database/Eloquent/Builder->__call('count', Array)
#12 C:/!Telkom/Semester 6/Proyek Perangkat Lunak/SI4705-KELA-main/greennovate/vendor/laravel/framework/src/Illuminate/Database/Eloquent/Model.php(2540): Illuminate/Database/Eloquent/Model->forwardCallTo(Object(Illuminate/Database/Eloquent/Builder), 'count', Array)
#13 C:/!Telkom/Semester 6/Proyek Perangkat Lunak/SI4705-KELA-main/greennovate/vendor/laravel/framework/src/Illuminate/Database/Eloquent/Model.php(2556): Illuminate/Database/Eloquent/Model->__call('count', Array)
#14 C:/!Telkom/Semester 6/Proyek Perangkat Lunak/SI4705-KELA-main/greennovate/app/Http/Controllers/LandingController.php(18): Illuminate/Database/Eloquent/Model::__callStatic('count', Array)
#15 C:/!Telkom/Semester 6/Proyek Perangkat Lunak/SI4705-KELA-main/greennovate/vendor/laravel/framework/src/Illuminate/Routing/ControllerDispatcher.php(46): App/Http/Controllers/LandingController->index()
#16 C:/!Telkom/Semester 6/Proyek Perangkat Lunak/SI4705-KELA-main/greennovate/vendor/laravel/framework/src/Illuminate/Routing/Route.php(265): Illuminate/Routing/ControllerDispatcher->dispatch(Object(Illuminate/Routing/Route), Object(App/Http/Controllers/LandingController), 'index')
#17 C:/!Telkom/Semester 6/Proyek Perangkat Lunak/SI4705-KELA-main/greennovate/vendor/laravel/framework/src/Illuminate/Routing/Route.php(211): Illuminate/Routing/Route->runController()
#18 C:/!Telkom/Semester 6/Proyek Perangkat Lunak/SI4705-KELA-main/greennovate/vendor/laravel/framework/src/Illuminate/Routing/Router.php(822): Illuminate/Routing/Route->run()
#19 C:/!Telkom/Semester 6/Proyek Perangkat Lunak/SI4705-KELA-main/greennovate/vendor/laravel/framework/src/Illuminate/Pipeline/Pipeline.php(180): Illuminate/Routing/Router->Illuminate/Routing/{closure}(Object(Illuminate/Http/Request))
#20 C:/!Telkom/Semester 6/Proyek Perangkat Lunak/SI4705-KELA-main/greennovate/app/Http/Middleware/SetLocale.php(39): Illuminate/Pipeline/Pipeline->Illuminate/Pipeline/{closure}(Object(Illuminate/Http/Request))
#21 C:/!Telkom/Semester 6/Proyek Perangkat Lunak/SI4705-KELA-main/greennovate/vendor/laravel/framework/src/Illuminate/Pipeline/Pipeline.php(219): App/Http/Middleware/SetLocale->handle(Object(Illuminate/Http/Request), Object(Closure))
#22 C:/!Telkom/Semester 6/Proyek Perangkat Lunak/SI4705-KELA-main/greennovate/vendor/laravel/framework/src/Illuminate/Routing/Middleware/SubstituteBindings.php(50): Illuminate/Pipeline/Pipeline->Illuminate/Pipeline/{closure}(Object(Illuminate/Http/Request))
#23 C:/!Telkom/Semester 6/Proyek Perangkat Lunak/SI4705-KELA-main/greennovate/vendor/laravel/framework/src/Illuminate/Pipeline/Pipeline.php(219): Illuminate/Routing/Middleware/SubstituteBindings->handle(Object(Illuminate/Http/Request), Object(Closure))
#24 C:/!Telkom/Semester 6/Proyek Perangkat Lunak/SI4705-KELA-main/greennovate/vendor/laravel/framework/src/Illuminate/Foundation/Http/Middleware/VerifyCsrfToken.php(87): Illuminate/Pipeline/Pipeline->Illuminate/Pipeline/{closure}(Object(Illuminate/Http/Request))
#25 C:/!Telkom/Semester 6/Proyek Perangkat Lunak/SI4705-KELA-main/greennovate/vendor/laravel/framework/src/Illuminate/Pipeline/Pipeline.php(219): Illuminate/Foundation/Http/Middleware/VerifyCsrfToken->handle(Object(Illuminate/Http/Request), Object(Closure))
#26 C:/!Telkom/Semester 6/Proyek Perangkat Lunak/SI4705-KELA-main/greennovate/vendor/laravel/framework/src/Illuminate/View/Middleware/ShareErrorsFromSession.php(48): Illuminate/Pipeline/Pipeline->Illuminate/Pipeline/{closure}(Object(Illuminate/Http/Request))
#27 C:/!Telkom/Semester 6/Proyek Perangkat Lunak/SI4705-KELA-main/greennovate/vendor/laravel/framework/src/Illuminate/Pipeline/Pipeline.php(219): Illuminate/View/Middleware/ShareErrorsFromSession->handle(Object(Illuminate/Http/Request), Object(Closure))
#28 C:/!Telkom/Semester 6/Proyek Perangkat Lunak/SI4705-KELA-main/greennovate/vendor/laravel/framework/src/Illuminate/Session/Middleware/StartSession.php(120): Illuminate/Pipeline/Pipeline->Illuminate/Pipeline/{closure}(Object(Illuminate/Http/Request))
#29 C:/!Telkom/Semester 6/Proyek Perangkat Lunak/SI4705-KELA-main/greennovate/vendor/laravel/framework/src/Illuminate/Session/Middleware/StartSession.php(63): Illuminate/Session/Middleware/StartSession->handleStatefulRequest(Object(Illuminate/Http/Request), Object(Illuminate/Session/Store), Object(Closure))
#30 C:/!Telkom/Semester 6/Proyek Perangkat Lunak/SI4705-KELA-main/greennovate/vendor/laravel/framework/src/Illuminate/Pipeline/Pipeline.php(219): Illuminate/Session/Middleware/StartSession->handle(Object(Illuminate/Http/Request), Object(Closure))
#31 C:/!Telkom/Semester 6/Proyek Perangkat Lunak/SI4705-KELA-main/greennovate/vendor/laravel/framework/src/Illuminate/Cookie/Middleware/AddQueuedCookiesToResponse.php(36): Illuminate/Pipeline/Pipeline->Illuminate/Pipeline/{closure}(Object(Illuminate/Http/Request))
#32 C:/!Telkom/Semester 6/Proyek Perangkat Lunak/SI4705-KELA-main/greennovate/vendor/laravel/framework/src/Illuminate/Pipeline/Pipeline.php(219): Illuminate/Cookie/Middleware/AddQueuedCookiesToResponse->handle(Object(Illuminate/Http/Request), Object(Closure))
#33 C:/!Telkom/Semester 6/Proyek Perangkat Lunak/SI4705-KELA-main/greennovate/vendor/laravel/framework/src/Illuminate/Cookie/Middleware/EncryptCookies.php(74): Illuminate/Pipeline/Pipeline->Illuminate/Pipeline/{closure}(Object(Illuminate/Http/Request))
#34 C:/!Telkom/Semester 6/Proyek Perangkat Lunak/SI4705-KELA-main/greennovate/vendor/laravel/framework/src/Illuminate/Pipeline/Pipeline.php(219): Illuminate/Cookie/Middleware/EncryptCookies->handle(Object(Illuminate/Http/Request), Object(Closure))
#35 C:/!Telkom/Semester 6/Proyek Perangkat Lunak/SI4705-KELA-main/greennovate/vendor/laravel/framework/src/Illuminate/Pipeline/Pipeline.php(137): Illuminate/Pipeline/Pipeline->Illuminate/Pipeline/{closure}(Object(Illuminate/Http/Request))
#36 C:/!Telkom/Semester 6/Proyek Perangkat Lunak/SI4705-KELA-main/greennovate/vendor/laravel/framework/src/Illuminate/Routing/Router.php(821): Illuminate/Pipeline/Pipeline->then(Object(Closure))
#37 C:/!Telkom/Semester 6/Proyek Perangkat Lunak/SI4705-KELA-main/greennovate/vendor/laravel/framework/src/Illuminate/Routing/Router.php(800): Illuminate/Routing/Router->runRouteWithinStack(Object(Illuminate/Routing/Route), Object(Illuminate/Http/Request))
#38 C:/!Telkom/Semester 6/Proyek Perangkat Lunak/SI4705-KELA-main/greennovate/vendor/laravel/framework/src/Illuminate/Routing/Router.php(764): Illuminate/Routing/Router->runRoute(Object(Illuminate/Http/Request), Object(Illuminate/Routing/Route))
#39 C:/!Telkom/Semester 6/Proyek Perangkat Lunak/SI4705-KELA-main/greennovate/vendor/laravel/framework/src/Illuminate/Routing/Router.php(753): Illuminate/Routing/Router->dispatchToRoute(Object(Illuminate/Http/Request))
#40 C:/!Telkom/Semester 6/Proyek Perangkat Lunak/SI4705-KELA-main/greennovate/vendor/laravel/framework/src/Illuminate/Foundation/Http/Kernel.php(200): Illuminate/Routing/Router->dispatch(Object(Illuminate/Http/Request))
#41 C:/!Telkom/Semester 6/Proyek Perangkat Lunak/SI4705-KELA-main/greennovate/vendor/laravel/framework/src/Illuminate/Pipeline/Pipeline.php(180): Illuminate/Foundation/Http/Kernel->Illuminate/Foundation/Http/{closure}(Object(Illuminate/Http/Request))
#42 C:/!Telkom/Semester 6/Proyek Perangkat Lunak/SI4705-KELA-main/greennovate/vendor/laravel/framework/src/Illuminate/Foundation/Http/Middleware/TransformsRequest.php(21): Illuminate/Pipeline/Pipeline->Illuminate/Pipeline/{closure}(Object(Illuminate/Http/Request))
#43 C:/!Telkom/Semester 6/Proyek Perangkat Lunak/SI4705-KELA-main/greennovate/vendor/laravel/framework/src/Illuminate/Foundation/Http/Middleware/ConvertEmptyStringsToNull.php(31): Illuminate/Foundation/Http/Middleware/TransformsRequest->handle(Object(Illuminate/Http/Request), Object(Closure))
#44 C:/!Telkom/Semester 6/Proyek Perangkat Lunak/SI4705-KELA-main/greennovate/vendor/laravel/framework/src/Illuminate/Pipeline/Pipeline.php(219): Illuminate/Foundation/Http/Middleware/ConvertEmptyStringsToNull->handle(Object(Illuminate/Http/Request), Object(Closure))
#45 C:/!Telkom/Semester 6/Proyek Perangkat Lunak/SI4705-KELA-main/greennovate/vendor/laravel/framework/src/Illuminate/Foundation/Http/Middleware/TransformsRequest.php(21): Illuminate/Pipeline/Pipeline->Illuminate/Pipeline/{closure}(Object(Illuminate/Http/Request))
#46 C:/!Telkom/Semester 6/Proyek Perangkat Lunak/SI4705-KELA-main/greennovate/vendor/laravel/framework/src/Illuminate/Foundation/Http/Middleware/TrimStrings.php(51): Illuminate/Foundation/Http/Middleware/TransformsRequest->handle(Object(Illuminate/Http/Request), Object(Closure))
#47 C:/!Telkom/Semester 6/Proyek Perangkat Lunak/SI4705-KELA-main/greennovate/vendor/laravel/framework/src/Illuminate/Pipeline/Pipeline.php(219): Illuminate/Foundation/Http/Middleware/TrimStrings->handle(Object(Illuminate/Http/Request), Object(Closure))
#48 C:/!Telkom/Semester 6/Proyek Perangkat Lunak/SI4705-KELA-main/greennovate/vendor/laravel/framework/src/Illuminate/Http/Middleware/ValidatePostSize.php(27): Illuminate/Pipeline/Pipeline->Illuminate/Pipeline/{closure}(Object(Illuminate/Http/Request))
#49 C:/!Telkom/Semester 6/Proyek Perangkat Lunak/SI4705-KELA-main/greennovate/vendor/laravel/framework/src/Illuminate/Pipeline/Pipeline.php(219): Illuminate/Http/Middleware/ValidatePostSize->handle(Object(Illuminate/Http/Request), Object(Closure))
#50 C:/!Telkom/Semester 6/Proyek Perangkat Lunak/SI4705-KELA-main/greennovate/vendor/laravel/framework/src/Illuminate/Foundation/Http/Middleware/PreventRequestsDuringMaintenance.php(109): Illuminate/Pipeline/Pipeline->Illuminate/Pipeline/{closure}(Object(Illuminate/Http/Request))
#51 C:/!Telkom/Semester 6/Proyek Perangkat Lunak/SI4705-KELA-main/greennovate/vendor/laravel/framework/src/Illuminate/Pipeline/Pipeline.php(219): Illuminate/Foundation/Http/Middleware/PreventRequestsDuringMaintenance->handle(Object(Illuminate/Http/Request), Object(Closure))
#52 C:/!Telkom/Semester 6/Proyek Perangkat Lunak/SI4705-KELA-main/greennovate/vendor/laravel/framework/src/Illuminate/Http/Middleware/HandleCors.php(61): Illuminate/Pipeline/Pipeline->Illuminate/Pipeline/{closure}(Object(Illuminate/Http/Request))
#53 C:/!Telkom/Semester 6/Proyek Perangkat Lunak/SI4705-KELA-main/greennovate/vendor/laravel/framework/src/Illuminate/Pipeline/Pipeline.php(219): Illuminate/Http/Middleware/HandleCors->handle(Object(Illuminate/Http/Request), Object(Closure))
#54 C:/!Telkom/Semester 6/Proyek Perangkat Lunak/SI4705-KELA-main/greennovate/vendor/laravel/framework/src/Illuminate/Http/Middleware/TrustProxies.php(58): Illuminate/Pipeline/Pipeline->Illuminate/Pipeline/{closure}(Object(Illuminate/Http/Request))
#55 C:/!Telkom/Semester 6/Proyek Perangkat Lunak/SI4705-KELA-main/greennovate/vendor/laravel/framework/src/Illuminate/Pipeline/Pipeline.php(219): Illuminate/Http/Middleware/TrustProxies->handle(Object(Illuminate/Http/Request), Object(Closure))
#56 C:/!Telkom/Semester 6/Proyek Perangkat Lunak/SI4705-KELA-main/greennovate/vendor/laravel/framework/src/Illuminate/Foundation/Http/Middleware/InvokeDeferredCallbacks.php(22): Illuminate/Pipeline/Pipeline->Illuminate/Pipeline/{closure}(Object(Illuminate/Http/Request))
#57 C:/!Telkom/Semester 6/Proyek Perangkat Lunak/SI4705-KELA-main/greennovate/vendor/laravel/framework/src/Illuminate/Pipeline/Pipeline.php(219): Illuminate/Foundation/Http/Middleware/InvokeDeferredCallbacks->handle(Object(Illuminate/Http/Request), Object(Closure))
#58 C:/!Telkom/Semester 6/Proyek Perangkat Lunak/SI4705-KELA-main/greennovate/vendor/laravel/framework/src/Illuminate/Http/Middleware/ValidatePathEncoding.php(26): Illuminate/Pipeline/Pipeline->Illuminate/Pipeline/{closure}(Object(Illuminate/Http/Request))
#59 C:/!Telkom/Semester 6/Proyek Perangkat Lunak/SI4705-KELA-main/greennovate/vendor/laravel/framework/src/Illuminate/Pipeline/Pipeline.php(219): Illuminate/Http/Middleware/ValidatePathEncoding->handle(Object(Illuminate/Http/Request), Object(Closure))
#60 C:/!Telkom/Semester 6/Proyek Perangkat Lunak/SI4705-KELA-main/greennovate/vendor/laravel/framework/src/Illuminate/Pipeline/Pipeline.php(137): Illuminate/Pipeline/Pipeline->Illuminate/Pipeline/{closure}(Object(Illuminate/Http/Request))
#61 C:/!Telkom/Semester 6/Proyek Perangkat Lunak/SI4705-KELA-main/greennovate/vendor/laravel/framework/src/Illuminate/Foundation/Http/Kernel.php(175): Illuminate/Pipeline/Pipeline->then(Object(Closure))
#62 C:/!Telkom/Semester 6/Proyek Perangkat Lunak/SI4705-KELA-main/greennovate/vendor/laravel/framework/src/Illuminate/Foundation/Http/Kernel.php(144): Illuminate/Foundation/Http/Kernel->sendRequestThroughRouter(Object(Illuminate/Http/Request))
#63 C:/!Telkom/Semester 6/Proyek Perangkat Lunak/SI4705-KELA-main/greennovate/vendor/laravel/framework/src/Illuminate/Foundation/Application.php(1220): Illuminate/Foundation/Http/Kernel->handle(Object(Illuminate/Http/Request))
#64 C:/!Telkom/Semester 6/Proyek Perangkat Lunak/SI4705-KELA-main/greennovate/public/index.php(20): Illuminate/Foundation/Application->handleRequest(Object(Illuminate/Http/Request))
#65 C:/!Telkom/Semester 6/Proyek Perangkat Lunak/SI4705-KELA-main/greennovate/vendor/laravel/framework/src/Illuminate/Foundation/resources/server.php(23): require_once('C://!Telkom//Seme...')
#66 {main}
"} 
[2026-05-04 13:22:41] local.ERROR: SQLSTATE[HY000]: General error: 1 table "kegiatan" already exists (Connection: sqlite, Database: C:\!Telkom\Semester 6\Proyek Perangkat Lunak\SI4705-KELA-main\greennovate\database\database.sqlite, SQL: create table "kegiatan" ("id" integer primary key autoincrement not null, "nama" varchar not null, "lokasi_lahan_id" integer not null, "petugas_id" integer not null, "tanggal" date not null, "target_pohon" integer not null, "realisasi_pohon" integer not null default '0', "status" varchar check ("status" in ('Persiapan', 'Berlangsung', 'Selesai', 'Dibatalkan')) not null default 'Persiapan', "deskripsi" text, "created_at" datetime, "updated_at" datetime, foreign key("lokasi_lahan_id") references "lokasi_lahans"("id") on delete cascade, foreign key("petugas_id") references "users"("id") on delete cascade)) {"exception":"[object] (Illuminate\\Database\\QueryException(code: HY000): SQLSTATE[HY000]: General error: 1 table \"kegiatan\" already exists (Connection: sqlite, Database: C:\\!Telkom\\Semester 6\\Proyek Perangkat Lunak\\SI4705-KELA-main\\greennovate\\database\\database.sqlite, SQL: create table \"kegiatan\" (\"id\" integer primary key autoincrement not null, \"nama\" varchar not null, \"lokasi_lahan_id\" integer not null, \"petugas_id\" integer not null, \"tanggal\" date not null, \"target_pohon\" integer not null, \"realisasi_pohon\" integer not null default '0', \"status\" varchar check (\"status\" in ('Persiapan', 'Berlangsung', 'Selesai', 'Dibatalkan')) not null default 'Persiapan', \"deskripsi\" text, \"created_at\" datetime, \"updated_at\" datetime, foreign key(\"lokasi_lahan_id\") references \"lokasi_lahans\"(\"id\") on delete cascade, foreign key(\"petugas_id\") references \"users\"(\"id\") on delete cascade)) at C:/!Telkom/Semester 6/Proyek Perangkat Lunak/SI4705-KELA-main/greennovate/vendor/laravel/framework/src/Illuminate/Database/Connection.php:838)
[stacktrace]
#0 C:/!Telkom/Semester 6/Proyek Perangkat Lunak/SI4705-KELA-main/greennovate/vendor/laravel/framework/src/Illuminate/Database/Connection.php(794): Illuminate/Database/Connection->runQueryCallback('create table \"k...', Array, Object(Closure))
#1 C:/!Telkom/Semester 6/Proyek Perangkat Lunak/SI4705-KELA-main/greennovate/vendor/laravel/framework/src/Illuminate/Database/Connection.php(573): Illuminate/Database/Connection->run('create table \"k...', Array, Object(Closure))
#2 C:/!Telkom/Semester 6/Proyek Perangkat Lunak/SI4705-KELA-main/greennovate/vendor/laravel/framework/src/Illuminate/Database/Schema/Blueprint.php(121): Illuminate/Database/Connection->statement('create table \"k...')
#3 C:/!Telkom/Semester 6/Proyek Perangkat Lunak/SI4705-KELA-main/greennovate/vendor/laravel/framework/src/Illuminate/Database/Schema/Builder.php(686): Illuminate/Database/Schema/Blueprint->build()
#4 C:/!Telkom/Semester 6/Proyek Perangkat Lunak/SI4705-KELA-main/greennovate/vendor/laravel/framework/src/Illuminate/Database/Schema/Builder.php(506): Illuminate/Database/Schema/Builder->build(Object(Illuminate/Database/Schema/Blueprint))
#5 C:/!Telkom/Semester 6/Proyek Perangkat Lunak/SI4705-KELA-main/greennovate/vendor/laravel/framework/src/Illuminate/Support/Facades/Facade.php(363): Illuminate/Database/Schema/Builder->create('kegiatan', Object(Closure))
#6 C:/!Telkom/Semester 6/Proyek Perangkat Lunak/SI4705-KELA-main/greennovate/database/migrations/2026_05_01_082725_create_kegiatans_table.php(14): Illuminate/Support/Facades/Facade::__callStatic('create', Array)
#7 C:/!Telkom/Semester 6/Proyek Perangkat Lunak/SI4705-KELA-main/greennovate/vendor/laravel/framework/src/Illuminate/Database/Migrations/Migrator.php(517): Illuminate/Database/Migrations/Migration@anonymous->up()
#8 C:/!Telkom/Semester 6/Proyek Perangkat Lunak/SI4705-KELA-main/greennovate/vendor/laravel/framework/src/Illuminate/Database/Migrations/Migrator.php(442): Illuminate/Database/Migrations/Migrator->runMethod(Object(Illuminate/Database/SQLiteConnection), Object(Illuminate/Database/Migrations/Migration@anonymous), 'up')
#9 C:/!Telkom/Semester 6/Proyek Perangkat Lunak/SI4705-KELA-main/greennovate/vendor/laravel/framework/src/Illuminate/Database/Migrations/Migrator.php(451): Illuminate/Database/Migrations/Migrator->Illuminate/Database/Migrations/{closure}()
#10 C:/!Telkom/Semester 6/Proyek Perangkat Lunak/SI4705-KELA-main/greennovate/vendor/laravel/framework/src/Illuminate/Database/Migrations/Migrator.php(253): Illuminate/Database/Migrations/Migrator->runMigration(Object(Illuminate/Database/Migrations/Migration@anonymous), 'up')
#11 C:/!Telkom/Semester 6/Proyek Perangkat Lunak/SI4705-KELA-main/greennovate/vendor/laravel/framework/src/Illuminate/Console/View/Components/Task.php(41): Illuminate/Database/Migrations/Migrator->Illuminate/Database/Migrations/{closure}()
#12 C:/!Telkom/Semester 6/Proyek Perangkat Lunak/SI4705-KELA-main/greennovate/vendor/laravel/framework/src/Illuminate/Database/Migrations/Migrator.php(814): Illuminate/Console/View/Components/Task->render('2026_05_01_0827...', Object(Closure))
#13 C:/!Telkom/Semester 6/Proyek Perangkat Lunak/SI4705-KELA-main/greennovate/vendor/laravel/framework/src/Illuminate/Database/Migrations/Migrator.php(253): Illuminate/Database/Migrations/Migrator->write('Illuminate//Cons...', '2026_05_01_0827...', Object(Closure))
#14 C:/!Telkom/Semester 6/Proyek Perangkat Lunak/SI4705-KELA-main/greennovate/vendor/laravel/framework/src/Illuminate/Database/Migrations/Migrator.php(211): Illuminate/Database/Migrations/Migrator->runUp('C://!Telkom//Seme...', 2, false)
#15 C:/!Telkom/Semester 6/Proyek Perangkat Lunak/SI4705-KELA-main/greennovate/vendor/laravel/framework/src/Illuminate/Database/Migrations/Migrator.php(138): Illuminate/Database/Migrations/Migrator->runPending(Array, Array)
#16 C:/!Telkom/Semester 6/Proyek Perangkat Lunak/SI4705-KELA-main/greennovate/vendor/laravel/framework/src/Illuminate/Database/Console/Migrations/MigrateCommand.php(116): Illuminate/Database/Migrations/Migrator->run(Array, Array)
#17 C:/!Telkom/Semester 6/Proyek Perangkat Lunak/SI4705-KELA-main/greennovate/vendor/laravel/framework/src/Illuminate/Database/Migrations/Migrator.php(671): Illuminate/Database/Console/Migrations/MigrateCommand->Illuminate/Database/Console/Migrations/{closure}()
#18 C:/!Telkom/Semester 6/Proyek Perangkat Lunak/SI4705-KELA-main/greennovate/vendor/laravel/framework/src/Illuminate/Database/Console/Migrations/MigrateCommand.php(109): Illuminate/Database/Migrations/Migrator->usingConnection(NULL, Object(Closure))
#19 C:/!Telkom/Semester 6/Proyek Perangkat Lunak/SI4705-KELA-main/greennovate/vendor/laravel/framework/src/Illuminate/Database/Console/Migrations/MigrateCommand.php(88): Illuminate/Database/Console/Migrations/MigrateCommand->runMigrations()
#20 C:/!Telkom/Semester 6/Proyek Perangkat Lunak/SI4705-KELA-main/greennovate/vendor/laravel/framework/src/Illuminate/Container/BoundMethod.php(36): Illuminate/Database/Console/Migrations/MigrateCommand->handle()
#21 C:/!Telkom/Semester 6/Proyek Perangkat Lunak/SI4705-KELA-main/greennovate/vendor/laravel/framework/src/Illuminate/Container/Util.php(43): Illuminate/Container/BoundMethod::Illuminate/Container/{closure}()
#22 C:/!Telkom/Semester 6/Proyek Perangkat Lunak/SI4705-KELA-main/greennovate/vendor/laravel/framework/src/Illuminate/Container/BoundMethod.php(96): Illuminate/Container/Util::unwrapIfClosure(Object(Closure))
#23 C:/!Telkom/Semester 6/Proyek Perangkat Lunak/SI4705-KELA-main/greennovate/vendor/laravel/framework/src/Illuminate/Container/BoundMethod.php(35): Illuminate/Container/BoundMethod::callBoundMethod(Object(Illuminate/Foundation/Application), Array, Object(Closure))
#24 C:/!Telkom/Semester 6/Proyek Perangkat Lunak/SI4705-KELA-main/greennovate/vendor/laravel/framework/src/Illuminate/Container/Container.php(799): Illuminate/Container/BoundMethod::call(Object(Illuminate/Foundation/Application), Array, Array, NULL)
#25 C:/!Telkom/Semester 6/Proyek Perangkat Lunak/SI4705-KELA-main/greennovate/vendor/laravel/framework/src/Illuminate/Console/Command.php(211): Illuminate/Container/Container->call(Array)
#26 C:/!Telkom/Semester 6/Proyek Perangkat Lunak/SI4705-KELA-main/greennovate/vendor/symfony/console/Command/Command.php(341): Illuminate/Console/Command->execute(Object(Symfony/Component/Console/Input/ArgvInput), Object(Illuminate/Console/OutputStyle))
#27 C:/!Telkom/Semester 6/Proyek Perangkat Lunak/SI4705-KELA-main/greennovate/vendor/laravel/framework/src/Illuminate/Console/Command.php(180): Symfony/Component/Console/Command/Command->run(Object(Symfony/Component/Console/Input/ArgvInput), Object(Illuminate/Console/OutputStyle))
#28 C:/!Telkom/Semester 6/Proyek Perangkat Lunak/SI4705-KELA-main/greennovate/vendor/symfony/console/Application.php(1117): Illuminate/Console/Command->run(Object(Symfony/Component/Console/Input/ArgvInput), Object(Symfony/Component/Console/Output/ConsoleOutput))
#29 C:/!Telkom/Semester 6/Proyek Perangkat Lunak/SI4705-KELA-main/greennovate/vendor/symfony/console/Application.php(356): Symfony/Component/Console/Application->doRunCommand(Object(Illuminate/Database/Console/Migrations/MigrateCommand), Object(Symfony/Component/Console/Input/ArgvInput), Object(Symfony/Component/Console/Output/ConsoleOutput))
#30 C:/!Telkom/Semester 6/Proyek Perangkat Lunak/SI4705-KELA-main/greennovate/vendor/symfony/console/Application.php(195): Symfony/Component/Console/Application->doRun(Object(Symfony/Component/Console/Input/ArgvInput), Object(Symfony/Component/Console/Output/ConsoleOutput))
#31 C:/!Telkom/Semester 6/Proyek Perangkat Lunak/SI4705-KELA-main/greennovate/vendor/laravel/framework/src/Illuminate/Foundation/Console/Kernel.php(198): Symfony/Component/Console/Application->run(Object(Symfony/Component/Console/Input/ArgvInput), Object(Symfony/Component/Console/Output/ConsoleOutput))
#32 C:/!Telkom/Semester 6/Proyek Perangkat Lunak/SI4705-KELA-main/greennovate/vendor/laravel/framework/src/Illuminate/Foundation/Application.php(1235): Illuminate/Foundation/Console/Kernel->handle(Object(Symfony/Component/Console/Input/ArgvInput), Object(Symfony/Component/Console/Output/ConsoleOutput))
#33 C:/!Telkom/Semester 6/Proyek Perangkat Lunak/SI4705-KELA-main/greennovate/artisan(16): Illuminate/Foundation/Application->handleCommand(Object(Symfony/Component/Console/Input/ArgvInput))
#34 {main}

[previous exception] [object] (PDOException(code: HY000): SQLSTATE[HY000]: General error: 1 table \"kegiatan\" already exists at C:/!Telkom/Semester 6/Proyek Perangkat Lunak/SI4705-KELA-main/greennovate/vendor/laravel/framework/src/Illuminate/Database/Connection.php:578)
[stacktrace]
#0 C:/!Telkom/Semester 6/Proyek Perangkat Lunak/SI4705-KELA-main/greennovate/vendor/laravel/framework/src/Illuminate/Database/Connection.php(578): PDO->prepare('create table \"k...')
#1 C:/!Telkom/Semester 6/Proyek Perangkat Lunak/SI4705-KELA-main/greennovate/vendor/laravel/framework/src/Illuminate/Database/Connection.php(827): Illuminate/Database/Connection->Illuminate/Database/{closure}('create table \"k...', Array)
#2 C:/!Telkom/Semester 6/Proyek Perangkat Lunak/SI4705-KELA-main/greennovate/vendor/laravel/framework/src/Illuminate/Database/Connection.php(794): Illuminate/Database/Connection->runQueryCallback('create table \"k...', Array, Object(Closure))
#3 C:/!Telkom/Semester 6/Proyek Perangkat Lunak/SI4705-KELA-main/greennovate/vendor/laravel/framework/src/Illuminate/Database/Connection.php(573): Illuminate/Database/Connection->run('create table \"k...', Array, Object(Closure))
#4 C:/!Telkom/Semester 6/Proyek Perangkat Lunak/SI4705-KELA-main/greennovate/vendor/laravel/framework/src/Illuminate/Database/Schema/Blueprint.php(121): Illuminate/Database/Connection->statement('create table \"k...')
#5 C:/!Telkom/Semester 6/Proyek Perangkat Lunak/SI4705-KELA-main/greennovate/vendor/laravel/framework/src/Illuminate/Database/Schema/Builder.php(686): Illuminate/Database/Schema/Blueprint->build()
#6 C:/!Telkom/Semester 6/Proyek Perangkat Lunak/SI4705-KELA-main/greennovate/vendor/laravel/framework/src/Illuminate/Database/Schema/Builder.php(506): Illuminate/Database/Schema/Builder->build(Object(Illuminate/Database/Schema/Blueprint))
#7 C:/!Telkom/Semester 6/Proyek Perangkat Lunak/SI4705-KELA-main/greennovate/vendor/laravel/framework/src/Illuminate/Support/Facades/Facade.php(363): Illuminate/Database/Schema/Builder->create('kegiatan', Object(Closure))
#8 C:/!Telkom/Semester 6/Proyek Perangkat Lunak/SI4705-KELA-main/greennovate/database/migrations/2026_05_01_082725_create_kegiatans_table.php(14): Illuminate/Support/Facades/Facade::__callStatic('create', Array)
#9 C:/!Telkom/Semester 6/Proyek Perangkat Lunak/SI4705-KELA-main/greennovate/vendor/laravel/framework/src/Illuminate/Database/Migrations/Migrator.php(517): Illuminate/Database/Migrations/Migration@anonymous->up()
#10 C:/!Telkom/Semester 6/Proyek Perangkat Lunak/SI4705-KELA-main/greennovate/vendor/laravel/framework/src/Illuminate/Database/Migrations/Migrator.php(442): Illuminate/Database/Migrations/Migrator->runMethod(Object(Illuminate/Database/SQLiteConnection), Object(Illuminate/Database/Migrations/Migration@anonymous), 'up')
#11 C:/!Telkom/Semester 6/Proyek Perangkat Lunak/SI4705-KELA-main/greennovate/vendor/laravel/framework/src/Illuminate/Database/Migrations/Migrator.php(451): Illuminate/Database/Migrations/Migrator->Illuminate/Database/Migrations/{closure}()
#12 C:/!Telkom/Semester 6/Proyek Perangkat Lunak/SI4705-KELA-main/greennovate/vendor/laravel/framework/src/Illuminate/Database/Migrations/Migrator.php(253): Illuminate/Database/Migrations/Migrator->runMigration(Object(Illuminate/Database/Migrations/Migration@anonymous), 'up')
#13 C:/!Telkom/Semester 6/Proyek Perangkat Lunak/SI4705-KELA-main/greennovate/vendor/laravel/framework/src/Illuminate/Console/View/Components/Task.php(41): Illuminate/Database/Migrations/Migrator->Illuminate/Database/Migrations/{closure}()
#14 C:/!Telkom/Semester 6/Proyek Perangkat Lunak/SI4705-KELA-main/greennovate/vendor/laravel/framework/src/Illuminate/Database/Migrations/Migrator.php(814): Illuminate/Console/View/Components/Task->render('2026_05_01_0827...', Object(Closure))
#15 C:/!Telkom/Semester 6/Proyek Perangkat Lunak/SI4705-KELA-main/greennovate/vendor/laravel/framework/src/Illuminate/Database/Migrations/Migrator.php(253): Illuminate/Database/Migrations/Migrator->write('Illuminate//Cons...', '2026_05_01_0827...', Object(Closure))
#16 C:/!Telkom/Semester 6/Proyek Perangkat Lunak/SI4705-KELA-main/greennovate/vendor/laravel/framework/src/Illuminate/Database/Migrations/Migrator.php(211): Illuminate/Database/Migrations/Migrator->runUp('C://!Telkom//Seme...', 2, false)
#17 C:/!Telkom/Semester 6/Proyek Perangkat Lunak/SI4705-KELA-main/greennovate/vendor/laravel/framework/src/Illuminate/Database/Migrations/Migrator.php(138): Illuminate/Database/Migrations/Migrator->runPending(Array, Array)
#18 C:/!Telkom/Semester 6/Proyek Perangkat Lunak/SI4705-KELA-main/greennovate/vendor/laravel/framework/src/Illuminate/Database/Console/Migrations/MigrateCommand.php(116): Illuminate/Database/Migrations/Migrator->run(Array, Array)
#19 C:/!Telkom/Semester 6/Proyek Perangkat Lunak/SI4705-KELA-main/greennovate/vendor/laravel/framework/src/Illuminate/Database/Migrations/Migrator.php(671): Illuminate/Database/Console/Migrations/MigrateCommand->Illuminate/Database/Console/Migrations/{closure}()
#20 C:/!Telkom/Semester 6/Proyek Perangkat Lunak/SI4705-KELA-main/greennovate/vendor/laravel/framework/src/Illuminate/Database/Console/Migrations/MigrateCommand.php(109): Illuminate/Database/Migrations/Migrator->usingConnection(NULL, Object(Closure))
#21 C:/!Telkom/Semester 6/Proyek Perangkat Lunak/SI4705-KELA-main/greennovate/vendor/laravel/framework/src/Illuminate/Database/Console/Migrations/MigrateCommand.php(88): Illuminate/Database/Console/Migrations/MigrateCommand->runMigrations()
#22 C:/!Telkom/Semester 6/Proyek Perangkat Lunak/SI4705-KELA-main/greennovate/vendor/laravel/framework/src/Illuminate/Container/BoundMethod.php(36): Illuminate/Database/Console/Migrations/MigrateCommand->handle()
#23 C:/!Telkom/Semester 6/Proyek Perangkat Lunak/SI4705-KELA-main/greennovate/vendor/laravel/framework/src/Illuminate/Container/Util.php(43): Illuminate/Container/BoundMethod::Illuminate/Container/{closure}()
#24 C:/!Telkom/Semester 6/Proyek Perangkat Lunak/SI4705-KELA-main/greennovate/vendor/laravel/framework/src/Illuminate/Container/BoundMethod.php(96): Illuminate/Container/Util::unwrapIfClosure(Object(Closure))
#25 C:/!Telkom/Semester 6/Proyek Perangkat Lunak/SI4705-KELA-main/greennovate/vendor/laravel/framework/src/Illuminate/Container/BoundMethod.php(35): Illuminate/Container/BoundMethod::callBoundMethod(Object(Illuminate/Foundation/Application), Array, Object(Closure))
#26 C:/!Telkom/Semester 6/Proyek Perangkat Lunak/SI4705-KELA-main/greennovate/vendor/laravel/framework/src/Illuminate/Container/Container.php(799): Illuminate/Container/BoundMethod::call(Object(Illuminate/Foundation/Application), Array, Array, NULL)
#27 C:/!Telkom/Semester 6/Proyek Perangkat Lunak/SI4705-KELA-main/greennovate/vendor/laravel/framework/src/Illuminate/Console/Command.php(211): Illuminate/Container/Container->call(Array)
#28 C:/!Telkom/Semester 6/Proyek Perangkat Lunak/SI4705-KELA-main/greennovate/vendor/symfony/console/Command/Command.php(341): Illuminate/Console/Command->execute(Object(Symfony/Component/Console/Input/ArgvInput), Object(Illuminate/Console/OutputStyle))
#29 C:/!Telkom/Semester 6/Proyek Perangkat Lunak/SI4705-KELA-main/greennovate/vendor/laravel/framework/src/Illuminate/Console/Command.php(180): Symfony/Component/Console/Command/Command->run(Object(Symfony/Component/Console/Input/ArgvInput), Object(Illuminate/Console/OutputStyle))
#30 C:/!Telkom/Semester 6/Proyek Perangkat Lunak/SI4705-KELA-main/greennovate/vendor/symfony/console/Application.php(1117): Illuminate/Console/Command->run(Object(Symfony/Component/Console/Input/ArgvInput), Object(Symfony/Component/Console/Output/ConsoleOutput))
#31 C:/!Telkom/Semester 6/Proyek Perangkat Lunak/SI4705-KELA-main/greennovate/vendor/symfony/console/Application.php(356): Symfony/Component/Console/Application->doRunCommand(Object(Illuminate/Database/Console/Migrations/MigrateCommand), Object(Symfony/Component/Console/Input/ArgvInput), Object(Symfony/Component/Console/Output/ConsoleOutput))
#32 C:/!Telkom/Semester 6/Proyek Perangkat Lunak/SI4705-KELA-main/greennovate/vendor/symfony/console/Application.php(195): Symfony/Component/Console/Application->doRun(Object(Symfony/Component/Console/Input/ArgvInput), Object(Symfony/Component/Console/Output/ConsoleOutput))
#33 C:/!Telkom/Semester 6/Proyek Perangkat Lunak/SI4705-KELA-main/greennovate/vendor/laravel/framework/src/Illuminate/Foundation/Console/Kernel.php(198): Symfony/Component/Console/Application->run(Object(Symfony/Component/Console/Input/ArgvInput), Object(Symfony/Component/Console/Output/ConsoleOutput))
#34 C:/!Telkom/Semester 6/Proyek Perangkat Lunak/SI4705-KELA-main/greennovate/vendor/laravel/framework/src/Illuminate/Foundation/Application.php(1235): Illuminate/Foundation/Console/Kernel->handle(Object(Symfony/Component/Console/Input/ArgvInput), Object(Symfony/Component/Console/Output/ConsoleOutput))
#35 C:/!Telkom/Semester 6/Proyek Perangkat Lunak/SI4705-KELA-main/greennovate/artisan(16): Illuminate/Foundation/Application->handleCommand(Object(Symfony/Component/Console/Input/ArgvInput))
#36 {main}
"} 
[2026-05-04 13:26:49] local.ERROR: Undefined variable $lokasiList (View: C:\!Telkom\Semester 6\Proyek Perangkat Lunak\SI4705-KELA-main\greennovate\resources\views\Kegiatan\Index.blade.php) {"exception":"[object] (Illuminate\\View\\ViewException(code: 0): Undefined variable $lokasiList (View: C:\\!Telkom\\Semester 6\\Proyek Perangkat Lunak\\SI4705-KELA-main\\greennovate\\resources\\views\\Kegiatan\\Index.blade.php) at C:/!Telkom/Semester 6/Proyek Perangkat Lunak/SI4705-KELA-main/greennovate/storage/framework/views/bb019435fe3389012f52d72f6186eac3.php:44)
[stacktrace]
#0 C:/!Telkom/Semester 6/Proyek Perangkat Lunak/SI4705-KELA-main/greennovate/vendor/laravel/framework/src/Illuminate/View/Engines/PhpEngine.php(59): Illuminate/View/Engines/CompilerEngine->handleViewException(Object(ErrorException), 1)
#1 C:/!Telkom/Semester 6/Proyek Perangkat Lunak/SI4705-KELA-main/greennovate/vendor/laravel/framework/src/Illuminate/View/Engines/CompilerEngine.php(76): Illuminate/View/Engines/PhpEngine->evaluatePath('C://!Telkom//Seme...', Array)
#2 C:/!Telkom/Semester 6/Proyek Perangkat Lunak/SI4705-KELA-main/greennovate/vendor/laravel/framework/src/Illuminate/View/View.php(208): Illuminate/View/Engines/CompilerEngine->get('C://!Telkom//Seme...', Array)
#3 C:/!Telkom/Semester 6/Proyek Perangkat Lunak/SI4705-KELA-main/greennovate/vendor/laravel/framework/src/Illuminate/View/View.php(191): Illuminate/View/View->getContents()
#4 C:/!Telkom/Semester 6/Proyek Perangkat Lunak/SI4705-KELA-main/greennovate/vendor/laravel/framework/src/Illuminate/View/View.php(160): Illuminate/View/View->renderContents()
#5 C:/!Telkom/Semester 6/Proyek Perangkat Lunak/SI4705-KELA-main/greennovate/vendor/laravel/framework/src/Illuminate/Http/Response.php(78): Illuminate/View/View->render()
#6 C:/!Telkom/Semester 6/Proyek Perangkat Lunak/SI4705-KELA-main/greennovate/vendor/laravel/framework/src/Illuminate/Http/Response.php(34): Illuminate/Http/Response->setContent(Object(Illuminate/View/View))
#7 C:/!Telkom/Semester 6/Proyek Perangkat Lunak/SI4705-KELA-main/greennovate/vendor/laravel/framework/src/Illuminate/Routing/Router.php(939): Illuminate/Http/Response->__construct(Object(Illuminate/View/View), 200, Array)
#8 C:/!Telkom/Semester 6/Proyek Perangkat Lunak/SI4705-KELA-main/greennovate/vendor/laravel/framework/src/Illuminate/Routing/Router.php(906): Illuminate/Routing/Router::toResponse(Object(Illuminate/Http/Request), Object(Illuminate/View/View))
#9 C:/!Telkom/Semester 6/Proyek Perangkat Lunak/SI4705-KELA-main/greennovate/vendor/laravel/framework/src/Illuminate/Routing/Router.php(821): Illuminate/Routing/Router->prepareResponse(Object(Illuminate/Http/Request), Object(Illuminate/View/View))
#10 C:/!Telkom/Semester 6/Proyek Perangkat Lunak/SI4705-KELA-main/greennovate/vendor/laravel/framework/src/Illuminate/Pipeline/Pipeline.php(180): Illuminate/Routing/Router->Illuminate/Routing/{closure}(Object(Illuminate/Http/Request))
#11 C:/!Telkom/Semester 6/Proyek Perangkat Lunak/SI4705-KELA-main/greennovate/app/Http/Middleware/SetLocale.php(39): Illuminate/Pipeline/Pipeline->Illuminate/Pipeline/{closure}(Object(Illuminate/Http/Request))
#12 C:/!Telkom/Semester 6/Proyek Perangkat Lunak/SI4705-KELA-main/greennovate/vendor/laravel/framework/src/Illuminate/Pipeline/Pipeline.php(219): App/Http/Middleware/SetLocale->handle(Object(Illuminate/Http/Request), Object(Closure))
#13 C:/!Telkom/Semester 6/Proyek Perangkat Lunak/SI4705-KELA-main/greennovate/vendor/laravel/framework/src/Illuminate/Routing/Middleware/SubstituteBindings.php(50): Illuminate/Pipeline/Pipeline->Illuminate/Pipeline/{closure}(Object(Illuminate/Http/Request))
#14 C:/!Telkom/Semester 6/Proyek Perangkat Lunak/SI4705-KELA-main/greennovate/vendor/laravel/framework/src/Illuminate/Pipeline/Pipeline.php(219): Illuminate/Routing/Middleware/SubstituteBindings->handle(Object(Illuminate/Http/Request), Object(Closure))
#15 C:/!Telkom/Semester 6/Proyek Perangkat Lunak/SI4705-KELA-main/greennovate/vendor/laravel/framework/src/Illuminate/Foundation/Http/Middleware/VerifyCsrfToken.php(87): Illuminate/Pipeline/Pipeline->Illuminate/Pipeline/{closure}(Object(Illuminate/Http/Request))
#16 C:/!Telkom/Semester 6/Proyek Perangkat Lunak/SI4705-KELA-main/greennovate/vendor/laravel/framework/src/Illuminate/Pipeline/Pipeline.php(219): Illuminate/Foundation/Http/Middleware/VerifyCsrfToken->handle(Object(Illuminate/Http/Request), Object(Closure))
#17 C:/!Telkom/Semester 6/Proyek Perangkat Lunak/SI4705-KELA-main/greennovate/vendor/laravel/framework/src/Illuminate/View/Middleware/ShareErrorsFromSession.php(48): Illuminate/Pipeline/Pipeline->Illuminate/Pipeline/{closure}(Object(Illuminate/Http/Request))
#18 C:/!Telkom/Semester 6/Proyek Perangkat Lunak/SI4705-KELA-main/greennovate/vendor/laravel/framework/src/Illuminate/Pipeline/Pipeline.php(219): Illuminate/View/Middleware/ShareErrorsFromSession->handle(Object(Illuminate/Http/Request), Object(Closure))
#19 C:/!Telkom/Semester 6/Proyek Perangkat Lunak/SI4705-KELA-main/greennovate/vendor/laravel/framework/src/Illuminate/Session/Middleware/StartSession.php(120): Illuminate/Pipeline/Pipeline->Illuminate/Pipeline/{closure}(Object(Illuminate/Http/Request))
#20 C:/!Telkom/Semester 6/Proyek Perangkat Lunak/SI4705-KELA-main/greennovate/vendor/laravel/framework/src/Illuminate/Session/Middleware/StartSession.php(63): Illuminate/Session/Middleware/StartSession->handleStatefulRequest(Object(Illuminate/Http/Request), Object(Illuminate/Session/Store), Object(Closure))
#21 C:/!Telkom/Semester 6/Proyek Perangkat Lunak/SI4705-KELA-main/greennovate/vendor/laravel/framework/src/Illuminate/Pipeline/Pipeline.php(219): Illuminate/Session/Middleware/StartSession->handle(Object(Illuminate/Http/Request), Object(Closure))
#22 C:/!Telkom/Semester 6/Proyek Perangkat Lunak/SI4705-KELA-main/greennovate/vendor/laravel/framework/src/Illuminate/Cookie/Middleware/AddQueuedCookiesToResponse.php(36): Illuminate/Pipeline/Pipeline->Illuminate/Pipeline/{closure}(Object(Illuminate/Http/Request))
#23 C:/!Telkom/Semester 6/Proyek Perangkat Lunak/SI4705-KELA-main/greennovate/vendor/laravel/framework/src/Illuminate/Pipeline/Pipeline.php(219): Illuminate/Cookie/Middleware/AddQueuedCookiesToResponse->handle(Object(Illuminate/Http/Request), Object(Closure))
#24 C:/!Telkom/Semester 6/Proyek Perangkat Lunak/SI4705-KELA-main/greennovate/vendor/laravel/framework/src/Illuminate/Cookie/Middleware/EncryptCookies.php(74): Illuminate/Pipeline/Pipeline->Illuminate/Pipeline/{closure}(Object(Illuminate/Http/Request))
#25 C:/!Telkom/Semester 6/Proyek Perangkat Lunak/SI4705-KELA-main/greennovate/vendor/laravel/framework/src/Illuminate/Pipeline/Pipeline.php(219): Illuminate/Cookie/Middleware/EncryptCookies->handle(Object(Illuminate/Http/Request), Object(Closure))
#26 C:/!Telkom/Semester 6/Proyek Perangkat Lunak/SI4705-KELA-main/greennovate/vendor/laravel/framework/src/Illuminate/Pipeline/Pipeline.php(137): Illuminate/Pipeline/Pipeline->Illuminate/Pipeline/{closure}(Object(Illuminate/Http/Request))
#27 C:/!Telkom/Semester 6/Proyek Perangkat Lunak/SI4705-KELA-main/greennovate/vendor/laravel/framework/src/Illuminate/Routing/Router.php(821): Illuminate/Pipeline/Pipeline->then(Object(Closure))
#28 C:/!Telkom/Semester 6/Proyek Perangkat Lunak/SI4705-KELA-main/greennovate/vendor/laravel/framework/src/Illuminate/Routing/Router.php(800): Illuminate/Routing/Router->runRouteWithinStack(Object(Illuminate/Routing/Route), Object(Illuminate/Http/Request))
#29 C:/!Telkom/Semester 6/Proyek Perangkat Lunak/SI4705-KELA-main/greennovate/vendor/laravel/framework/src/Illuminate/Routing/Router.php(764): Illuminate/Routing/Router->runRoute(Object(Illuminate/Http/Request), Object(Illuminate/Routing/Route))
#30 C:/!Telkom/Semester 6/Proyek Perangkat Lunak/SI4705-KELA-main/greennovate/vendor/laravel/framework/src/Illuminate/Routing/Router.php(753): Illuminate/Routing/Router->dispatchToRoute(Object(Illuminate/Http/Request))
#31 C:/!Telkom/Semester 6/Proyek Perangkat Lunak/SI4705-KELA-main/greennovate/vendor/laravel/framework/src/Illuminate/Foundation/Http/Kernel.php(200): Illuminate/Routing/Router->dispatch(Object(Illuminate/Http/Request))
#32 C:/!Telkom/Semester 6/Proyek Perangkat Lunak/SI4705-KELA-main/greennovate/vendor/laravel/framework/src/Illuminate/Pipeline/Pipeline.php(180): Illuminate/Foundation/Http/Kernel->Illuminate/Foundation/Http/{closure}(Object(Illuminate/Http/Request))
#33 C:/!Telkom/Semester 6/Proyek Perangkat Lunak/SI4705-KELA-main/greennovate/vendor/laravel/framework/src/Illuminate/Foundation/Http/Middleware/TransformsRequest.php(21): Illuminate/Pipeline/Pipeline->Illuminate/Pipeline/{closure}(Object(Illuminate/Http/Request))
#34 C:/!Telkom/Semester 6/Proyek Perangkat Lunak/SI4705-KELA-main/greennovate/vendor/laravel/framework/src/Illuminate/Foundation/Http/Middleware/ConvertEmptyStringsToNull.php(31): Illuminate/Foundation/Http/Middleware/TransformsRequest->handle(Object(Illuminate/Http/Request), Object(Closure))
#35 C:/!Telkom/Semester 6/Proyek Perangkat Lunak/SI4705-KELA-main/greennovate/vendor/laravel/framework/src/Illuminate/Pipeline/Pipeline.php(219): Illuminate/Foundation/Http/Middleware/ConvertEmptyStringsToNull->handle(Object(Illuminate/Http/Request), Object(Closure))
#36 C:/!Telkom/Semester 6/Proyek Perangkat Lunak/SI4705-KELA-main/greennovate/vendor/laravel/framework/src/Illuminate/Foundation/Http/Middleware/TransformsRequest.php(21): Illuminate/Pipeline/Pipeline->Illuminate/Pipeline/{closure}(Object(Illuminate/Http/Request))
#37 C:/!Telkom/Semester 6/Proyek Perangkat Lunak/SI4705-KELA-main/greennovate/vendor/laravel/framework/src/Illuminate/Foundation/Http/Middleware/TrimStrings.php(51): Illuminate/Foundation/Http/Middleware/TransformsRequest->handle(Object(Illuminate/Http/Request), Object(Closure))
#38 C:/!Telkom/Semester 6/Proyek Perangkat Lunak/SI4705-KELA-main/greennovate/vendor/laravel/framework/src/Illuminate/Pipeline/Pipeline.php(219): Illuminate/Foundation/Http/Middleware/TrimStrings->handle(Object(Illuminate/Http/Request), Object(Closure))
#39 C:/!Telkom/Semester 6/Proyek Perangkat Lunak/SI4705-KELA-main/greennovate/vendor/laravel/framework/src/Illuminate/Http/Middleware/ValidatePostSize.php(27): Illuminate/Pipeline/Pipeline->Illuminate/Pipeline/{closure}(Object(Illuminate/Http/Request))
#40 C:/!Telkom/Semester 6/Proyek Perangkat Lunak/SI4705-KELA-main/greennovate/vendor/laravel/framework/src/Illuminate/Pipeline/Pipeline.php(219): Illuminate/Http/Middleware/ValidatePostSize->handle(Object(Illuminate/Http/Request), Object(Closure))
#41 C:/!Telkom/Semester 6/Proyek Perangkat Lunak/SI4705-KELA-main/greennovate/vendor/laravel/framework/src/Illuminate/Foundation/Http/Middleware/PreventRequestsDuringMaintenance.php(109): Illuminate/Pipeline/Pipeline->Illuminate/Pipeline/{closure}(Object(Illuminate/Http/Request))
#42 C:/!Telkom/Semester 6/Proyek Perangkat Lunak/SI4705-KELA-main/greennovate/vendor/laravel/framework/src/Illuminate/Pipeline/Pipeline.php(219): Illuminate/Foundation/Http/Middleware/PreventRequestsDuringMaintenance->handle(Object(Illuminate/Http/Request), Object(Closure))
#43 C:/!Telkom/Semester 6/Proyek Perangkat Lunak/SI4705-KELA-main/greennovate/vendor/laravel/framework/src/Illuminate/Http/Middleware/HandleCors.php(61): Illuminate/Pipeline/Pipeline->Illuminate/Pipeline/{closure}(Object(Illuminate/Http/Request))
#44 C:/!Telkom/Semester 6/Proyek Perangkat Lunak/SI4705-KELA-main/greennovate/vendor/laravel/framework/src/Illuminate/Pipeline/Pipeline.php(219): Illuminate/Http/Middleware/HandleCors->handle(Object(Illuminate/Http/Request), Object(Closure))
#45 C:/!Telkom/Semester 6/Proyek Perangkat Lunak/SI4705-KELA-main/greennovate/vendor/laravel/framework/src/Illuminate/Http/Middleware/TrustProxies.php(58): Illuminate/Pipeline/Pipeline->Illuminate/Pipeline/{closure}(Object(Illuminate/Http/Request))
#46 C:/!Telkom/Semester 6/Proyek Perangkat Lunak/SI4705-KELA-main/greennovate/vendor/laravel/framework/src/Illuminate/Pipeline/Pipeline.php(219): Illuminate/Http/Middleware/TrustProxies->handle(Object(Illuminate/Http/Request), Object(Closure))
#47 C:/!Telkom/Semester 6/Proyek Perangkat Lunak/SI4705-KELA-main/greennovate/vendor/laravel/framework/src/Illuminate/Foundation/Http/Middleware/InvokeDeferredCallbacks.php(22): Illuminate/Pipeline/Pipeline->Illuminate/Pipeline/{closure}(Object(Illuminate/Http/Request))
#48 C:/!Telkom/Semester 6/Proyek Perangkat Lunak/SI4705-KELA-main/greennovate/vendor/laravel/framework/src/Illuminate/Pipeline/Pipeline.php(219): Illuminate/Foundation/Http/Middleware/InvokeDeferredCallbacks->handle(Object(Illuminate/Http/Request), Object(Closure))
#49 C:/!Telkom/Semester 6/Proyek Perangkat Lunak/SI4705-KELA-main/greennovate/vendor/laravel/framework/src/Illuminate/Http/Middleware/ValidatePathEncoding.php(26): Illuminate/Pipeline/Pipeline->Illuminate/Pipeline/{closure}(Object(Illuminate/Http/Request))
#50 C:/!Telkom/Semester 6/Proyek Perangkat Lunak/SI4705-KELA-main/greennovate/vendor/laravel/framework/src/Illuminate/Pipeline/Pipeline.php(219): Illuminate/Http/Middleware/ValidatePathEncoding->handle(Object(Illuminate/Http/Request), Object(Closure))
#51 C:/!Telkom/Semester 6/Proyek Perangkat Lunak/SI4705-KELA-main/greennovate/vendor/laravel/framework/src/Illuminate/Pipeline/Pipeline.php(137): Illuminate/Pipeline/Pipeline->Illuminate/Pipeline/{closure}(Object(Illuminate/Http/Request))
#52 C:/!Telkom/Semester 6/Proyek Perangkat Lunak/SI4705-KELA-main/greennovate/vendor/laravel/framework/src/Illuminate/Foundation/Http/Kernel.php(175): Illuminate/Pipeline/Pipeline->then(Object(Closure))
#53 C:/!Telkom/Semester 6/Proyek Perangkat Lunak/SI4705-KELA-main/greennovate/vendor/laravel/framework/src/Illuminate/Foundation/Http/Kernel.php(144): Illuminate/Foundation/Http/Kernel->sendRequestThroughRouter(Object(Illuminate/Http/Request))
#54 C:/!Telkom/Semester 6/Proyek Perangkat Lunak/SI4705-KELA-main/greennovate/vendor/laravel/framework/src/Illuminate/Foundation/Application.php(1220): Illuminate/Foundation/Http/Kernel->handle(Object(Illuminate/Http/Request))
#55 C:/!Telkom/Semester 6/Proyek Perangkat Lunak/SI4705-KELA-main/greennovate/public/index.php(20): Illuminate/Foundation/Application->handleRequest(Object(Illuminate/Http/Request))
#56 C:/!Telkom/Semester 6/Proyek Perangkat Lunak/SI4705-KELA-main/greennovate/vendor/laravel/framework/src/Illuminate/Foundation/resources/server.php(23): require_once('C://!Telkom//Seme...')
#57 {main}

[previous exception] [object] (ErrorException(code: 0): Undefined variable $lokasiList at C:/!Telkom/Semester 6/Proyek Perangkat Lunak/SI4705-KELA-main/greennovate/storage/framework/views/bb019435fe3389012f52d72f6186eac3.php:44)
[stacktrace]
#0 C:/!Telkom/Semester 6/Proyek Perangkat Lunak/SI4705-KELA-main/greennovate/vendor/laravel/framework/src/Illuminate/Foundation/Bootstrap/HandleExceptions.php(258): Illuminate/Foundation/Bootstrap/HandleExceptions->handleError(2, 'Undefined varia...', 'C://!Telkom//Seme...', 44)
#1 C:/!Telkom/Semester 6/Proyek Perangkat Lunak/SI4705-KELA-main/greennovate/storage/framework/views/bb019435fe3389012f52d72f6186eac3.php(44): Illuminate/Foundation/Bootstrap/HandleExceptions->Illuminate/Foundation/Bootstrap/{closure}(2, 'Undefined varia...', 'C://!Telkom//Seme...', 44)
#2 C:/!Telkom/Semester 6/Proyek Perangkat Lunak/SI4705-KELA-main/greennovate/vendor/laravel/framework/src/Illuminate/Filesystem/Filesystem.php(123): require('C://!Telkom//Seme...')
#3 C:/!Telkom/Semester 6/Proyek Perangkat Lunak/SI4705-KELA-main/greennovate/vendor/laravel/framework/src/Illuminate/Filesystem/Filesystem.php(124): Illuminate/Filesystem/Filesystem::Illuminate/Filesystem/{closure}()
#4 C:/!Telkom/Semester 6/Proyek Perangkat Lunak/SI4705-KELA-main/greennovate/vendor/laravel/framework/src/Illuminate/View/Engines/PhpEngine.php(57): Illuminate/Filesystem/Filesystem->getRequire('C://!Telkom//Seme...', Array)
#5 C:/!Telkom/Semester 6/Proyek Perangkat Lunak/SI4705-KELA-main/greennovate/vendor/laravel/framework/src/Illuminate/View/Engines/CompilerEngine.php(76): Illuminate/View/Engines/PhpEngine->evaluatePath('C://!Telkom//Seme...', Array)
#6 C:/!Telkom/Semester 6/Proyek Perangkat Lunak/SI4705-KELA-main/greennovate/vendor/laravel/framework/src/Illuminate/View/View.php(208): Illuminate/View/Engines/CompilerEngine->get('C://!Telkom//Seme...', Array)
#7 C:/!Telkom/Semester 6/Proyek Perangkat Lunak/SI4705-KELA-main/greennovate/vendor/laravel/framework/src/Illuminate/View/View.php(191): Illuminate/View/View->getContents()
#8 C:/!Telkom/Semester 6/Proyek Perangkat Lunak/SI4705-KELA-main/greennovate/vendor/laravel/framework/src/Illuminate/View/View.php(160): Illuminate/View/View->renderContents()
#9 C:/!Telkom/Semester 6/Proyek Perangkat Lunak/SI4705-KELA-main/greennovate/vendor/laravel/framework/src/Illuminate/Http/Response.php(78): Illuminate/View/View->render()
#10 C:/!Telkom/Semester 6/Proyek Perangkat Lunak/SI4705-KELA-main/greennovate/vendor/laravel/framework/src/Illuminate/Http/Response.php(34): Illuminate/Http/Response->setContent(Object(Illuminate/View/View))
#11 C:/!Telkom/Semester 6/Proyek Perangkat Lunak/SI4705-KELA-main/greennovate/vendor/laravel/framework/src/Illuminate/Routing/Router.php(939): Illuminate/Http/Response->__construct(Object(Illuminate/View/View), 200, Array)
#12 C:/!Telkom/Semester 6/Proyek Perangkat Lunak/SI4705-KELA-main/greennovate/vendor/laravel/framework/src/Illuminate/Routing/Router.php(906): Illuminate/Routing/Router::toResponse(Object(Illuminate/Http/Request), Object(Illuminate/View/View))
#13 C:/!Telkom/Semester 6/Proyek Perangkat Lunak/SI4705-KELA-main/greennovate/vendor/laravel/framework/src/Illuminate/Routing/Router.php(821): Illuminate/Routing/Router->prepareResponse(Object(Illuminate/Http/Request), Object(Illuminate/View/View))
#14 C:/!Telkom/Semester 6/Proyek Perangkat Lunak/SI4705-KELA-main/greennovate/vendor/laravel/framework/src/Illuminate/Pipeline/Pipeline.php(180): Illuminate/Routing/Router->Illuminate/Routing/{closure}(Object(Illuminate/Http/Request))
#15 C:/!Telkom/Semester 6/Proyek Perangkat Lunak/SI4705-KELA-main/greennovate/app/Http/Middleware/SetLocale.php(39): Illuminate/Pipeline/Pipeline->Illuminate/Pipeline/{closure}(Object(Illuminate/Http/Request))
#16 C:/!Telkom/Semester 6/Proyek Perangkat Lunak/SI4705-KELA-main/greennovate/vendor/laravel/framework/src/Illuminate/Pipeline/Pipeline.php(219): App/Http/Middleware/SetLocale->handle(Object(Illuminate/Http/Request), Object(Closure))
#17 C:/!Telkom/Semester 6/Proyek Perangkat Lunak/SI4705-KELA-main/greennovate/vendor/laravel/framework/src/Illuminate/Routing/Middleware/SubstituteBindings.php(50): Illuminate/Pipeline/Pipeline->Illuminate/Pipeline/{closure}(Object(Illuminate/Http/Request))
#18 C:/!Telkom/Semester 6/Proyek Perangkat Lunak/SI4705-KELA-main/greennovate/vendor/laravel/framework/src/Illuminate/Pipeline/Pipeline.php(219): Illuminate/Routing/Middleware/SubstituteBindings->handle(Object(Illuminate/Http/Request), Object(Closure))
#19 C:/!Telkom/Semester 6/Proyek Perangkat Lunak/SI4705-KELA-main/greennovate/vendor/laravel/framework/src/Illuminate/Foundation/Http/Middleware/VerifyCsrfToken.php(87): Illuminate/Pipeline/Pipeline->Illuminate/Pipeline/{closure}(Object(Illuminate/Http/Request))
#20 C:/!Telkom/Semester 6/Proyek Perangkat Lunak/SI4705-KELA-main/greennovate/vendor/laravel/framework/src/Illuminate/Pipeline/Pipeline.php(219): Illuminate/Foundation/Http/Middleware/VerifyCsrfToken->handle(Object(Illuminate/Http/Request), Object(Closure))
#21 C:/!Telkom/Semester 6/Proyek Perangkat Lunak/SI4705-KELA-main/greennovate/vendor/laravel/framework/src/Illuminate/View/Middleware/ShareErrorsFromSession.php(48): Illuminate/Pipeline/Pipeline->Illuminate/Pipeline/{closure}(Object(Illuminate/Http/Request))
#22 C:/!Telkom/Semester 6/Proyek Perangkat Lunak/SI4705-KELA-main/greennovate/vendor/laravel/framework/src/Illuminate/Pipeline/Pipeline.php(219): Illuminate/View/Middleware/ShareErrorsFromSession->handle(Object(Illuminate/Http/Request), Object(Closure))
#23 C:/!Telkom/Semester 6/Proyek Perangkat Lunak/SI4705-KELA-main/greennovate/vendor/laravel/framework/src/Illuminate/Session/Middleware/StartSession.php(120): Illuminate/Pipeline/Pipeline->Illuminate/Pipeline/{closure}(Object(Illuminate/Http/Request))
#24 C:/!Telkom/Semester 6/Proyek Perangkat Lunak/SI4705-KELA-main/greennovate/vendor/laravel/framework/src/Illuminate/Session/Middleware/StartSession.php(63): Illuminate/Session/Middleware/StartSession->handleStatefulRequest(Object(Illuminate/Http/Request), Object(Illuminate/Session/Store), Object(Closure))
#25 C:/!Telkom/Semester 6/Proyek Perangkat Lunak/SI4705-KELA-main/greennovate/vendor/laravel/framework/src/Illuminate/Pipeline/Pipeline.php(219): Illuminate/Session/Middleware/StartSession->handle(Object(Illuminate/Http/Request), Object(Closure))
#26 C:/!Telkom/Semester 6/Proyek Perangkat Lunak/SI4705-KELA-main/greennovate/vendor/laravel/framework/src/Illuminate/Cookie/Middleware/AddQueuedCookiesToResponse.php(36): Illuminate/Pipeline/Pipeline->Illuminate/Pipeline/{closure}(Object(Illuminate/Http/Request))
#27 C:/!Telkom/Semester 6/Proyek Perangkat Lunak/SI4705-KELA-main/greennovate/vendor/laravel/framework/src/Illuminate/Pipeline/Pipeline.php(219): Illuminate/Cookie/Middleware/AddQueuedCookiesToResponse->handle(Object(Illuminate/Http/Request), Object(Closure))
#28 C:/!Telkom/Semester 6/Proyek Perangkat Lunak/SI4705-KELA-main/greennovate/vendor/laravel/framework/src/Illuminate/Cookie/Middleware/EncryptCookies.php(74): Illuminate/Pipeline/Pipeline->Illuminate/Pipeline/{closure}(Object(Illuminate/Http/Request))
#29 C:/!Telkom/Semester 6/Proyek Perangkat Lunak/SI4705-KELA-main/greennovate/vendor/laravel/framework/src/Illuminate/Pipeline/Pipeline.php(219): Illuminate/Cookie/Middleware/EncryptCookies->handle(Object(Illuminate/Http/Request), Object(Closure))
#30 C:/!Telkom/Semester 6/Proyek Perangkat Lunak/SI4705-KELA-main/greennovate/vendor/laravel/framework/src/Illuminate/Pipeline/Pipeline.php(137): Illuminate/Pipeline/Pipeline->Illuminate/Pipeline/{closure}(Object(Illuminate/Http/Request))
#31 C:/!Telkom/Semester 6/Proyek Perangkat Lunak/SI4705-KELA-main/greennovate/vendor/laravel/framework/src/Illuminate/Routing/Router.php(821): Illuminate/Pipeline/Pipeline->then(Object(Closure))
#32 C:/!Telkom/Semester 6/Proyek Perangkat Lunak/SI4705-KELA-main/greennovate/vendor/laravel/framework/src/Illuminate/Routing/Router.php(800): Illuminate/Routing/Router->runRouteWithinStack(Object(Illuminate/Routing/Route), Object(Illuminate/Http/Request))
#33 C:/!Telkom/Semester 6/Proyek Perangkat Lunak/SI4705-KELA-main/greennovate/vendor/laravel/framework/src/Illuminate/Routing/Router.php(764): Illuminate/Routing/Router->runRoute(Object(Illuminate/Http/Request), Object(Illuminate/Routing/Route))
#34 C:/!Telkom/Semester 6/Proyek Perangkat Lunak/SI4705-KELA-main/greennovate/vendor/laravel/framework/src/Illuminate/Routing/Router.php(753): Illuminate/Routing/Router->dispatchToRoute(Object(Illuminate/Http/Request))
#35 C:/!Telkom/Semester 6/Proyek Perangkat Lunak/SI4705-KELA-main/greennovate/vendor/laravel/framework/src/Illuminate/Foundation/Http/Kernel.php(200): Illuminate/Routing/Router->dispatch(Object(Illuminate/Http/Request))
#36 C:/!Telkom/Semester 6/Proyek Perangkat Lunak/SI4705-KELA-main/greennovate/vendor/laravel/framework/src/Illuminate/Pipeline/Pipeline.php(180): Illuminate/Foundation/Http/Kernel->Illuminate/Foundation/Http/{closure}(Object(Illuminate/Http/Request))
#37 C:/!Telkom/Semester 6/Proyek Perangkat Lunak/SI4705-KELA-main/greennovate/vendor/laravel/framework/src/Illuminate/Foundation/Http/Middleware/TransformsRequest.php(21): Illuminate/Pipeline/Pipeline->Illuminate/Pipeline/{closure}(Object(Illuminate/Http/Request))
#38 C:/!Telkom/Semester 6/Proyek Perangkat Lunak/SI4705-KELA-main/greennovate/vendor/laravel/framework/src/Illuminate/Foundation/Http/Middleware/ConvertEmptyStringsToNull.php(31): Illuminate/Foundation/Http/Middleware/TransformsRequest->handle(Object(Illuminate/Http/Request), Object(Closure))
#39 C:/!Telkom/Semester 6/Proyek Perangkat Lunak/SI4705-KELA-main/greennovate/vendor/laravel/framework/src/Illuminate/Pipeline/Pipeline.php(219): Illuminate/Foundation/Http/Middleware/ConvertEmptyStringsToNull->handle(Object(Illuminate/Http/Request), Object(Closure))
#40 C:/!Telkom/Semester 6/Proyek Perangkat Lunak/SI4705-KELA-main/greennovate/vendor/laravel/framework/src/Illuminate/Foundation/Http/Middleware/TransformsRequest.php(21): Illuminate/Pipeline/Pipeline->Illuminate/Pipeline/{closure}(Object(Illuminate/Http/Request))
#41 C:/!Telkom/Semester 6/Proyek Perangkat Lunak/SI4705-KELA-main/greennovate/vendor/laravel/framework/src/Illuminate/Foundation/Http/Middleware/TrimStrings.php(51): Illuminate/Foundation/Http/Middleware/TransformsRequest->handle(Object(Illuminate/Http/Request), Object(Closure))
#42 C:/!Telkom/Semester 6/Proyek Perangkat Lunak/SI4705-KELA-main/greennovate/vendor/laravel/framework/src/Illuminate/Pipeline/Pipeline.php(219): Illuminate/Foundation/Http/Middleware/TrimStrings->handle(Object(Illuminate/Http/Request), Object(Closure))
#43 C:/!Telkom/Semester 6/Proyek Perangkat Lunak/SI4705-KELA-main/greennovate/vendor/laravel/framework/src/Illuminate/Http/Middleware/ValidatePostSize.php(27): Illuminate/Pipeline/Pipeline->Illuminate/Pipeline/{closure}(Object(Illuminate/Http/Request))
#44 C:/!Telkom/Semester 6/Proyek Perangkat Lunak/SI4705-KELA-main/greennovate/vendor/laravel/framework/src/Illuminate/Pipeline/Pipeline.php(219): Illuminate/Http/Middleware/ValidatePostSize->handle(Object(Illuminate/Http/Request), Object(Closure))
#45 C:/!Telkom/Semester 6/Proyek Perangkat Lunak/SI4705-KELA-main/greennovate/vendor/laravel/framework/src/Illuminate/Foundation/Http/Middleware/PreventRequestsDuringMaintenance.php(109): Illuminate/Pipeline/Pipeline->Illuminate/Pipeline/{closure}(Object(Illuminate/Http/Request))
#46 C:/!Telkom/Semester 6/Proyek Perangkat Lunak/SI4705-KELA-main/greennovate/vendor/laravel/framework/src/Illuminate/Pipeline/Pipeline.php(219): Illuminate/Foundation/Http/Middleware/PreventRequestsDuringMaintenance->handle(Object(Illuminate/Http/Request), Object(Closure))
#47 C:/!Telkom/Semester 6/Proyek Perangkat Lunak/SI4705-KELA-main/greennovate/vendor/laravel/framework/src/Illuminate/Http/Middleware/HandleCors.php(61): Illuminate/Pipeline/Pipeline->Illuminate/Pipeline/{closure}(Object(Illuminate/Http/Request))
#48 C:/!Telkom/Semester 6/Proyek Perangkat Lunak/SI4705-KELA-main/greennovate/vendor/laravel/framework/src/Illuminate/Pipeline/Pipeline.php(219): Illuminate/Http/Middleware/HandleCors->handle(Object(Illuminate/Http/Request), Object(Closure))
#49 C:/!Telkom/Semester 6/Proyek Perangkat Lunak/SI4705-KELA-main/greennovate/vendor/laravel/framework/src/Illuminate/Http/Middleware/TrustProxies.php(58): Illuminate/Pipeline/Pipeline->Illuminate/Pipeline/{closure}(Object(Illuminate/Http/Request))
#50 C:/!Telkom/Semester 6/Proyek Perangkat Lunak/SI4705-KELA-main/greennovate/vendor/laravel/framework/src/Illuminate/Pipeline/Pipeline.php(219): Illuminate/Http/Middleware/TrustProxies->handle(Object(Illuminate/Http/Request), Object(Closure))
#51 C:/!Telkom/Semester 6/Proyek Perangkat Lunak/SI4705-KELA-main/greennovate/vendor/laravel/framework/src/Illuminate/Foundation/Http/Middleware/InvokeDeferredCallbacks.php(22): Illuminate/Pipeline/Pipeline->Illuminate/Pipeline/{closure}(Object(Illuminate/Http/Request))
#52 C:/!Telkom/Semester 6/Proyek Perangkat Lunak/SI4705-KELA-main/greennovate/vendor/laravel/framework/src/Illuminate/Pipeline/Pipeline.php(219): Illuminate/Foundation/Http/Middleware/InvokeDeferredCallbacks->handle(Object(Illuminate/Http/Request), Object(Closure))
#53 C:/!Telkom/Semester 6/Proyek Perangkat Lunak/SI4705-KELA-main/greennovate/vendor/laravel/framework/src/Illuminate/Http/Middleware/ValidatePathEncoding.php(26): Illuminate/Pipeline/Pipeline->Illuminate/Pipeline/{closure}(Object(Illuminate/Http/Request))
#54 C:/!Telkom/Semester 6/Proyek Perangkat Lunak/SI4705-KELA-main/greennovate/vendor/laravel/framework/src/Illuminate/Pipeline/Pipeline.php(219): Illuminate/Http/Middleware/ValidatePathEncoding->handle(Object(Illuminate/Http/Request), Object(Closure))
#55 C:/!Telkom/Semester 6/Proyek Perangkat Lunak/SI4705-KELA-main/greennovate/vendor/laravel/framework/src/Illuminate/Pipeline/Pipeline.php(137): Illuminate/Pipeline/Pipeline->Illuminate/Pipeline/{closure}(Object(Illuminate/Http/Request))
#56 C:/!Telkom/Semester 6/Proyek Perangkat Lunak/SI4705-KELA-main/greennovate/vendor/laravel/framework/src/Illuminate/Foundation/Http/Kernel.php(175): Illuminate/Pipeline/Pipeline->then(Object(Closure))
#57 C:/!Telkom/Semester 6/Proyek Perangkat Lunak/SI4705-KELA-main/greennovate/vendor/laravel/framework/src/Illuminate/Foundation/Http/Kernel.php(144): Illuminate/Foundation/Http/Kernel->sendRequestThroughRouter(Object(Illuminate/Http/Request))
#58 C:/!Telkom/Semester 6/Proyek Perangkat Lunak/SI4705-KELA-main/greennovate/vendor/laravel/framework/src/Illuminate/Foundation/Application.php(1220): Illuminate/Foundation/Http/Kernel->handle(Object(Illuminate/Http/Request))
#59 C:/!Telkom/Semester 6/Proyek Perangkat Lunak/SI4705-KELA-main/greennovate/public/index.php(20): Illuminate/Foundation/Application->handleRequest(Object(Illuminate/Http/Request))
#60 C:/!Telkom/Semester 6/Proyek Perangkat Lunak/SI4705-KELA-main/greennovate/vendor/laravel/framework/src/Illuminate/Foundation/resources/server.php(23): require_once('C://!Telkom//Seme...')
#61 {main}
"} 
[2026-05-04 13:28:01] local.ERROR: Undefined variable $lokasiList (View: C:\!Telkom\Semester 6\Proyek Perangkat Lunak\SI4705-KELA-main\greennovate\resources\views\Kegiatan\Index.blade.php) {"userId":1,"exception":"[object] (Illuminate\\View\\ViewException(code: 0): Undefined variable $lokasiList (View: C:\\!Telkom\\Semester 6\\Proyek Perangkat Lunak\\SI4705-KELA-main\\greennovate\\resources\\views\\Kegiatan\\Index.blade.php) at C:/!Telkom/Semester 6/Proyek Perangkat Lunak/SI4705-KELA-main/greennovate/storage/framework/views/bb019435fe3389012f52d72f6186eac3.php:44)
[stacktrace]
#0 C:/!Telkom/Semester 6/Proyek Perangkat Lunak/SI4705-KELA-main/greennovate/vendor/laravel/framework/src/Illuminate/View/Engines/PhpEngine.php(59): Illuminate/View/Engines/CompilerEngine->handleViewException(Object(ErrorException), 1)
#1 C:/!Telkom/Semester 6/Proyek Perangkat Lunak/SI4705-KELA-main/greennovate/vendor/laravel/framework/src/Illuminate/View/Engines/CompilerEngine.php(76): Illuminate/View/Engines/PhpEngine->evaluatePath('C://!Telkom//Seme...', Array)
#2 C:/!Telkom/Semester 6/Proyek Perangkat Lunak/SI4705-KELA-main/greennovate/vendor/laravel/framework/src/Illuminate/View/View.php(208): Illuminate/View/Engines/CompilerEngine->get('C://!Telkom//Seme...', Array)
#3 C:/!Telkom/Semester 6/Proyek Perangkat Lunak/SI4705-KELA-main/greennovate/vendor/laravel/framework/src/Illuminate/View/View.php(191): Illuminate/View/View->getContents()
#4 C:/!Telkom/Semester 6/Proyek Perangkat Lunak/SI4705-KELA-main/greennovate/vendor/laravel/framework/src/Illuminate/View/View.php(160): Illuminate/View/View->renderContents()
#5 C:/!Telkom/Semester 6/Proyek Perangkat Lunak/SI4705-KELA-main/greennovate/vendor/laravel/framework/src/Illuminate/Http/Response.php(78): Illuminate/View/View->render()
#6 C:/!Telkom/Semester 6/Proyek Perangkat Lunak/SI4705-KELA-main/greennovate/vendor/laravel/framework/src/Illuminate/Http/Response.php(34): Illuminate/Http/Response->setContent(Object(Illuminate/View/View))
#7 C:/!Telkom/Semester 6/Proyek Perangkat Lunak/SI4705-KELA-main/greennovate/vendor/laravel/framework/src/Illuminate/Routing/Router.php(939): Illuminate/Http/Response->__construct(Object(Illuminate/View/View), 200, Array)
#8 C:/!Telkom/Semester 6/Proyek Perangkat Lunak/SI4705-KELA-main/greennovate/vendor/laravel/framework/src/Illuminate/Routing/Router.php(906): Illuminate/Routing/Router::toResponse(Object(Illuminate/Http/Request), Object(Illuminate/View/View))
#9 C:/!Telkom/Semester 6/Proyek Perangkat Lunak/SI4705-KELA-main/greennovate/vendor/laravel/framework/src/Illuminate/Routing/Router.php(821): Illuminate/Routing/Router->prepareResponse(Object(Illuminate/Http/Request), Object(Illuminate/View/View))
#10 C:/!Telkom/Semester 6/Proyek Perangkat Lunak/SI4705-KELA-main/greennovate/vendor/laravel/framework/src/Illuminate/Pipeline/Pipeline.php(180): Illuminate/Routing/Router->Illuminate/Routing/{closure}(Object(Illuminate/Http/Request))
#11 C:/!Telkom/Semester 6/Proyek Perangkat Lunak/SI4705-KELA-main/greennovate/app/Http/Middleware/SetLocale.php(39): Illuminate/Pipeline/Pipeline->Illuminate/Pipeline/{closure}(Object(Illuminate/Http/Request))
#12 C:/!Telkom/Semester 6/Proyek Perangkat Lunak/SI4705-KELA-main/greennovate/vendor/laravel/framework/src/Illuminate/Pipeline/Pipeline.php(219): App/Http/Middleware/SetLocale->handle(Object(Illuminate/Http/Request), Object(Closure))
#13 C:/!Telkom/Semester 6/Proyek Perangkat Lunak/SI4705-KELA-main/greennovate/vendor/laravel/framework/src/Illuminate/Routing/Middleware/SubstituteBindings.php(50): Illuminate/Pipeline/Pipeline->Illuminate/Pipeline/{closure}(Object(Illuminate/Http/Request))
#14 C:/!Telkom/Semester 6/Proyek Perangkat Lunak/SI4705-KELA-main/greennovate/vendor/laravel/framework/src/Illuminate/Pipeline/Pipeline.php(219): Illuminate/Routing/Middleware/SubstituteBindings->handle(Object(Illuminate/Http/Request), Object(Closure))
#15 C:/!Telkom/Semester 6/Proyek Perangkat Lunak/SI4705-KELA-main/greennovate/vendor/laravel/framework/src/Illuminate/Foundation/Http/Middleware/VerifyCsrfToken.php(87): Illuminate/Pipeline/Pipeline->Illuminate/Pipeline/{closure}(Object(Illuminate/Http/Request))
#16 C:/!Telkom/Semester 6/Proyek Perangkat Lunak/SI4705-KELA-main/greennovate/vendor/laravel/framework/src/Illuminate/Pipeline/Pipeline.php(219): Illuminate/Foundation/Http/Middleware/VerifyCsrfToken->handle(Object(Illuminate/Http/Request), Object(Closure))
#17 C:/!Telkom/Semester 6/Proyek Perangkat Lunak/SI4705-KELA-main/greennovate/vendor/laravel/framework/src/Illuminate/View/Middleware/ShareErrorsFromSession.php(48): Illuminate/Pipeline/Pipeline->Illuminate/Pipeline/{closure}(Object(Illuminate/Http/Request))
#18 C:/!Telkom/Semester 6/Proyek Perangkat Lunak/SI4705-KELA-main/greennovate/vendor/laravel/framework/src/Illuminate/Pipeline/Pipeline.php(219): Illuminate/View/Middleware/ShareErrorsFromSession->handle(Object(Illuminate/Http/Request), Object(Closure))
#19 C:/!Telkom/Semester 6/Proyek Perangkat Lunak/SI4705-KELA-main/greennovate/vendor/laravel/framework/src/Illuminate/Session/Middleware/StartSession.php(120): Illuminate/Pipeline/Pipeline->Illuminate/Pipeline/{closure}(Object(Illuminate/Http/Request))
#20 C:/!Telkom/Semester 6/Proyek Perangkat Lunak/SI4705-KELA-main/greennovate/vendor/laravel/framework/src/Illuminate/Session/Middleware/StartSession.php(63): Illuminate/Session/Middleware/StartSession->handleStatefulRequest(Object(Illuminate/Http/Request), Object(Illuminate/Session/Store), Object(Closure))
#21 C:/!Telkom/Semester 6/Proyek Perangkat Lunak/SI4705-KELA-main/greennovate/vendor/laravel/framework/src/Illuminate/Pipeline/Pipeline.php(219): Illuminate/Session/Middleware/StartSession->handle(Object(Illuminate/Http/Request), Object(Closure))
#22 C:/!Telkom/Semester 6/Proyek Perangkat Lunak/SI4705-KELA-main/greennovate/vendor/laravel/framework/src/Illuminate/Cookie/Middleware/AddQueuedCookiesToResponse.php(36): Illuminate/Pipeline/Pipeline->Illuminate/Pipeline/{closure}(Object(Illuminate/Http/Request))
#23 C:/!Telkom/Semester 6/Proyek Perangkat Lunak/SI4705-KELA-main/greennovate/vendor/laravel/framework/src/Illuminate/Pipeline/Pipeline.php(219): Illuminate/Cookie/Middleware/AddQueuedCookiesToResponse->handle(Object(Illuminate/Http/Request), Object(Closure))
#24 C:/!Telkom/Semester 6/Proyek Perangkat Lunak/SI4705-KELA-main/greennovate/vendor/laravel/framework/src/Illuminate/Cookie/Middleware/EncryptCookies.php(74): Illuminate/Pipeline/Pipeline->Illuminate/Pipeline/{closure}(Object(Illuminate/Http/Request))
#25 C:/!Telkom/Semester 6/Proyek Perangkat Lunak/SI4705-KELA-main/greennovate/vendor/laravel/framework/src/Illuminate/Pipeline/Pipeline.php(219): Illuminate/Cookie/Middleware/EncryptCookies->handle(Object(Illuminate/Http/Request), Object(Closure))
#26 C:/!Telkom/Semester 6/Proyek Perangkat Lunak/SI4705-KELA-main/greennovate/vendor/laravel/framework/src/Illuminate/Pipeline/Pipeline.php(137): Illuminate/Pipeline/Pipeline->Illuminate/Pipeline/{closure}(Object(Illuminate/Http/Request))
#27 C:/!Telkom/Semester 6/Proyek Perangkat Lunak/SI4705-KELA-main/greennovate/vendor/laravel/framework/src/Illuminate/Routing/Router.php(821): Illuminate/Pipeline/Pipeline->then(Object(Closure))
#28 C:/!Telkom/Semester 6/Proyek Perangkat Lunak/SI4705-KELA-main/greennovate/vendor/laravel/framework/src/Illuminate/Routing/Router.php(800): Illuminate/Routing/Router->runRouteWithinStack(Object(Illuminate/Routing/Route), Object(Illuminate/Http/Request))
#29 C:/!Telkom/Semester 6/Proyek Perangkat Lunak/SI4705-KELA-main/greennovate/vendor/laravel/framework/src/Illuminate/Routing/Router.php(764): Illuminate/Routing/Router->runRoute(Object(Illuminate/Http/Request), Object(Illuminate/Routing/Route))
#30 C:/!Telkom/Semester 6/Proyek Perangkat Lunak/SI4705-KELA-main/greennovate/vendor/laravel/framework/src/Illuminate/Routing/Router.php(753): Illuminate/Routing/Router->dispatchToRoute(Object(Illuminate/Http/Request))
#31 C:/!Telkom/Semester 6/Proyek Perangkat Lunak/SI4705-KELA-main/greennovate/vendor/laravel/framework/src/Illuminate/Foundation/Http/Kernel.php(200): Illuminate/Routing/Router->dispatch(Object(Illuminate/Http/Request))
#32 C:/!Telkom/Semester 6/Proyek Perangkat Lunak/SI4705-KELA-main/greennovate/vendor/laravel/framework/src/Illuminate/Pipeline/Pipeline.php(180): Illuminate/Foundation/Http/Kernel->Illuminate/Foundation/Http/{closure}(Object(Illuminate/Http/Request))
#33 C:/!Telkom/Semester 6/Proyek Perangkat Lunak/SI4705-KELA-main/greennovate/vendor/laravel/framework/src/Illuminate/Foundation/Http/Middleware/TransformsRequest.php(21): Illuminate/Pipeline/Pipeline->Illuminate/Pipeline/{closure}(Object(Illuminate/Http/Request))
#34 C:/!Telkom/Semester 6/Proyek Perangkat Lunak/SI4705-KELA-main/greennovate/vendor/laravel/framework/src/Illuminate/Foundation/Http/Middleware/ConvertEmptyStringsToNull.php(31): Illuminate/Foundation/Http/Middleware/TransformsRequest->handle(Object(Illuminate/Http/Request), Object(Closure))
#35 C:/!Telkom/Semester 6/Proyek Perangkat Lunak/SI4705-KELA-main/greennovate/vendor/laravel/framework/src/Illuminate/Pipeline/Pipeline.php(219): Illuminate/Foundation/Http/Middleware/ConvertEmptyStringsToNull->handle(Object(Illuminate/Http/Request), Object(Closure))
#36 C:/!Telkom/Semester 6/Proyek Perangkat Lunak/SI4705-KELA-main/greennovate/vendor/laravel/framework/src/Illuminate/Foundation/Http/Middleware/TransformsRequest.php(21): Illuminate/Pipeline/Pipeline->Illuminate/Pipeline/{closure}(Object(Illuminate/Http/Request))
#37 C:/!Telkom/Semester 6/Proyek Perangkat Lunak/SI4705-KELA-main/greennovate/vendor/laravel/framework/src/Illuminate/Foundation/Http/Middleware/TrimStrings.php(51): Illuminate/Foundation/Http/Middleware/TransformsRequest->handle(Object(Illuminate/Http/Request), Object(Closure))
#38 C:/!Telkom/Semester 6/Proyek Perangkat Lunak/SI4705-KELA-main/greennovate/vendor/laravel/framework/src/Illuminate/Pipeline/Pipeline.php(219): Illuminate/Foundation/Http/Middleware/TrimStrings->handle(Object(Illuminate/Http/Request), Object(Closure))
#39 C:/!Telkom/Semester 6/Proyek Perangkat Lunak/SI4705-KELA-main/greennovate/vendor/laravel/framework/src/Illuminate/Http/Middleware/ValidatePostSize.php(27): Illuminate/Pipeline/Pipeline->Illuminate/Pipeline/{closure}(Object(Illuminate/Http/Request))
#40 C:/!Telkom/Semester 6/Proyek Perangkat Lunak/SI4705-KELA-main/greennovate/vendor/laravel/framework/src/Illuminate/Pipeline/Pipeline.php(219): Illuminate/Http/Middleware/ValidatePostSize->handle(Object(Illuminate/Http/Request), Object(Closure))
#41 C:/!Telkom/Semester 6/Proyek Perangkat Lunak/SI4705-KELA-main/greennovate/vendor/laravel/framework/src/Illuminate/Foundation/Http/Middleware/PreventRequestsDuringMaintenance.php(109): Illuminate/Pipeline/Pipeline->Illuminate/Pipeline/{closure}(Object(Illuminate/Http/Request))
#42 C:/!Telkom/Semester 6/Proyek Perangkat Lunak/SI4705-KELA-main/greennovate/vendor/laravel/framework/src/Illuminate/Pipeline/Pipeline.php(219): Illuminate/Foundation/Http/Middleware/PreventRequestsDuringMaintenance->handle(Object(Illuminate/Http/Request), Object(Closure))
#43 C:/!Telkom/Semester 6/Proyek Perangkat Lunak/SI4705-KELA-main/greennovate/vendor/laravel/framework/src/Illuminate/Http/Middleware/HandleCors.php(61): Illuminate/Pipeline/Pipeline->Illuminate/Pipeline/{closure}(Object(Illuminate/Http/Request))
#44 C:/!Telkom/Semester 6/Proyek Perangkat Lunak/SI4705-KELA-main/greennovate/vendor/laravel/framework/src/Illuminate/Pipeline/Pipeline.php(219): Illuminate/Http/Middleware/HandleCors->handle(Object(Illuminate/Http/Request), Object(Closure))
#45 C:/!Telkom/Semester 6/Proyek Perangkat Lunak/SI4705-KELA-main/greennovate/vendor/laravel/framework/src/Illuminate/Http/Middleware/TrustProxies.php(58): Illuminate/Pipeline/Pipeline->Illuminate/Pipeline/{closure}(Object(Illuminate/Http/Request))
#46 C:/!Telkom/Semester 6/Proyek Perangkat Lunak/SI4705-KELA-main/greennovate/vendor/laravel/framework/src/Illuminate/Pipeline/Pipeline.php(219): Illuminate/Http/Middleware/TrustProxies->handle(Object(Illuminate/Http/Request), Object(Closure))
#47 C:/!Telkom/Semester 6/Proyek Perangkat Lunak/SI4705-KELA-main/greennovate/vendor/laravel/framework/src/Illuminate/Foundation/Http/Middleware/InvokeDeferredCallbacks.php(22): Illuminate/Pipeline/Pipeline->Illuminate/Pipeline/{closure}(Object(Illuminate/Http/Request))
#48 C:/!Telkom/Semester 6/Proyek Perangkat Lunak/SI4705-KELA-main/greennovate/vendor/laravel/framework/src/Illuminate/Pipeline/Pipeline.php(219): Illuminate/Foundation/Http/Middleware/InvokeDeferredCallbacks->handle(Object(Illuminate/Http/Request), Object(Closure))
#49 C:/!Telkom/Semester 6/Proyek Perangkat Lunak/SI4705-KELA-main/greennovate/vendor/laravel/framework/src/Illuminate/Http/Middleware/ValidatePathEncoding.php(26): Illuminate/Pipeline/Pipeline->Illuminate/Pipeline/{closure}(Object(Illuminate/Http/Request))
#50 C:/!Telkom/Semester 6/Proyek Perangkat Lunak/SI4705-KELA-main/greennovate/vendor/laravel/framework/src/Illuminate/Pipeline/Pipeline.php(219): Illuminate/Http/Middleware/ValidatePathEncoding->handle(Object(Illuminate/Http/Request), Object(Closure))
#51 C:/!Telkom/Semester 6/Proyek Perangkat Lunak/SI4705-KELA-main/greennovate/vendor/laravel/framework/src/Illuminate/Pipeline/Pipeline.php(137): Illuminate/Pipeline/Pipeline->Illuminate/Pipeline/{closure}(Object(Illuminate/Http/Request))
#52 C:/!Telkom/Semester 6/Proyek Perangkat Lunak/SI4705-KELA-main/greennovate/vendor/laravel/framework/src/Illuminate/Foundation/Http/Kernel.php(175): Illuminate/Pipeline/Pipeline->then(Object(Closure))
#53 C:/!Telkom/Semester 6/Proyek Perangkat Lunak/SI4705-KELA-main/greennovate/vendor/laravel/framework/src/Illuminate/Foundation/Http/Kernel.php(144): Illuminate/Foundation/Http/Kernel->sendRequestThroughRouter(Object(Illuminate/Http/Request))
#54 C:/!Telkom/Semester 6/Proyek Perangkat Lunak/SI4705-KELA-main/greennovate/vendor/laravel/framework/src/Illuminate/Foundation/Application.php(1220): Illuminate/Foundation/Http/Kernel->handle(Object(Illuminate/Http/Request))
#55 C:/!Telkom/Semester 6/Proyek Perangkat Lunak/SI4705-KELA-main/greennovate/public/index.php(20): Illuminate/Foundation/Application->handleRequest(Object(Illuminate/Http/Request))
#56 C:/!Telkom/Semester 6/Proyek Perangkat Lunak/SI4705-KELA-main/greennovate/vendor/laravel/framework/src/Illuminate/Foundation/resources/server.php(23): require_once('C://!Telkom//Seme...')
#57 {main}

[previous exception] [object] (ErrorException(code: 0): Undefined variable $lokasiList at C:/!Telkom/Semester 6/Proyek Perangkat Lunak/SI4705-KELA-main/greennovate/storage/framework/views/bb019435fe3389012f52d72f6186eac3.php:44)
[stacktrace]
#0 C:/!Telkom/Semester 6/Proyek Perangkat Lunak/SI4705-KELA-main/greennovate/vendor/laravel/framework/src/Illuminate/Foundation/Bootstrap/HandleExceptions.php(258): Illuminate/Foundation/Bootstrap/HandleExceptions->handleError(2, 'Undefined varia...', 'C://!Telkom//Seme...', 44)
#1 C:/!Telkom/Semester 6/Proyek Perangkat Lunak/SI4705-KELA-main/greennovate/storage/framework/views/bb019435fe3389012f52d72f6186eac3.php(44): Illuminate/Foundation/Bootstrap/HandleExceptions->Illuminate/Foundation/Bootstrap/{closure}(2, 'Undefined varia...', 'C://!Telkom//Seme...', 44)
#2 C:/!Telkom/Semester 6/Proyek Perangkat Lunak/SI4705-KELA-main/greennovate/vendor/laravel/framework/src/Illuminate/Filesystem/Filesystem.php(123): require('C://!Telkom//Seme...')
#3 C:/!Telkom/Semester 6/Proyek Perangkat Lunak/SI4705-KELA-main/greennovate/vendor/laravel/framework/src/Illuminate/Filesystem/Filesystem.php(124): Illuminate/Filesystem/Filesystem::Illuminate/Filesystem/{closure}()
#4 C:/!Telkom/Semester 6/Proyek Perangkat Lunak/SI4705-KELA-main/greennovate/vendor/laravel/framework/src/Illuminate/View/Engines/PhpEngine.php(57): Illuminate/Filesystem/Filesystem->getRequire('C://!Telkom//Seme...', Array)
#5 C:/!Telkom/Semester 6/Proyek Perangkat Lunak/SI4705-KELA-main/greennovate/vendor/laravel/framework/src/Illuminate/View/Engines/CompilerEngine.php(76): Illuminate/View/Engines/PhpEngine->evaluatePath('C://!Telkom//Seme...', Array)
#6 C:/!Telkom/Semester 6/Proyek Perangkat Lunak/SI4705-KELA-main/greennovate/vendor/laravel/framework/src/Illuminate/View/View.php(208): Illuminate/View/Engines/CompilerEngine->get('C://!Telkom//Seme...', Array)
#7 C:/!Telkom/Semester 6/Proyek Perangkat Lunak/SI4705-KELA-main/greennovate/vendor/laravel/framework/src/Illuminate/View/View.php(191): Illuminate/View/View->getContents()
#8 C:/!Telkom/Semester 6/Proyek Perangkat Lunak/SI4705-KELA-main/greennovate/vendor/laravel/framework/src/Illuminate/View/View.php(160): Illuminate/View/View->renderContents()
#9 C:/!Telkom/Semester 6/Proyek Perangkat Lunak/SI4705-KELA-main/greennovate/vendor/laravel/framework/src/Illuminate/Http/Response.php(78): Illuminate/View/View->render()
#10 C:/!Telkom/Semester 6/Proyek Perangkat Lunak/SI4705-KELA-main/greennovate/vendor/laravel/framework/src/Illuminate/Http/Response.php(34): Illuminate/Http/Response->setContent(Object(Illuminate/View/View))
#11 C:/!Telkom/Semester 6/Proyek Perangkat Lunak/SI4705-KELA-main/greennovate/vendor/laravel/framework/src/Illuminate/Routing/Router.php(939): Illuminate/Http/Response->__construct(Object(Illuminate/View/View), 200, Array)
#12 C:/!Telkom/Semester 6/Proyek Perangkat Lunak/SI4705-KELA-main/greennovate/vendor/laravel/framework/src/Illuminate/Routing/Router.php(906): Illuminate/Routing/Router::toResponse(Object(Illuminate/Http/Request), Object(Illuminate/View/View))
#13 C:/!Telkom/Semester 6/Proyek Perangkat Lunak/SI4705-KELA-main/greennovate/vendor/laravel/framework/src/Illuminate/Routing/Router.php(821): Illuminate/Routing/Router->prepareResponse(Object(Illuminate/Http/Request), Object(Illuminate/View/View))
#14 C:/!Telkom/Semester 6/Proyek Perangkat Lunak/SI4705-KELA-main/greennovate/vendor/laravel/framework/src/Illuminate/Pipeline/Pipeline.php(180): Illuminate/Routing/Router->Illuminate/Routing/{closure}(Object(Illuminate/Http/Request))
#15 C:/!Telkom/Semester 6/Proyek Perangkat Lunak/SI4705-KELA-main/greennovate/app/Http/Middleware/SetLocale.php(39): Illuminate/Pipeline/Pipeline->Illuminate/Pipeline/{closure}(Object(Illuminate/Http/Request))
#16 C:/!Telkom/Semester 6/Proyek Perangkat Lunak/SI4705-KELA-main/greennovate/vendor/laravel/framework/src/Illuminate/Pipeline/Pipeline.php(219): App/Http/Middleware/SetLocale->handle(Object(Illuminate/Http/Request), Object(Closure))
#17 C:/!Telkom/Semester 6/Proyek Perangkat Lunak/SI4705-KELA-main/greennovate/vendor/laravel/framework/src/Illuminate/Routing/Middleware/SubstituteBindings.php(50): Illuminate/Pipeline/Pipeline->Illuminate/Pipeline/{closure}(Object(Illuminate/Http/Request))
#18 C:/!Telkom/Semester 6/Proyek Perangkat Lunak/SI4705-KELA-main/greennovate/vendor/laravel/framework/src/Illuminate/Pipeline/Pipeline.php(219): Illuminate/Routing/Middleware/SubstituteBindings->handle(Object(Illuminate/Http/Request), Object(Closure))
#19 C:/!Telkom/Semester 6/Proyek Perangkat Lunak/SI4705-KELA-main/greennovate/vendor/laravel/framework/src/Illuminate/Foundation/Http/Middleware/VerifyCsrfToken.php(87): Illuminate/Pipeline/Pipeline->Illuminate/Pipeline/{closure}(Object(Illuminate/Http/Request))
#20 C:/!Telkom/Semester 6/Proyek Perangkat Lunak/SI4705-KELA-main/greennovate/vendor/laravel/framework/src/Illuminate/Pipeline/Pipeline.php(219): Illuminate/Foundation/Http/Middleware/VerifyCsrfToken->handle(Object(Illuminate/Http/Request), Object(Closure))
#21 C:/!Telkom/Semester 6/Proyek Perangkat Lunak/SI4705-KELA-main/greennovate/vendor/laravel/framework/src/Illuminate/View/Middleware/ShareErrorsFromSession.php(48): Illuminate/Pipeline/Pipeline->Illuminate/Pipeline/{closure}(Object(Illuminate/Http/Request))
#22 C:/!Telkom/Semester 6/Proyek Perangkat Lunak/SI4705-KELA-main/greennovate/vendor/laravel/framework/src/Illuminate/Pipeline/Pipeline.php(219): Illuminate/View/Middleware/ShareErrorsFromSession->handle(Object(Illuminate/Http/Request), Object(Closure))
#23 C:/!Telkom/Semester 6/Proyek Perangkat Lunak/SI4705-KELA-main/greennovate/vendor/laravel/framework/src/Illuminate/Session/Middleware/StartSession.php(120): Illuminate/Pipeline/Pipeline->Illuminate/Pipeline/{closure}(Object(Illuminate/Http/Request))
#24 C:/!Telkom/Semester 6/Proyek Perangkat Lunak/SI4705-KELA-main/greennovate/vendor/laravel/framework/src/Illuminate/Session/Middleware/StartSession.php(63): Illuminate/Session/Middleware/StartSession->handleStatefulRequest(Object(Illuminate/Http/Request), Object(Illuminate/Session/Store), Object(Closure))
#25 C:/!Telkom/Semester 6/Proyek Perangkat Lunak/SI4705-KELA-main/greennovate/vendor/laravel/framework/src/Illuminate/Pipeline/Pipeline.php(219): Illuminate/Session/Middleware/StartSession->handle(Object(Illuminate/Http/Request), Object(Closure))
#26 C:/!Telkom/Semester 6/Proyek Perangkat Lunak/SI4705-KELA-main/greennovate/vendor/laravel/framework/src/Illuminate/Cookie/Middleware/AddQueuedCookiesToResponse.php(36): Illuminate/Pipeline/Pipeline->Illuminate/Pipeline/{closure}(Object(Illuminate/Http/Request))
#27 C:/!Telkom/Semester 6/Proyek Perangkat Lunak/SI4705-KELA-main/greennovate/vendor/laravel/framework/src/Illuminate/Pipeline/Pipeline.php(219): Illuminate/Cookie/Middleware/AddQueuedCookiesToResponse->handle(Object(Illuminate/Http/Request), Object(Closure))
#28 C:/!Telkom/Semester 6/Proyek Perangkat Lunak/SI4705-KELA-main/greennovate/vendor/laravel/framework/src/Illuminate/Cookie/Middleware/EncryptCookies.php(74): Illuminate/Pipeline/Pipeline->Illuminate/Pipeline/{closure}(Object(Illuminate/Http/Request))
#29 C:/!Telkom/Semester 6/Proyek Perangkat Lunak/SI4705-KELA-main/greennovate/vendor/laravel/framework/src/Illuminate/Pipeline/Pipeline.php(219): Illuminate/Cookie/Middleware/EncryptCookies->handle(Object(Illuminate/Http/Request), Object(Closure))
#30 C:/!Telkom/Semester 6/Proyek Perangkat Lunak/SI4705-KELA-main/greennovate/vendor/laravel/framework/src/Illuminate/Pipeline/Pipeline.php(137): Illuminate/Pipeline/Pipeline->Illuminate/Pipeline/{closure}(Object(Illuminate/Http/Request))
#31 C:/!Telkom/Semester 6/Proyek Perangkat Lunak/SI4705-KELA-main/greennovate/vendor/laravel/framework/src/Illuminate/Routing/Router.php(821): Illuminate/Pipeline/Pipeline->then(Object(Closure))
#32 C:/!Telkom/Semester 6/Proyek Perangkat Lunak/SI4705-KELA-main/greennovate/vendor/laravel/framework/src/Illuminate/Routing/Router.php(800): Illuminate/Routing/Router->runRouteWithinStack(Object(Illuminate/Routing/Route), Object(Illuminate/Http/Request))
#33 C:/!Telkom/Semester 6/Proyek Perangkat Lunak/SI4705-KELA-main/greennovate/vendor/laravel/framework/src/Illuminate/Routing/Router.php(764): Illuminate/Routing/Router->runRoute(Object(Illuminate/Http/Request), Object(Illuminate/Routing/Route))
#34 C:/!Telkom/Semester 6/Proyek Perangkat Lunak/SI4705-KELA-main/greennovate/vendor/laravel/framework/src/Illuminate/Routing/Router.php(753): Illuminate/Routing/Router->dispatchToRoute(Object(Illuminate/Http/Request))
#35 C:/!Telkom/Semester 6/Proyek Perangkat Lunak/SI4705-KELA-main/greennovate/vendor/laravel/framework/src/Illuminate/Foundation/Http/Kernel.php(200): Illuminate/Routing/Router->dispatch(Object(Illuminate/Http/Request))
#36 C:/!Telkom/Semester 6/Proyek Perangkat Lunak/SI4705-KELA-main/greennovate/vendor/laravel/framework/src/Illuminate/Pipeline/Pipeline.php(180): Illuminate/Foundation/Http/Kernel->Illuminate/Foundation/Http/{closure}(Object(Illuminate/Http/Request))
#37 C:/!Telkom/Semester 6/Proyek Perangkat Lunak/SI4705-KELA-main/greennovate/vendor/laravel/framework/src/Illuminate/Foundation/Http/Middleware/TransformsRequest.php(21): Illuminate/Pipeline/Pipeline->Illuminate/Pipeline/{closure}(Object(Illuminate/Http/Request))
#38 C:/!Telkom/Semester 6/Proyek Perangkat Lunak/SI4705-KELA-main/greennovate/vendor/laravel/framework/src/Illuminate/Foundation/Http/Middleware/ConvertEmptyStringsToNull.php(31): Illuminate/Foundation/Http/Middleware/TransformsRequest->handle(Object(Illuminate/Http/Request), Object(Closure))
#39 C:/!Telkom/Semester 6/Proyek Perangkat Lunak/SI4705-KELA-main/greennovate/vendor/laravel/framework/src/Illuminate/Pipeline/Pipeline.php(219): Illuminate/Foundation/Http/Middleware/ConvertEmptyStringsToNull->handle(Object(Illuminate/Http/Request), Object(Closure))
#40 C:/!Telkom/Semester 6/Proyek Perangkat Lunak/SI4705-KELA-main/greennovate/vendor/laravel/framework/src/Illuminate/Foundation/Http/Middleware/TransformsRequest.php(21): Illuminate/Pipeline/Pipeline->Illuminate/Pipeline/{closure}(Object(Illuminate/Http/Request))
#41 C:/!Telkom/Semester 6/Proyek Perangkat Lunak/SI4705-KELA-main/greennovate/vendor/laravel/framework/src/Illuminate/Foundation/Http/Middleware/TrimStrings.php(51): Illuminate/Foundation/Http/Middleware/TransformsRequest->handle(Object(Illuminate/Http/Request), Object(Closure))
#42 C:/!Telkom/Semester 6/Proyek Perangkat Lunak/SI4705-KELA-main/greennovate/vendor/laravel/framework/src/Illuminate/Pipeline/Pipeline.php(219): Illuminate/Foundation/Http/Middleware/TrimStrings->handle(Object(Illuminate/Http/Request), Object(Closure))
#43 C:/!Telkom/Semester 6/Proyek Perangkat Lunak/SI4705-KELA-main/greennovate/vendor/laravel/framework/src/Illuminate/Http/Middleware/ValidatePostSize.php(27): Illuminate/Pipeline/Pipeline->Illuminate/Pipeline/{closure}(Object(Illuminate/Http/Request))
#44 C:/!Telkom/Semester 6/Proyek Perangkat Lunak/SI4705-KELA-main/greennovate/vendor/laravel/framework/src/Illuminate/Pipeline/Pipeline.php(219): Illuminate/Http/Middleware/ValidatePostSize->handle(Object(Illuminate/Http/Request), Object(Closure))
#45 C:/!Telkom/Semester 6/Proyek Perangkat Lunak/SI4705-KELA-main/greennovate/vendor/laravel/framework/src/Illuminate/Foundation/Http/Middleware/PreventRequestsDuringMaintenance.php(109): Illuminate/Pipeline/Pipeline->Illuminate/Pipeline/{closure}(Object(Illuminate/Http/Request))
#46 C:/!Telkom/Semester 6/Proyek Perangkat Lunak/SI4705-KELA-main/greennovate/vendor/laravel/framework/src/Illuminate/Pipeline/Pipeline.php(219): Illuminate/Foundation/Http/Middleware/PreventRequestsDuringMaintenance->handle(Object(Illuminate/Http/Request), Object(Closure))
#47 C:/!Telkom/Semester 6/Proyek Perangkat Lunak/SI4705-KELA-main/greennovate/vendor/laravel/framework/src/Illuminate/Http/Middleware/HandleCors.php(61): Illuminate/Pipeline/Pipeline->Illuminate/Pipeline/{closure}(Object(Illuminate/Http/Request))
#48 C:/!Telkom/Semester 6/Proyek Perangkat Lunak/SI4705-KELA-main/greennovate/vendor/laravel/framework/src/Illuminate/Pipeline/Pipeline.php(219): Illuminate/Http/Middleware/HandleCors->handle(Object(Illuminate/Http/Request), Object(Closure))
#49 C:/!Telkom/Semester 6/Proyek Perangkat Lunak/SI4705-KELA-main/greennovate/vendor/laravel/framework/src/Illuminate/Http/Middleware/TrustProxies.php(58): Illuminate/Pipeline/Pipeline->Illuminate/Pipeline/{closure}(Object(Illuminate/Http/Request))
#50 C:/!Telkom/Semester 6/Proyek Perangkat Lunak/SI4705-KELA-main/greennovate/vendor/laravel/framework/src/Illuminate/Pipeline/Pipeline.php(219): Illuminate/Http/Middleware/TrustProxies->handle(Object(Illuminate/Http/Request), Object(Closure))
#51 C:/!Telkom/Semester 6/Proyek Perangkat Lunak/SI4705-KELA-main/greennovate/vendor/laravel/framework/src/Illuminate/Foundation/Http/Middleware/InvokeDeferredCallbacks.php(22): Illuminate/Pipeline/Pipeline->Illuminate/Pipeline/{closure}(Object(Illuminate/Http/Request))
#52 C:/!Telkom/Semester 6/Proyek Perangkat Lunak/SI4705-KELA-main/greennovate/vendor/laravel/framework/src/Illuminate/Pipeline/Pipeline.php(219): Illuminate/Foundation/Http/Middleware/InvokeDeferredCallbacks->handle(Object(Illuminate/Http/Request), Object(Closure))
#53 C:/!Telkom/Semester 6/Proyek Perangkat Lunak/SI4705-KELA-main/greennovate/vendor/laravel/framework/src/Illuminate/Http/Middleware/ValidatePathEncoding.php(26): Illuminate/Pipeline/Pipeline->Illuminate/Pipeline/{closure}(Object(Illuminate/Http/Request))
#54 C:/!Telkom/Semester 6/Proyek Perangkat Lunak/SI4705-KELA-main/greennovate/vendor/laravel/framework/src/Illuminate/Pipeline/Pipeline.php(219): Illuminate/Http/Middleware/ValidatePathEncoding->handle(Object(Illuminate/Http/Request), Object(Closure))
#55 C:/!Telkom/Semester 6/Proyek Perangkat Lunak/SI4705-KELA-main/greennovate/vendor/laravel/framework/src/Illuminate/Pipeline/Pipeline.php(137): Illuminate/Pipeline/Pipeline->Illuminate/Pipeline/{closure}(Object(Illuminate/Http/Request))
#56 C:/!Telkom/Semester 6/Proyek Perangkat Lunak/SI4705-KELA-main/greennovate/vendor/laravel/framework/src/Illuminate/Foundation/Http/Kernel.php(175): Illuminate/Pipeline/Pipeline->then(Object(Closure))
#57 C:/!Telkom/Semester 6/Proyek Perangkat Lunak/SI4705-KELA-main/greennovate/vendor/laravel/framework/src/Illuminate/Foundation/Http/Kernel.php(144): Illuminate/Foundation/Http/Kernel->sendRequestThroughRouter(Object(Illuminate/Http/Request))
#58 C:/!Telkom/Semester 6/Proyek Perangkat Lunak/SI4705-KELA-main/greennovate/vendor/laravel/framework/src/Illuminate/Foundation/Application.php(1220): Illuminate/Foundation/Http/Kernel->handle(Object(Illuminate/Http/Request))
#59 C:/!Telkom/Semester 6/Proyek Perangkat Lunak/SI4705-KELA-main/greennovate/public/index.php(20): Illuminate/Foundation/Application->handleRequest(Object(Illuminate/Http/Request))
#60 C:/!Telkom/Semester 6/Proyek Perangkat Lunak/SI4705-KELA-main/greennovate/vendor/laravel/framework/src/Illuminate/Foundation/resources/server.php(23): require_once('C://!Telkom//Seme...')
#61 {main}
"} 
[2026-05-04 13:29:37] local.ERROR: Undefined variable $lokasiList (View: C:\!Telkom\Semester 6\Proyek Perangkat Lunak\SI4705-KELA-main\greennovate\resources\views\Kegiatan\Index.blade.php) {"userId":1,"exception":"[object] (Illuminate\\View\\ViewException(code: 0): Undefined variable $lokasiList (View: C:\\!Telkom\\Semester 6\\Proyek Perangkat Lunak\\SI4705-KELA-main\\greennovate\\resources\\views\\Kegiatan\\Index.blade.php) at C:/!Telkom/Semester 6/Proyek Perangkat Lunak/SI4705-KELA-main/greennovate/storage/framework/views/bb019435fe3389012f52d72f6186eac3.php:44)
[stacktrace]
#0 C:/!Telkom/Semester 6/Proyek Perangkat Lunak/SI4705-KELA-main/greennovate/vendor/laravel/framework/src/Illuminate/View/Engines/PhpEngine.php(59): Illuminate/View/Engines/CompilerEngine->handleViewException(Object(ErrorException), 1)
#1 C:/!Telkom/Semester 6/Proyek Perangkat Lunak/SI4705-KELA-main/greennovate/vendor/laravel/framework/src/Illuminate/View/Engines/CompilerEngine.php(76): Illuminate/View/Engines/PhpEngine->evaluatePath('C://!Telkom//Seme...', Array)
#2 C:/!Telkom/Semester 6/Proyek Perangkat Lunak/SI4705-KELA-main/greennovate/vendor/laravel/framework/src/Illuminate/View/View.php(208): Illuminate/View/Engines/CompilerEngine->get('C://!Telkom//Seme...', Array)
#3 C:/!Telkom/Semester 6/Proyek Perangkat Lunak/SI4705-KELA-main/greennovate/vendor/laravel/framework/src/Illuminate/View/View.php(191): Illuminate/View/View->getContents()
#4 C:/!Telkom/Semester 6/Proyek Perangkat Lunak/SI4705-KELA-main/greennovate/vendor/laravel/framework/src/Illuminate/View/View.php(160): Illuminate/View/View->renderContents()
#5 C:/!Telkom/Semester 6/Proyek Perangkat Lunak/SI4705-KELA-main/greennovate/vendor/laravel/framework/src/Illuminate/Http/Response.php(78): Illuminate/View/View->render()
#6 C:/!Telkom/Semester 6/Proyek Perangkat Lunak/SI4705-KELA-main/greennovate/vendor/laravel/framework/src/Illuminate/Http/Response.php(34): Illuminate/Http/Response->setContent(Object(Illuminate/View/View))
#7 C:/!Telkom/Semester 6/Proyek Perangkat Lunak/SI4705-KELA-main/greennovate/vendor/laravel/framework/src/Illuminate/Routing/Router.php(939): Illuminate/Http/Response->__construct(Object(Illuminate/View/View), 200, Array)
#8 C:/!Telkom/Semester 6/Proyek Perangkat Lunak/SI4705-KELA-main/greennovate/vendor/laravel/framework/src/Illuminate/Routing/Router.php(906): Illuminate/Routing/Router::toResponse(Object(Illuminate/Http/Request), Object(Illuminate/View/View))
#9 C:/!Telkom/Semester 6/Proyek Perangkat Lunak/SI4705-KELA-main/greennovate/vendor/laravel/framework/src/Illuminate/Routing/Router.php(821): Illuminate/Routing/Router->prepareResponse(Object(Illuminate/Http/Request), Object(Illuminate/View/View))
#10 C:/!Telkom/Semester 6/Proyek Perangkat Lunak/SI4705-KELA-main/greennovate/vendor/laravel/framework/src/Illuminate/Pipeline/Pipeline.php(180): Illuminate/Routing/Router->Illuminate/Routing/{closure}(Object(Illuminate/Http/Request))
#11 C:/!Telkom/Semester 6/Proyek Perangkat Lunak/SI4705-KELA-main/greennovate/app/Http/Middleware/SetLocale.php(39): Illuminate/Pipeline/Pipeline->Illuminate/Pipeline/{closure}(Object(Illuminate/Http/Request))
#12 C:/!Telkom/Semester 6/Proyek Perangkat Lunak/SI4705-KELA-main/greennovate/vendor/laravel/framework/src/Illuminate/Pipeline/Pipeline.php(219): App/Http/Middleware/SetLocale->handle(Object(Illuminate/Http/Request), Object(Closure))
#13 C:/!Telkom/Semester 6/Proyek Perangkat Lunak/SI4705-KELA-main/greennovate/vendor/laravel/framework/src/Illuminate/Routing/Middleware/SubstituteBindings.php(50): Illuminate/Pipeline/Pipeline->Illuminate/Pipeline/{closure}(Object(Illuminate/Http/Request))
#14 C:/!Telkom/Semester 6/Proyek Perangkat Lunak/SI4705-KELA-main/greennovate/vendor/laravel/framework/src/Illuminate/Pipeline/Pipeline.php(219): Illuminate/Routing/Middleware/SubstituteBindings->handle(Object(Illuminate/Http/Request), Object(Closure))
#15 C:/!Telkom/Semester 6/Proyek Perangkat Lunak/SI4705-KELA-main/greennovate/vendor/laravel/framework/src/Illuminate/Foundation/Http/Middleware/VerifyCsrfToken.php(87): Illuminate/Pipeline/Pipeline->Illuminate/Pipeline/{closure}(Object(Illuminate/Http/Request))
#16 C:/!Telkom/Semester 6/Proyek Perangkat Lunak/SI4705-KELA-main/greennovate/vendor/laravel/framework/src/Illuminate/Pipeline/Pipeline.php(219): Illuminate/Foundation/Http/Middleware/VerifyCsrfToken->handle(Object(Illuminate/Http/Request), Object(Closure))
#17 C:/!Telkom/Semester 6/Proyek Perangkat Lunak/SI4705-KELA-main/greennovate/vendor/laravel/framework/src/Illuminate/View/Middleware/ShareErrorsFromSession.php(48): Illuminate/Pipeline/Pipeline->Illuminate/Pipeline/{closure}(Object(Illuminate/Http/Request))
#18 C:/!Telkom/Semester 6/Proyek Perangkat Lunak/SI4705-KELA-main/greennovate/vendor/laravel/framework/src/Illuminate/Pipeline/Pipeline.php(219): Illuminate/View/Middleware/ShareErrorsFromSession->handle(Object(Illuminate/Http/Request), Object(Closure))
#19 C:/!Telkom/Semester 6/Proyek Perangkat Lunak/SI4705-KELA-main/greennovate/vendor/laravel/framework/src/Illuminate/Session/Middleware/StartSession.php(120): Illuminate/Pipeline/Pipeline->Illuminate/Pipeline/{closure}(Object(Illuminate/Http/Request))
#20 C:/!Telkom/Semester 6/Proyek Perangkat Lunak/SI4705-KELA-main/greennovate/vendor/laravel/framework/src/Illuminate/Session/Middleware/StartSession.php(63): Illuminate/Session/Middleware/StartSession->handleStatefulRequest(Object(Illuminate/Http/Request), Object(Illuminate/Session/Store), Object(Closure))
#21 C:/!Telkom/Semester 6/Proyek Perangkat Lunak/SI4705-KELA-main/greennovate/vendor/laravel/framework/src/Illuminate/Pipeline/Pipeline.php(219): Illuminate/Session/Middleware/StartSession->handle(Object(Illuminate/Http/Request), Object(Closure))
#22 C:/!Telkom/Semester 6/Proyek Perangkat Lunak/SI4705-KELA-main/greennovate/vendor/laravel/framework/src/Illuminate/Cookie/Middleware/AddQueuedCookiesToResponse.php(36): Illuminate/Pipeline/Pipeline->Illuminate/Pipeline/{closure}(Object(Illuminate/Http/Request))
#23 C:/!Telkom/Semester 6/Proyek Perangkat Lunak/SI4705-KELA-main/greennovate/vendor/laravel/framework/src/Illuminate/Pipeline/Pipeline.php(219): Illuminate/Cookie/Middleware/AddQueuedCookiesToResponse->handle(Object(Illuminate/Http/Request), Object(Closure))
#24 C:/!Telkom/Semester 6/Proyek Perangkat Lunak/SI4705-KELA-main/greennovate/vendor/laravel/framework/src/Illuminate/Cookie/Middleware/EncryptCookies.php(74): Illuminate/Pipeline/Pipeline->Illuminate/Pipeline/{closure}(Object(Illuminate/Http/Request))
#25 C:/!Telkom/Semester 6/Proyek Perangkat Lunak/SI4705-KELA-main/greennovate/vendor/laravel/framework/src/Illuminate/Pipeline/Pipeline.php(219): Illuminate/Cookie/Middleware/EncryptCookies->handle(Object(Illuminate/Http/Request), Object(Closure))
#26 C:/!Telkom/Semester 6/Proyek Perangkat Lunak/SI4705-KELA-main/greennovate/vendor/laravel/framework/src/Illuminate/Pipeline/Pipeline.php(137): Illuminate/Pipeline/Pipeline->Illuminate/Pipeline/{closure}(Object(Illuminate/Http/Request))
#27 C:/!Telkom/Semester 6/Proyek Perangkat Lunak/SI4705-KELA-main/greennovate/vendor/laravel/framework/src/Illuminate/Routing/Router.php(821): Illuminate/Pipeline/Pipeline->then(Object(Closure))
#28 C:/!Telkom/Semester 6/Proyek Perangkat Lunak/SI4705-KELA-main/greennovate/vendor/laravel/framework/src/Illuminate/Routing/Router.php(800): Illuminate/Routing/Router->runRouteWithinStack(Object(Illuminate/Routing/Route), Object(Illuminate/Http/Request))
#29 C:/!Telkom/Semester 6/Proyek Perangkat Lunak/SI4705-KELA-main/greennovate/vendor/laravel/framework/src/Illuminate/Routing/Router.php(764): Illuminate/Routing/Router->runRoute(Object(Illuminate/Http/Request), Object(Illuminate/Routing/Route))
#30 C:/!Telkom/Semester 6/Proyek Perangkat Lunak/SI4705-KELA-main/greennovate/vendor/laravel/framework/src/Illuminate/Routing/Router.php(753): Illuminate/Routing/Router->dispatchToRoute(Object(Illuminate/Http/Request))
#31 C:/!Telkom/Semester 6/Proyek Perangkat Lunak/SI4705-KELA-main/greennovate/vendor/laravel/framework/src/Illuminate/Foundation/Http/Kernel.php(200): Illuminate/Routing/Router->dispatch(Object(Illuminate/Http/Request))
#32 C:/!Telkom/Semester 6/Proyek Perangkat Lunak/SI4705-KELA-main/greennovate/vendor/laravel/framework/src/Illuminate/Pipeline/Pipeline.php(180): Illuminate/Foundation/Http/Kernel->Illuminate/Foundation/Http/{closure}(Object(Illuminate/Http/Request))
#33 C:/!Telkom/Semester 6/Proyek Perangkat Lunak/SI4705-KELA-main/greennovate/vendor/laravel/framework/src/Illuminate/Foundation/Http/Middleware/TransformsRequest.php(21): Illuminate/Pipeline/Pipeline->Illuminate/Pipeline/{closure}(Object(Illuminate/Http/Request))
#34 C:/!Telkom/Semester 6/Proyek Perangkat Lunak/SI4705-KELA-main/greennovate/vendor/laravel/framework/src/Illuminate/Foundation/Http/Middleware/ConvertEmptyStringsToNull.php(31): Illuminate/Foundation/Http/Middleware/TransformsRequest->handle(Object(Illuminate/Http/Request), Object(Closure))
#35 C:/!Telkom/Semester 6/Proyek Perangkat Lunak/SI4705-KELA-main/greennovate/vendor/laravel/framework/src/Illuminate/Pipeline/Pipeline.php(219): Illuminate/Foundation/Http/Middleware/ConvertEmptyStringsToNull->handle(Object(Illuminate/Http/Request), Object(Closure))
#36 C:/!Telkom/Semester 6/Proyek Perangkat Lunak/SI4705-KELA-main/greennovate/vendor/laravel/framework/src/Illuminate/Foundation/Http/Middleware/TransformsRequest.php(21): Illuminate/Pipeline/Pipeline->Illuminate/Pipeline/{closure}(Object(Illuminate/Http/Request))
#37 C:/!Telkom/Semester 6/Proyek Perangkat Lunak/SI4705-KELA-main/greennovate/vendor/laravel/framework/src/Illuminate/Foundation/Http/Middleware/TrimStrings.php(51): Illuminate/Foundation/Http/Middleware/TransformsRequest->handle(Object(Illuminate/Http/Request), Object(Closure))
#38 C:/!Telkom/Semester 6/Proyek Perangkat Lunak/SI4705-KELA-main/greennovate/vendor/laravel/framework/src/Illuminate/Pipeline/Pipeline.php(219): Illuminate/Foundation/Http/Middleware/TrimStrings->handle(Object(Illuminate/Http/Request), Object(Closure))
#39 C:/!Telkom/Semester 6/Proyek Perangkat Lunak/SI4705-KELA-main/greennovate/vendor/laravel/framework/src/Illuminate/Http/Middleware/ValidatePostSize.php(27): Illuminate/Pipeline/Pipeline->Illuminate/Pipeline/{closure}(Object(Illuminate/Http/Request))
#40 C:/!Telkom/Semester 6/Proyek Perangkat Lunak/SI4705-KELA-main/greennovate/vendor/laravel/framework/src/Illuminate/Pipeline/Pipeline.php(219): Illuminate/Http/Middleware/ValidatePostSize->handle(Object(Illuminate/Http/Request), Object(Closure))
#41 C:/!Telkom/Semester 6/Proyek Perangkat Lunak/SI4705-KELA-main/greennovate/vendor/laravel/framework/src/Illuminate/Foundation/Http/Middleware/PreventRequestsDuringMaintenance.php(109): Illuminate/Pipeline/Pipeline->Illuminate/Pipeline/{closure}(Object(Illuminate/Http/Request))
#42 C:/!Telkom/Semester 6/Proyek Perangkat Lunak/SI4705-KELA-main/greennovate/vendor/laravel/framework/src/Illuminate/Pipeline/Pipeline.php(219): Illuminate/Foundation/Http/Middleware/PreventRequestsDuringMaintenance->handle(Object(Illuminate/Http/Request), Object(Closure))
#43 C:/!Telkom/Semester 6/Proyek Perangkat Lunak/SI4705-KELA-main/greennovate/vendor/laravel/framework/src/Illuminate/Http/Middleware/HandleCors.php(61): Illuminate/Pipeline/Pipeline->Illuminate/Pipeline/{closure}(Object(Illuminate/Http/Request))
#44 C:/!Telkom/Semester 6/Proyek Perangkat Lunak/SI4705-KELA-main/greennovate/vendor/laravel/framework/src/Illuminate/Pipeline/Pipeline.php(219): Illuminate/Http/Middleware/HandleCors->handle(Object(Illuminate/Http/Request), Object(Closure))
#45 C:/!Telkom/Semester 6/Proyek Perangkat Lunak/SI4705-KELA-main/greennovate/vendor/laravel/framework/src/Illuminate/Http/Middleware/TrustProxies.php(58): Illuminate/Pipeline/Pipeline->Illuminate/Pipeline/{closure}(Object(Illuminate/Http/Request))
#46 C:/!Telkom/Semester 6/Proyek Perangkat Lunak/SI4705-KELA-main/greennovate/vendor/laravel/framework/src/Illuminate/Pipeline/Pipeline.php(219): Illuminate/Http/Middleware/TrustProxies->handle(Object(Illuminate/Http/Request), Object(Closure))
#47 C:/!Telkom/Semester 6/Proyek Perangkat Lunak/SI4705-KELA-main/greennovate/vendor/laravel/framework/src/Illuminate/Foundation/Http/Middleware/InvokeDeferredCallbacks.php(22): Illuminate/Pipeline/Pipeline->Illuminate/Pipeline/{closure}(Object(Illuminate/Http/Request))
#48 C:/!Telkom/Semester 6/Proyek Perangkat Lunak/SI4705-KELA-main/greennovate/vendor/laravel/framework/src/Illuminate/Pipeline/Pipeline.php(219): Illuminate/Foundation/Http/Middleware/InvokeDeferredCallbacks->handle(Object(Illuminate/Http/Request), Object(Closure))
#49 C:/!Telkom/Semester 6/Proyek Perangkat Lunak/SI4705-KELA-main/greennovate/vendor/laravel/framework/src/Illuminate/Http/Middleware/ValidatePathEncoding.php(26): Illuminate/Pipeline/Pipeline->Illuminate/Pipeline/{closure}(Object(Illuminate/Http/Request))
#50 C:/!Telkom/Semester 6/Proyek Perangkat Lunak/SI4705-KELA-main/greennovate/vendor/laravel/framework/src/Illuminate/Pipeline/Pipeline.php(219): Illuminate/Http/Middleware/ValidatePathEncoding->handle(Object(Illuminate/Http/Request), Object(Closure))
#51 C:/!Telkom/Semester 6/Proyek Perangkat Lunak/SI4705-KELA-main/greennovate/vendor/laravel/framework/src/Illuminate/Pipeline/Pipeline.php(137): Illuminate/Pipeline/Pipeline->Illuminate/Pipeline/{closure}(Object(Illuminate/Http/Request))
#52 C:/!Telkom/Semester 6/Proyek Perangkat Lunak/SI4705-KELA-main/greennovate/vendor/laravel/framework/src/Illuminate/Foundation/Http/Kernel.php(175): Illuminate/Pipeline/Pipeline->then(Object(Closure))
#53 C:/!Telkom/Semester 6/Proyek Perangkat Lunak/SI4705-KELA-main/greennovate/vendor/laravel/framework/src/Illuminate/Foundation/Http/Kernel.php(144): Illuminate/Foundation/Http/Kernel->sendRequestThroughRouter(Object(Illuminate/Http/Request))
#54 C:/!Telkom/Semester 6/Proyek Perangkat Lunak/SI4705-KELA-main/greennovate/vendor/laravel/framework/src/Illuminate/Foundation/Application.php(1220): Illuminate/Foundation/Http/Kernel->handle(Object(Illuminate/Http/Request))
#55 C:/!Telkom/Semester 6/Proyek Perangkat Lunak/SI4705-KELA-main/greennovate/public/index.php(20): Illuminate/Foundation/Application->handleRequest(Object(Illuminate/Http/Request))
#56 C:/!Telkom/Semester 6/Proyek Perangkat Lunak/SI4705-KELA-main/greennovate/vendor/laravel/framework/src/Illuminate/Foundation/resources/server.php(23): require_once('C://!Telkom//Seme...')
#57 {main}

[previous exception] [object] (ErrorException(code: 0): Undefined variable $lokasiList at C:/!Telkom/Semester 6/Proyek Perangkat Lunak/SI4705-KELA-main/greennovate/storage/framework/views/bb019435fe3389012f52d72f6186eac3.php:44)
[stacktrace]
#0 C:/!Telkom/Semester 6/Proyek Perangkat Lunak/SI4705-KELA-main/greennovate/vendor/laravel/framework/src/Illuminate/Foundation/Bootstrap/HandleExceptions.php(258): Illuminate/Foundation/Bootstrap/HandleExceptions->handleError(2, 'Undefined varia...', 'C://!Telkom//Seme...', 44)
#1 C:/!Telkom/Semester 6/Proyek Perangkat Lunak/SI4705-KELA-main/greennovate/storage/framework/views/bb019435fe3389012f52d72f6186eac3.php(44): Illuminate/Foundation/Bootstrap/HandleExceptions->Illuminate/Foundation/Bootstrap/{closure}(2, 'Undefined varia...', 'C://!Telkom//Seme...', 44)
#2 C:/!Telkom/Semester 6/Proyek Perangkat Lunak/SI4705-KELA-main/greennovate/vendor/laravel/framework/src/Illuminate/Filesystem/Filesystem.php(123): require('C://!Telkom//Seme...')
#3 C:/!Telkom/Semester 6/Proyek Perangkat Lunak/SI4705-KELA-main/greennovate/vendor/laravel/framework/src/Illuminate/Filesystem/Filesystem.php(124): Illuminate/Filesystem/Filesystem::Illuminate/Filesystem/{closure}()
#4 C:/!Telkom/Semester 6/Proyek Perangkat Lunak/SI4705-KELA-main/greennovate/vendor/laravel/framework/src/Illuminate/View/Engines/PhpEngine.php(57): Illuminate/Filesystem/Filesystem->getRequire('C://!Telkom//Seme...', Array)
#5 C:/!Telkom/Semester 6/Proyek Perangkat Lunak/SI4705-KELA-main/greennovate/vendor/laravel/framework/src/Illuminate/View/Engines/CompilerEngine.php(76): Illuminate/View/Engines/PhpEngine->evaluatePath('C://!Telkom//Seme...', Array)
#6 C:/!Telkom/Semester 6/Proyek Perangkat Lunak/SI4705-KELA-main/greennovate/vendor/laravel/framework/src/Illuminate/View/View.php(208): Illuminate/View/Engines/CompilerEngine->get('C://!Telkom//Seme...', Array)
#7 C:/!Telkom/Semester 6/Proyek Perangkat Lunak/SI4705-KELA-main/greennovate/vendor/laravel/framework/src/Illuminate/View/View.php(191): Illuminate/View/View->getContents()
#8 C:/!Telkom/Semester 6/Proyek Perangkat Lunak/SI4705-KELA-main/greennovate/vendor/laravel/framework/src/Illuminate/View/View.php(160): Illuminate/View/View->renderContents()
#9 C:/!Telkom/Semester 6/Proyek Perangkat Lunak/SI4705-KELA-main/greennovate/vendor/laravel/framework/src/Illuminate/Http/Response.php(78): Illuminate/View/View->render()
#10 C:/!Telkom/Semester 6/Proyek Perangkat Lunak/SI4705-KELA-main/greennovate/vendor/laravel/framework/src/Illuminate/Http/Response.php(34): Illuminate/Http/Response->setContent(Object(Illuminate/View/View))
#11 C:/!Telkom/Semester 6/Proyek Perangkat Lunak/SI4705-KELA-main/greennovate/vendor/laravel/framework/src/Illuminate/Routing/Router.php(939): Illuminate/Http/Response->__construct(Object(Illuminate/View/View), 200, Array)
#12 C:/!Telkom/Semester 6/Proyek Perangkat Lunak/SI4705-KELA-main/greennovate/vendor/laravel/framework/src/Illuminate/Routing/Router.php(906): Illuminate/Routing/Router::toResponse(Object(Illuminate/Http/Request), Object(Illuminate/View/View))
#13 C:/!Telkom/Semester 6/Proyek Perangkat Lunak/SI4705-KELA-main/greennovate/vendor/laravel/framework/src/Illuminate/Routing/Router.php(821): Illuminate/Routing/Router->prepareResponse(Object(Illuminate/Http/Request), Object(Illuminate/View/View))
#14 C:/!Telkom/Semester 6/Proyek Perangkat Lunak/SI4705-KELA-main/greennovate/vendor/laravel/framework/src/Illuminate/Pipeline/Pipeline.php(180): Illuminate/Routing/Router->Illuminate/Routing/{closure}(Object(Illuminate/Http/Request))
#15 C:/!Telkom/Semester 6/Proyek Perangkat Lunak/SI4705-KELA-main/greennovate/app/Http/Middleware/SetLocale.php(39): Illuminate/Pipeline/Pipeline->Illuminate/Pipeline/{closure}(Object(Illuminate/Http/Request))
#16 C:/!Telkom/Semester 6/Proyek Perangkat Lunak/SI4705-KELA-main/greennovate/vendor/laravel/framework/src/Illuminate/Pipeline/Pipeline.php(219): App/Http/Middleware/SetLocale->handle(Object(Illuminate/Http/Request), Object(Closure))
#17 C:/!Telkom/Semester 6/Proyek Perangkat Lunak/SI4705-KELA-main/greennovate/vendor/laravel/framework/src/Illuminate/Routing/Middleware/SubstituteBindings.php(50): Illuminate/Pipeline/Pipeline->Illuminate/Pipeline/{closure}(Object(Illuminate/Http/Request))
#18 C:/!Telkom/Semester 6/Proyek Perangkat Lunak/SI4705-KELA-main/greennovate/vendor/laravel/framework/src/Illuminate/Pipeline/Pipeline.php(219): Illuminate/Routing/Middleware/SubstituteBindings->handle(Object(Illuminate/Http/Request), Object(Closure))
#19 C:/!Telkom/Semester 6/Proyek Perangkat Lunak/SI4705-KELA-main/greennovate/vendor/laravel/framework/src/Illuminate/Foundation/Http/Middleware/VerifyCsrfToken.php(87): Illuminate/Pipeline/Pipeline->Illuminate/Pipeline/{closure}(Object(Illuminate/Http/Request))
#20 C:/!Telkom/Semester 6/Proyek Perangkat Lunak/SI4705-KELA-main/greennovate/vendor/laravel/framework/src/Illuminate/Pipeline/Pipeline.php(219): Illuminate/Foundation/Http/Middleware/VerifyCsrfToken->handle(Object(Illuminate/Http/Request), Object(Closure))
#21 C:/!Telkom/Semester 6/Proyek Perangkat Lunak/SI4705-KELA-main/greennovate/vendor/laravel/framework/src/Illuminate/View/Middleware/ShareErrorsFromSession.php(48): Illuminate/Pipeline/Pipeline->Illuminate/Pipeline/{closure}(Object(Illuminate/Http/Request))
#22 C:/!Telkom/Semester 6/Proyek Perangkat Lunak/SI4705-KELA-main/greennovate/vendor/laravel/framework/src/Illuminate/Pipeline/Pipeline.php(219): Illuminate/View/Middleware/ShareErrorsFromSession->handle(Object(Illuminate/Http/Request), Object(Closure))
#23 C:/!Telkom/Semester 6/Proyek Perangkat Lunak/SI4705-KELA-main/greennovate/vendor/laravel/framework/src/Illuminate/Session/Middleware/StartSession.php(120): Illuminate/Pipeline/Pipeline->Illuminate/Pipeline/{closure}(Object(Illuminate/Http/Request))
#24 C:/!Telkom/Semester 6/Proyek Perangkat Lunak/SI4705-KELA-main/greennovate/vendor/laravel/framework/src/Illuminate/Session/Middleware/StartSession.php(63): Illuminate/Session/Middleware/StartSession->handleStatefulRequest(Object(Illuminate/Http/Request), Object(Illuminate/Session/Store), Object(Closure))
#25 C:/!Telkom/Semester 6/Proyek Perangkat Lunak/SI4705-KELA-main/greennovate/vendor/laravel/framework/src/Illuminate/Pipeline/Pipeline.php(219): Illuminate/Session/Middleware/StartSession->handle(Object(Illuminate/Http/Request), Object(Closure))
#26 C:/!Telkom/Semester 6/Proyek Perangkat Lunak/SI4705-KELA-main/greennovate/vendor/laravel/framework/src/Illuminate/Cookie/Middleware/AddQueuedCookiesToResponse.php(36): Illuminate/Pipeline/Pipeline->Illuminate/Pipeline/{closure}(Object(Illuminate/Http/Request))
#27 C:/!Telkom/Semester 6/Proyek Perangkat Lunak/SI4705-KELA-main/greennovate/vendor/laravel/framework/src/Illuminate/Pipeline/Pipeline.php(219): Illuminate/Cookie/Middleware/AddQueuedCookiesToResponse->handle(Object(Illuminate/Http/Request), Object(Closure))
#28 C:/!Telkom/Semester 6/Proyek Perangkat Lunak/SI4705-KELA-main/greennovate/vendor/laravel/framework/src/Illuminate/Cookie/Middleware/EncryptCookies.php(74): Illuminate/Pipeline/Pipeline->Illuminate/Pipeline/{closure}(Object(Illuminate/Http/Request))
#29 C:/!Telkom/Semester 6/Proyek Perangkat Lunak/SI4705-KELA-main/greennovate/vendor/laravel/framework/src/Illuminate/Pipeline/Pipeline.php(219): Illuminate/Cookie/Middleware/EncryptCookies->handle(Object(Illuminate/Http/Request), Object(Closure))
#30 C:/!Telkom/Semester 6/Proyek Perangkat Lunak/SI4705-KELA-main/greennovate/vendor/laravel/framework/src/Illuminate/Pipeline/Pipeline.php(137): Illuminate/Pipeline/Pipeline->Illuminate/Pipeline/{closure}(Object(Illuminate/Http/Request))
#31 C:/!Telkom/Semester 6/Proyek Perangkat Lunak/SI4705-KELA-main/greennovate/vendor/laravel/framework/src/Illuminate/Routing/Router.php(821): Illuminate/Pipeline/Pipeline->then(Object(Closure))
#32 C:/!Telkom/Semester 6/Proyek Perangkat Lunak/SI4705-KELA-main/greennovate/vendor/laravel/framework/src/Illuminate/Routing/Router.php(800): Illuminate/Routing/Router->runRouteWithinStack(Object(Illuminate/Routing/Route), Object(Illuminate/Http/Request))
#33 C:/!Telkom/Semester 6/Proyek Perangkat Lunak/SI4705-KELA-main/greennovate/vendor/laravel/framework/src/Illuminate/Routing/Router.php(764): Illuminate/Routing/Router->runRoute(Object(Illuminate/Http/Request), Object(Illuminate/Routing/Route))
#34 C:/!Telkom/Semester 6/Proyek Perangkat Lunak/SI4705-KELA-main/greennovate/vendor/laravel/framework/src/Illuminate/Routing/Router.php(753): Illuminate/Routing/Router->dispatchToRoute(Object(Illuminate/Http/Request))
#35 C:/!Telkom/Semester 6/Proyek Perangkat Lunak/SI4705-KELA-main/greennovate/vendor/laravel/framework/src/Illuminate/Foundation/Http/Kernel.php(200): Illuminate/Routing/Router->dispatch(Object(Illuminate/Http/Request))
#36 C:/!Telkom/Semester 6/Proyek Perangkat Lunak/SI4705-KELA-main/greennovate/vendor/laravel/framework/src/Illuminate/Pipeline/Pipeline.php(180): Illuminate/Foundation/Http/Kernel->Illuminate/Foundation/Http/{closure}(Object(Illuminate/Http/Request))
#37 C:/!Telkom/Semester 6/Proyek Perangkat Lunak/SI4705-KELA-main/greennovate/vendor/laravel/framework/src/Illuminate/Foundation/Http/Middleware/TransformsRequest.php(21): Illuminate/Pipeline/Pipeline->Illuminate/Pipeline/{closure}(Object(Illuminate/Http/Request))
#38 C:/!Telkom/Semester 6/Proyek Perangkat Lunak/SI4705-KELA-main/greennovate/vendor/laravel/framework/src/Illuminate/Foundation/Http/Middleware/ConvertEmptyStringsToNull.php(31): Illuminate/Foundation/Http/Middleware/TransformsRequest->handle(Object(Illuminate/Http/Request), Object(Closure))
#39 C:/!Telkom/Semester 6/Proyek Perangkat Lunak/SI4705-KELA-main/greennovate/vendor/laravel/framework/src/Illuminate/Pipeline/Pipeline.php(219): Illuminate/Foundation/Http/Middleware/ConvertEmptyStringsToNull->handle(Object(Illuminate/Http/Request), Object(Closure))
#40 C:/!Telkom/Semester 6/Proyek Perangkat Lunak/SI4705-KELA-main/greennovate/vendor/laravel/framework/src/Illuminate/Foundation/Http/Middleware/TransformsRequest.php(21): Illuminate/Pipeline/Pipeline->Illuminate/Pipeline/{closure}(Object(Illuminate/Http/Request))
#41 C:/!Telkom/Semester 6/Proyek Perangkat Lunak/SI4705-KELA-main/greennovate/vendor/laravel/framework/src/Illuminate/Foundation/Http/Middleware/TrimStrings.php(51): Illuminate/Foundation/Http/Middleware/TransformsRequest->handle(Object(Illuminate/Http/Request), Object(Closure))
#42 C:/!Telkom/Semester 6/Proyek Perangkat Lunak/SI4705-KELA-main/greennovate/vendor/laravel/framework/src/Illuminate/Pipeline/Pipeline.php(219): Illuminate/Foundation/Http/Middleware/TrimStrings->handle(Object(Illuminate/Http/Request), Object(Closure))
#43 C:/!Telkom/Semester 6/Proyek Perangkat Lunak/SI4705-KELA-main/greennovate/vendor/laravel/framework/src/Illuminate/Http/Middleware/ValidatePostSize.php(27): Illuminate/Pipeline/Pipeline->Illuminate/Pipeline/{closure}(Object(Illuminate/Http/Request))
#44 C:/!Telkom/Semester 6/Proyek Perangkat Lunak/SI4705-KELA-main/greennovate/vendor/laravel/framework/src/Illuminate/Pipeline/Pipeline.php(219): Illuminate/Http/Middleware/ValidatePostSize->handle(Object(Illuminate/Http/Request), Object(Closure))
#45 C:/!Telkom/Semester 6/Proyek Perangkat Lunak/SI4705-KELA-main/greennovate/vendor/laravel/framework/src/Illuminate/Foundation/Http/Middleware/PreventRequestsDuringMaintenance.php(109): Illuminate/Pipeline/Pipeline->Illuminate/Pipeline/{closure}(Object(Illuminate/Http/Request))
#46 C:/!Telkom/Semester 6/Proyek Perangkat Lunak/SI4705-KELA-main/greennovate/vendor/laravel/framework/src/Illuminate/Pipeline/Pipeline.php(219): Illuminate/Foundation/Http/Middleware/PreventRequestsDuringMaintenance->handle(Object(Illuminate/Http/Request), Object(Closure))
#47 C:/!Telkom/Semester 6/Proyek Perangkat Lunak/SI4705-KELA-main/greennovate/vendor/laravel/framework/src/Illuminate/Http/Middleware/HandleCors.php(61): Illuminate/Pipeline/Pipeline->Illuminate/Pipeline/{closure}(Object(Illuminate/Http/Request))
#48 C:/!Telkom/Semester 6/Proyek Perangkat Lunak/SI4705-KELA-main/greennovate/vendor/laravel/framework/src/Illuminate/Pipeline/Pipeline.php(219): Illuminate/Http/Middleware/HandleCors->handle(Object(Illuminate/Http/Request), Object(Closure))
#49 C:/!Telkom/Semester 6/Proyek Perangkat Lunak/SI4705-KELA-main/greennovate/vendor/laravel/framework/src/Illuminate/Http/Middleware/TrustProxies.php(58): Illuminate/Pipeline/Pipeline->Illuminate/Pipeline/{closure}(Object(Illuminate/Http/Request))
#50 C:/!Telkom/Semester 6/Proyek Perangkat Lunak/SI4705-KELA-main/greennovate/vendor/laravel/framework/src/Illuminate/Pipeline/Pipeline.php(219): Illuminate/Http/Middleware/TrustProxies->handle(Object(Illuminate/Http/Request), Object(Closure))
#51 C:/!Telkom/Semester 6/Proyek Perangkat Lunak/SI4705-KELA-main/greennovate/vendor/laravel/framework/src/Illuminate/Foundation/Http/Middleware/InvokeDeferredCallbacks.php(22): Illuminate/Pipeline/Pipeline->Illuminate/Pipeline/{closure}(Object(Illuminate/Http/Request))
#52 C:/!Telkom/Semester 6/Proyek Perangkat Lunak/SI4705-KELA-main/greennovate/vendor/laravel/framework/src/Illuminate/Pipeline/Pipeline.php(219): Illuminate/Foundation/Http/Middleware/InvokeDeferredCallbacks->handle(Object(Illuminate/Http/Request), Object(Closure))
#53 C:/!Telkom/Semester 6/Proyek Perangkat Lunak/SI4705-KELA-main/greennovate/vendor/laravel/framework/src/Illuminate/Http/Middleware/ValidatePathEncoding.php(26): Illuminate/Pipeline/Pipeline->Illuminate/Pipeline/{closure}(Object(Illuminate/Http/Request))
#54 C:/!Telkom/Semester 6/Proyek Perangkat Lunak/SI4705-KELA-main/greennovate/vendor/laravel/framework/src/Illuminate/Pipeline/Pipeline.php(219): Illuminate/Http/Middleware/ValidatePathEncoding->handle(Object(Illuminate/Http/Request), Object(Closure))
#55 C:/!Telkom/Semester 6/Proyek Perangkat Lunak/SI4705-KELA-main/greennovate/vendor/laravel/framework/src/Illuminate/Pipeline/Pipeline.php(137): Illuminate/Pipeline/Pipeline->Illuminate/Pipeline/{closure}(Object(Illuminate/Http/Request))
#56 C:/!Telkom/Semester 6/Proyek Perangkat Lunak/SI4705-KELA-main/greennovate/vendor/laravel/framework/src/Illuminate/Foundation/Http/Kernel.php(175): Illuminate/Pipeline/Pipeline->then(Object(Closure))
#57 C:/!Telkom/Semester 6/Proyek Perangkat Lunak/SI4705-KELA-main/greennovate/vendor/laravel/framework/src/Illuminate/Foundation/Http/Kernel.php(144): Illuminate/Foundation/Http/Kernel->sendRequestThroughRouter(Object(Illuminate/Http/Request))
#58 C:/!Telkom/Semester 6/Proyek Perangkat Lunak/SI4705-KELA-main/greennovate/vendor/laravel/framework/src/Illuminate/Foundation/Application.php(1220): Illuminate/Foundation/Http/Kernel->handle(Object(Illuminate/Http/Request))
#59 C:/!Telkom/Semester 6/Proyek Perangkat Lunak/SI4705-KELA-main/greennovate/public/index.php(20): Illuminate/Foundation/Application->handleRequest(Object(Illuminate/Http/Request))
#60 C:/!Telkom/Semester 6/Proyek Perangkat Lunak/SI4705-KELA-main/greennovate/vendor/laravel/framework/src/Illuminate/Foundation/resources/server.php(23): require_once('C://!Telkom//Seme...')
#61 {main}
"} 
[2026-05-04 13:48:18] local.ERROR: Undefined variable $lokasiList (View: C:\!Telkom\Semester 6\Proyek Perangkat Lunak\SI4705-KELA-main\greennovate\resources\views\Kegiatan\Index.blade.php) {"userId":4,"exception":"[object] (Illuminate\\View\\ViewException(code: 0): Undefined variable $lokasiList (View: C:\\!Telkom\\Semester 6\\Proyek Perangkat Lunak\\SI4705-KELA-main\\greennovate\\resources\\views\\Kegiatan\\Index.blade.php) at C:/!Telkom/Semester 6/Proyek Perangkat Lunak/SI4705-KELA-main/greennovate/storage/framework/views/bb019435fe3389012f52d72f6186eac3.php:44)
[stacktrace]
#0 C:/!Telkom/Semester 6/Proyek Perangkat Lunak/SI4705-KELA-main/greennovate/vendor/laravel/framework/src/Illuminate/View/Engines/PhpEngine.php(59): Illuminate/View/Engines/CompilerEngine->handleViewException(Object(ErrorException), 1)
#1 C:/!Telkom/Semester 6/Proyek Perangkat Lunak/SI4705-KELA-main/greennovate/vendor/laravel/framework/src/Illuminate/View/Engines/CompilerEngine.php(76): Illuminate/View/Engines/PhpEngine->evaluatePath('C://!Telkom//Seme...', Array)
#2 C:/!Telkom/Semester 6/Proyek Perangkat Lunak/SI4705-KELA-main/greennovate/vendor/laravel/framework/src/Illuminate/View/View.php(208): Illuminate/View/Engines/CompilerEngine->get('C://!Telkom//Seme...', Array)
#3 C:/!Telkom/Semester 6/Proyek Perangkat Lunak/SI4705-KELA-main/greennovate/vendor/laravel/framework/src/Illuminate/View/View.php(191): Illuminate/View/View->getContents()
#4 C:/!Telkom/Semester 6/Proyek Perangkat Lunak/SI4705-KELA-main/greennovate/vendor/laravel/framework/src/Illuminate/View/View.php(160): Illuminate/View/View->renderContents()
#5 C:/!Telkom/Semester 6/Proyek Perangkat Lunak/SI4705-KELA-main/greennovate/vendor/laravel/framework/src/Illuminate/Http/Response.php(78): Illuminate/View/View->render()
#6 C:/!Telkom/Semester 6/Proyek Perangkat Lunak/SI4705-KELA-main/greennovate/vendor/laravel/framework/src/Illuminate/Http/Response.php(34): Illuminate/Http/Response->setContent(Object(Illuminate/View/View))
#7 C:/!Telkom/Semester 6/Proyek Perangkat Lunak/SI4705-KELA-main/greennovate/vendor/laravel/framework/src/Illuminate/Routing/Router.php(939): Illuminate/Http/Response->__construct(Object(Illuminate/View/View), 200, Array)
#8 C:/!Telkom/Semester 6/Proyek Perangkat Lunak/SI4705-KELA-main/greennovate/vendor/laravel/framework/src/Illuminate/Routing/Router.php(906): Illuminate/Routing/Router::toResponse(Object(Illuminate/Http/Request), Object(Illuminate/View/View))
#9 C:/!Telkom/Semester 6/Proyek Perangkat Lunak/SI4705-KELA-main/greennovate/vendor/laravel/framework/src/Illuminate/Routing/Router.php(821): Illuminate/Routing/Router->prepareResponse(Object(Illuminate/Http/Request), Object(Illuminate/View/View))
#10 C:/!Telkom/Semester 6/Proyek Perangkat Lunak/SI4705-KELA-main/greennovate/vendor/laravel/framework/src/Illuminate/Pipeline/Pipeline.php(180): Illuminate/Routing/Router->Illuminate/Routing/{closure}(Object(Illuminate/Http/Request))
#11 C:/!Telkom/Semester 6/Proyek Perangkat Lunak/SI4705-KELA-main/greennovate/app/Http/Middleware/SetLocale.php(39): Illuminate/Pipeline/Pipeline->Illuminate/Pipeline/{closure}(Object(Illuminate/Http/Request))
#12 C:/!Telkom/Semester 6/Proyek Perangkat Lunak/SI4705-KELA-main/greennovate/vendor/laravel/framework/src/Illuminate/Pipeline/Pipeline.php(219): App/Http/Middleware/SetLocale->handle(Object(Illuminate/Http/Request), Object(Closure))
#13 C:/!Telkom/Semester 6/Proyek Perangkat Lunak/SI4705-KELA-main/greennovate/vendor/laravel/framework/src/Illuminate/Routing/Middleware/SubstituteBindings.php(50): Illuminate/Pipeline/Pipeline->Illuminate/Pipeline/{closure}(Object(Illuminate/Http/Request))
#14 C:/!Telkom/Semester 6/Proyek Perangkat Lunak/SI4705-KELA-main/greennovate/vendor/laravel/framework/src/Illuminate/Pipeline/Pipeline.php(219): Illuminate/Routing/Middleware/SubstituteBindings->handle(Object(Illuminate/Http/Request), Object(Closure))
#15 C:/!Telkom/Semester 6/Proyek Perangkat Lunak/SI4705-KELA-main/greennovate/vendor/laravel/framework/src/Illuminate/Foundation/Http/Middleware/VerifyCsrfToken.php(87): Illuminate/Pipeline/Pipeline->Illuminate/Pipeline/{closure}(Object(Illuminate/Http/Request))
#16 C:/!Telkom/Semester 6/Proyek Perangkat Lunak/SI4705-KELA-main/greennovate/vendor/laravel/framework/src/Illuminate/Pipeline/Pipeline.php(219): Illuminate/Foundation/Http/Middleware/VerifyCsrfToken->handle(Object(Illuminate/Http/Request), Object(Closure))
#17 C:/!Telkom/Semester 6/Proyek Perangkat Lunak/SI4705-KELA-main/greennovate/vendor/laravel/framework/src/Illuminate/View/Middleware/ShareErrorsFromSession.php(48): Illuminate/Pipeline/Pipeline->Illuminate/Pipeline/{closure}(Object(Illuminate/Http/Request))
#18 C:/!Telkom/Semester 6/Proyek Perangkat Lunak/SI4705-KELA-main/greennovate/vendor/laravel/framework/src/Illuminate/Pipeline/Pipeline.php(219): Illuminate/View/Middleware/ShareErrorsFromSession->handle(Object(Illuminate/Http/Request), Object(Closure))
#19 C:/!Telkom/Semester 6/Proyek Perangkat Lunak/SI4705-KELA-main/greennovate/vendor/laravel/framework/src/Illuminate/Session/Middleware/StartSession.php(120): Illuminate/Pipeline/Pipeline->Illuminate/Pipeline/{closure}(Object(Illuminate/Http/Request))
#20 C:/!Telkom/Semester 6/Proyek Perangkat Lunak/SI4705-KELA-main/greennovate/vendor/laravel/framework/src/Illuminate/Session/Middleware/StartSession.php(63): Illuminate/Session/Middleware/StartSession->handleStatefulRequest(Object(Illuminate/Http/Request), Object(Illuminate/Session/Store), Object(Closure))
#21 C:/!Telkom/Semester 6/Proyek Perangkat Lunak/SI4705-KELA-main/greennovate/vendor/laravel/framework/src/Illuminate/Pipeline/Pipeline.php(219): Illuminate/Session/Middleware/StartSession->handle(Object(Illuminate/Http/Request), Object(Closure))
#22 C:/!Telkom/Semester 6/Proyek Perangkat Lunak/SI4705-KELA-main/greennovate/vendor/laravel/framework/src/Illuminate/Cookie/Middleware/AddQueuedCookiesToResponse.php(36): Illuminate/Pipeline/Pipeline->Illuminate/Pipeline/{closure}(Object(Illuminate/Http/Request))
#23 C:/!Telkom/Semester 6/Proyek Perangkat Lunak/SI4705-KELA-main/greennovate/vendor/laravel/framework/src/Illuminate/Pipeline/Pipeline.php(219): Illuminate/Cookie/Middleware/AddQueuedCookiesToResponse->handle(Object(Illuminate/Http/Request), Object(Closure))
#24 C:/!Telkom/Semester 6/Proyek Perangkat Lunak/SI4705-KELA-main/greennovate/vendor/laravel/framework/src/Illuminate/Cookie/Middleware/EncryptCookies.php(74): Illuminate/Pipeline/Pipeline->Illuminate/Pipeline/{closure}(Object(Illuminate/Http/Request))
#25 C:/!Telkom/Semester 6/Proyek Perangkat Lunak/SI4705-KELA-main/greennovate/vendor/laravel/framework/src/Illuminate/Pipeline/Pipeline.php(219): Illuminate/Cookie/Middleware/EncryptCookies->handle(Object(Illuminate/Http/Request), Object(Closure))
#26 C:/!Telkom/Semester 6/Proyek Perangkat Lunak/SI4705-KELA-main/greennovate/vendor/laravel/framework/src/Illuminate/Pipeline/Pipeline.php(137): Illuminate/Pipeline/Pipeline->Illuminate/Pipeline/{closure}(Object(Illuminate/Http/Request))
#27 C:/!Telkom/Semester 6/Proyek Perangkat Lunak/SI4705-KELA-main/greennovate/vendor/laravel/framework/src/Illuminate/Routing/Router.php(821): Illuminate/Pipeline/Pipeline->then(Object(Closure))
#28 C:/!Telkom/Semester 6/Proyek Perangkat Lunak/SI4705-KELA-main/greennovate/vendor/laravel/framework/src/Illuminate/Routing/Router.php(800): Illuminate/Routing/Router->runRouteWithinStack(Object(Illuminate/Routing/Route), Object(Illuminate/Http/Request))
#29 C:/!Telkom/Semester 6/Proyek Perangkat Lunak/SI4705-KELA-main/greennovate/vendor/laravel/framework/src/Illuminate/Routing/Router.php(764): Illuminate/Routing/Router->runRoute(Object(Illuminate/Http/Request), Object(Illuminate/Routing/Route))
#30 C:/!Telkom/Semester 6/Proyek Perangkat Lunak/SI4705-KELA-main/greennovate/vendor/laravel/framework/src/Illuminate/Routing/Router.php(753): Illuminate/Routing/Router->dispatchToRoute(Object(Illuminate/Http/Request))
#31 C:/!Telkom/Semester 6/Proyek Perangkat Lunak/SI4705-KELA-main/greennovate/vendor/laravel/framework/src/Illuminate/Foundation/Http/Kernel.php(200): Illuminate/Routing/Router->dispatch(Object(Illuminate/Http/Request))
#32 C:/!Telkom/Semester 6/Proyek Perangkat Lunak/SI4705-KELA-main/greennovate/vendor/laravel/framework/src/Illuminate/Pipeline/Pipeline.php(180): Illuminate/Foundation/Http/Kernel->Illuminate/Foundation/Http/{closure}(Object(Illuminate/Http/Request))
#33 C:/!Telkom/Semester 6/Proyek Perangkat Lunak/SI4705-KELA-main/greennovate/vendor/laravel/framework/src/Illuminate/Foundation/Http/Middleware/TransformsRequest.php(21): Illuminate/Pipeline/Pipeline->Illuminate/Pipeline/{closure}(Object(Illuminate/Http/Request))
#34 C:/!Telkom/Semester 6/Proyek Perangkat Lunak/SI4705-KELA-main/greennovate/vendor/laravel/framework/src/Illuminate/Foundation/Http/Middleware/ConvertEmptyStringsToNull.php(31): Illuminate/Foundation/Http/Middleware/TransformsRequest->handle(Object(Illuminate/Http/Request), Object(Closure))
#35 C:/!Telkom/Semester 6/Proyek Perangkat Lunak/SI4705-KELA-main/greennovate/vendor/laravel/framework/src/Illuminate/Pipeline/Pipeline.php(219): Illuminate/Foundation/Http/Middleware/ConvertEmptyStringsToNull->handle(Object(Illuminate/Http/Request), Object(Closure))
#36 C:/!Telkom/Semester 6/Proyek Perangkat Lunak/SI4705-KELA-main/greennovate/vendor/laravel/framework/src/Illuminate/Foundation/Http/Middleware/TransformsRequest.php(21): Illuminate/Pipeline/Pipeline->Illuminate/Pipeline/{closure}(Object(Illuminate/Http/Request))
#37 C:/!Telkom/Semester 6/Proyek Perangkat Lunak/SI4705-KELA-main/greennovate/vendor/laravel/framework/src/Illuminate/Foundation/Http/Middleware/TrimStrings.php(51): Illuminate/Foundation/Http/Middleware/TransformsRequest->handle(Object(Illuminate/Http/Request), Object(Closure))
#38 C:/!Telkom/Semester 6/Proyek Perangkat Lunak/SI4705-KELA-main/greennovate/vendor/laravel/framework/src/Illuminate/Pipeline/Pipeline.php(219): Illuminate/Foundation/Http/Middleware/TrimStrings->handle(Object(Illuminate/Http/Request), Object(Closure))
#39 C:/!Telkom/Semester 6/Proyek Perangkat Lunak/SI4705-KELA-main/greennovate/vendor/laravel/framework/src/Illuminate/Http/Middleware/ValidatePostSize.php(27): Illuminate/Pipeline/Pipeline->Illuminate/Pipeline/{closure}(Object(Illuminate/Http/Request))
#40 C:/!Telkom/Semester 6/Proyek Perangkat Lunak/SI4705-KELA-main/greennovate/vendor/laravel/framework/src/Illuminate/Pipeline/Pipeline.php(219): Illuminate/Http/Middleware/ValidatePostSize->handle(Object(Illuminate/Http/Request), Object(Closure))
#41 C:/!Telkom/Semester 6/Proyek Perangkat Lunak/SI4705-KELA-main/greennovate/vendor/laravel/framework/src/Illuminate/Foundation/Http/Middleware/PreventRequestsDuringMaintenance.php(109): Illuminate/Pipeline/Pipeline->Illuminate/Pipeline/{closure}(Object(Illuminate/Http/Request))
#42 C:/!Telkom/Semester 6/Proyek Perangkat Lunak/SI4705-KELA-main/greennovate/vendor/laravel/framework/src/Illuminate/Pipeline/Pipeline.php(219): Illuminate/Foundation/Http/Middleware/PreventRequestsDuringMaintenance->handle(Object(Illuminate/Http/Request), Object(Closure))
#43 C:/!Telkom/Semester 6/Proyek Perangkat Lunak/SI4705-KELA-main/greennovate/vendor/laravel/framework/src/Illuminate/Http/Middleware/HandleCors.php(61): Illuminate/Pipeline/Pipeline->Illuminate/Pipeline/{closure}(Object(Illuminate/Http/Request))
#44 C:/!Telkom/Semester 6/Proyek Perangkat Lunak/SI4705-KELA-main/greennovate/vendor/laravel/framework/src/Illuminate/Pipeline/Pipeline.php(219): Illuminate/Http/Middleware/HandleCors->handle(Object(Illuminate/Http/Request), Object(Closure))
#45 C:/!Telkom/Semester 6/Proyek Perangkat Lunak/SI4705-KELA-main/greennovate/vendor/laravel/framework/src/Illuminate/Http/Middleware/TrustProxies.php(58): Illuminate/Pipeline/Pipeline->Illuminate/Pipeline/{closure}(Object(Illuminate/Http/Request))
#46 C:/!Telkom/Semester 6/Proyek Perangkat Lunak/SI4705-KELA-main/greennovate/vendor/laravel/framework/src/Illuminate/Pipeline/Pipeline.php(219): Illuminate/Http/Middleware/TrustProxies->handle(Object(Illuminate/Http/Request), Object(Closure))
#47 C:/!Telkom/Semester 6/Proyek Perangkat Lunak/SI4705-KELA-main/greennovate/vendor/laravel/framework/src/Illuminate/Foundation/Http/Middleware/InvokeDeferredCallbacks.php(22): Illuminate/Pipeline/Pipeline->Illuminate/Pipeline/{closure}(Object(Illuminate/Http/Request))
#48 C:/!Telkom/Semester 6/Proyek Perangkat Lunak/SI4705-KELA-main/greennovate/vendor/laravel/framework/src/Illuminate/Pipeline/Pipeline.php(219): Illuminate/Foundation/Http/Middleware/InvokeDeferredCallbacks->handle(Object(Illuminate/Http/Request), Object(Closure))
#49 C:/!Telkom/Semester 6/Proyek Perangkat Lunak/SI4705-KELA-main/greennovate/vendor/laravel/framework/src/Illuminate/Http/Middleware/ValidatePathEncoding.php(26): Illuminate/Pipeline/Pipeline->Illuminate/Pipeline/{closure}(Object(Illuminate/Http/Request))
#50 C:/!Telkom/Semester 6/Proyek Perangkat Lunak/SI4705-KELA-main/greennovate/vendor/laravel/framework/src/Illuminate/Pipeline/Pipeline.php(219): Illuminate/Http/Middleware/ValidatePathEncoding->handle(Object(Illuminate/Http/Request), Object(Closure))
#51 C:/!Telkom/Semester 6/Proyek Perangkat Lunak/SI4705-KELA-main/greennovate/vendor/laravel/framework/src/Illuminate/Pipeline/Pipeline.php(137): Illuminate/Pipeline/Pipeline->Illuminate/Pipeline/{closure}(Object(Illuminate/Http/Request))
#52 C:/!Telkom/Semester 6/Proyek Perangkat Lunak/SI4705-KELA-main/greennovate/vendor/laravel/framework/src/Illuminate/Foundation/Http/Kernel.php(175): Illuminate/Pipeline/Pipeline->then(Object(Closure))
#53 C:/!Telkom/Semester 6/Proyek Perangkat Lunak/SI4705-KELA-main/greennovate/vendor/laravel/framework/src/Illuminate/Foundation/Http/Kernel.php(144): Illuminate/Foundation/Http/Kernel->sendRequestThroughRouter(Object(Illuminate/Http/Request))
#54 C:/!Telkom/Semester 6/Proyek Perangkat Lunak/SI4705-KELA-main/greennovate/vendor/laravel/framework/src/Illuminate/Foundation/Application.php(1220): Illuminate/Foundation/Http/Kernel->handle(Object(Illuminate/Http/Request))
#55 C:/!Telkom/Semester 6/Proyek Perangkat Lunak/SI4705-KELA-main/greennovate/public/index.php(20): Illuminate/Foundation/Application->handleRequest(Object(Illuminate/Http/Request))
#56 C:/!Telkom/Semester 6/Proyek Perangkat Lunak/SI4705-KELA-main/greennovate/vendor/laravel/framework/src/Illuminate/Foundation/resources/server.php(23): require_once('C://!Telkom//Seme...')
#57 {main}

[previous exception] [object] (ErrorException(code: 0): Undefined variable $lokasiList at C:/!Telkom/Semester 6/Proyek Perangkat Lunak/SI4705-KELA-main/greennovate/storage/framework/views/bb019435fe3389012f52d72f6186eac3.php:44)
[stacktrace]
#0 C:/!Telkom/Semester 6/Proyek Perangkat Lunak/SI4705-KELA-main/greennovate/vendor/laravel/framework/src/Illuminate/Foundation/Bootstrap/HandleExceptions.php(258): Illuminate/Foundation/Bootstrap/HandleExceptions->handleError(2, 'Undefined varia...', 'C://!Telkom//Seme...', 44)
#1 C:/!Telkom/Semester 6/Proyek Perangkat Lunak/SI4705-KELA-main/greennovate/storage/framework/views/bb019435fe3389012f52d72f6186eac3.php(44): Illuminate/Foundation/Bootstrap/HandleExceptions->Illuminate/Foundation/Bootstrap/{closure}(2, 'Undefined varia...', 'C://!Telkom//Seme...', 44)
#2 C:/!Telkom/Semester 6/Proyek Perangkat Lunak/SI4705-KELA-main/greennovate/vendor/laravel/framework/src/Illuminate/Filesystem/Filesystem.php(123): require('C://!Telkom//Seme...')
#3 C:/!Telkom/Semester 6/Proyek Perangkat Lunak/SI4705-KELA-main/greennovate/vendor/laravel/framework/src/Illuminate/Filesystem/Filesystem.php(124): Illuminate/Filesystem/Filesystem::Illuminate/Filesystem/{closure}()
#4 C:/!Telkom/Semester 6/Proyek Perangkat Lunak/SI4705-KELA-main/greennovate/vendor/laravel/framework/src/Illuminate/View/Engines/PhpEngine.php(57): Illuminate/Filesystem/Filesystem->getRequire('C://!Telkom//Seme...', Array)
#5 C:/!Telkom/Semester 6/Proyek Perangkat Lunak/SI4705-KELA-main/greennovate/vendor/laravel/framework/src/Illuminate/View/Engines/CompilerEngine.php(76): Illuminate/View/Engines/PhpEngine->evaluatePath('C://!Telkom//Seme...', Array)
#6 C:/!Telkom/Semester 6/Proyek Perangkat Lunak/SI4705-KELA-main/greennovate/vendor/laravel/framework/src/Illuminate/View/View.php(208): Illuminate/View/Engines/CompilerEngine->get('C://!Telkom//Seme...', Array)
#7 C:/!Telkom/Semester 6/Proyek Perangkat Lunak/SI4705-KELA-main/greennovate/vendor/laravel/framework/src/Illuminate/View/View.php(191): Illuminate/View/View->getContents()
#8 C:/!Telkom/Semester 6/Proyek Perangkat Lunak/SI4705-KELA-main/greennovate/vendor/laravel/framework/src/Illuminate/View/View.php(160): Illuminate/View/View->renderContents()
#9 C:/!Telkom/Semester 6/Proyek Perangkat Lunak/SI4705-KELA-main/greennovate/vendor/laravel/framework/src/Illuminate/Http/Response.php(78): Illuminate/View/View->render()
#10 C:/!Telkom/Semester 6/Proyek Perangkat Lunak/SI4705-KELA-main/greennovate/vendor/laravel/framework/src/Illuminate/Http/Response.php(34): Illuminate/Http/Response->setContent(Object(Illuminate/View/View))
#11 C:/!Telkom/Semester 6/Proyek Perangkat Lunak/SI4705-KELA-main/greennovate/vendor/laravel/framework/src/Illuminate/Routing/Router.php(939): Illuminate/Http/Response->__construct(Object(Illuminate/View/View), 200, Array)
#12 C:/!Telkom/Semester 6/Proyek Perangkat Lunak/SI4705-KELA-main/greennovate/vendor/laravel/framework/src/Illuminate/Routing/Router.php(906): Illuminate/Routing/Router::toResponse(Object(Illuminate/Http/Request), Object(Illuminate/View/View))
#13 C:/!Telkom/Semester 6/Proyek Perangkat Lunak/SI4705-KELA-main/greennovate/vendor/laravel/framework/src/Illuminate/Routing/Router.php(821): Illuminate/Routing/Router->prepareResponse(Object(Illuminate/Http/Request), Object(Illuminate/View/View))
#14 C:/!Telkom/Semester 6/Proyek Perangkat Lunak/SI4705-KELA-main/greennovate/vendor/laravel/framework/src/Illuminate/Pipeline/Pipeline.php(180): Illuminate/Routing/Router->Illuminate/Routing/{closure}(Object(Illuminate/Http/Request))
#15 C:/!Telkom/Semester 6/Proyek Perangkat Lunak/SI4705-KELA-main/greennovate/app/Http/Middleware/SetLocale.php(39): Illuminate/Pipeline/Pipeline->Illuminate/Pipeline/{closure}(Object(Illuminate/Http/Request))
#16 C:/!Telkom/Semester 6/Proyek Perangkat Lunak/SI4705-KELA-main/greennovate/vendor/laravel/framework/src/Illuminate/Pipeline/Pipeline.php(219): App/Http/Middleware/SetLocale->handle(Object(Illuminate/Http/Request), Object(Closure))
#17 C:/!Telkom/Semester 6/Proyek Perangkat Lunak/SI4705-KELA-main/greennovate/vendor/laravel/framework/src/Illuminate/Routing/Middleware/SubstituteBindings.php(50): Illuminate/Pipeline/Pipeline->Illuminate/Pipeline/{closure}(Object(Illuminate/Http/Request))
#18 C:/!Telkom/Semester 6/Proyek Perangkat Lunak/SI4705-KELA-main/greennovate/vendor/laravel/framework/src/Illuminate/Pipeline/Pipeline.php(219): Illuminate/Routing/Middleware/SubstituteBindings->handle(Object(Illuminate/Http/Request), Object(Closure))
#19 C:/!Telkom/Semester 6/Proyek Perangkat Lunak/SI4705-KELA-main/greennovate/vendor/laravel/framework/src/Illuminate/Foundation/Http/Middleware/VerifyCsrfToken.php(87): Illuminate/Pipeline/Pipeline->Illuminate/Pipeline/{closure}(Object(Illuminate/Http/Request))
#20 C:/!Telkom/Semester 6/Proyek Perangkat Lunak/SI4705-KELA-main/greennovate/vendor/laravel/framework/src/Illuminate/Pipeline/Pipeline.php(219): Illuminate/Foundation/Http/Middleware/VerifyCsrfToken->handle(Object(Illuminate/Http/Request), Object(Closure))
#21 C:/!Telkom/Semester 6/Proyek Perangkat Lunak/SI4705-KELA-main/greennovate/vendor/laravel/framework/src/Illuminate/View/Middleware/ShareErrorsFromSession.php(48): Illuminate/Pipeline/Pipeline->Illuminate/Pipeline/{closure}(Object(Illuminate/Http/Request))
#22 C:/!Telkom/Semester 6/Proyek Perangkat Lunak/SI4705-KELA-main/greennovate/vendor/laravel/framework/src/Illuminate/Pipeline/Pipeline.php(219): Illuminate/View/Middleware/ShareErrorsFromSession->handle(Object(Illuminate/Http/Request), Object(Closure))
#23 C:/!Telkom/Semester 6/Proyek Perangkat Lunak/SI4705-KELA-main/greennovate/vendor/laravel/framework/src/Illuminate/Session/Middleware/StartSession.php(120): Illuminate/Pipeline/Pipeline->Illuminate/Pipeline/{closure}(Object(Illuminate/Http/Request))
#24 C:/!Telkom/Semester 6/Proyek Perangkat Lunak/SI4705-KELA-main/greennovate/vendor/laravel/framework/src/Illuminate/Session/Middleware/StartSession.php(63): Illuminate/Session/Middleware/StartSession->handleStatefulRequest(Object(Illuminate/Http/Request), Object(Illuminate/Session/Store), Object(Closure))
#25 C:/!Telkom/Semester 6/Proyek Perangkat Lunak/SI4705-KELA-main/greennovate/vendor/laravel/framework/src/Illuminate/Pipeline/Pipeline.php(219): Illuminate/Session/Middleware/StartSession->handle(Object(Illuminate/Http/Request), Object(Closure))
#26 C:/!Telkom/Semester 6/Proyek Perangkat Lunak/SI4705-KELA-main/greennovate/vendor/laravel/framework/src/Illuminate/Cookie/Middleware/AddQueuedCookiesToResponse.php(36): Illuminate/Pipeline/Pipeline->Illuminate/Pipeline/{closure}(Object(Illuminate/Http/Request))
#27 C:/!Telkom/Semester 6/Proyek Perangkat Lunak/SI4705-KELA-main/greennovate/vendor/laravel/framework/src/Illuminate/Pipeline/Pipeline.php(219): Illuminate/Cookie/Middleware/AddQueuedCookiesToResponse->handle(Object(Illuminate/Http/Request), Object(Closure))
#28 C:/!Telkom/Semester 6/Proyek Perangkat Lunak/SI4705-KELA-main/greennovate/vendor/laravel/framework/src/Illuminate/Cookie/Middleware/EncryptCookies.php(74): Illuminate/Pipeline/Pipeline->Illuminate/Pipeline/{closure}(Object(Illuminate/Http/Request))
#29 C:/!Telkom/Semester 6/Proyek Perangkat Lunak/SI4705-KELA-main/greennovate/vendor/laravel/framework/src/Illuminate/Pipeline/Pipeline.php(219): Illuminate/Cookie/Middleware/EncryptCookies->handle(Object(Illuminate/Http/Request), Object(Closure))
#30 C:/!Telkom/Semester 6/Proyek Perangkat Lunak/SI4705-KELA-main/greennovate/vendor/laravel/framework/src/Illuminate/Pipeline/Pipeline.php(137): Illuminate/Pipeline/Pipeline->Illuminate/Pipeline/{closure}(Object(Illuminate/Http/Request))
#31 C:/!Telkom/Semester 6/Proyek Perangkat Lunak/SI4705-KELA-main/greennovate/vendor/laravel/framework/src/Illuminate/Routing/Router.php(821): Illuminate/Pipeline/Pipeline->then(Object(Closure))
#32 C:/!Telkom/Semester 6/Proyek Perangkat Lunak/SI4705-KELA-main/greennovate/vendor/laravel/framework/src/Illuminate/Routing/Router.php(800): Illuminate/Routing/Router->runRouteWithinStack(Object(Illuminate/Routing/Route), Object(Illuminate/Http/Request))
#33 C:/!Telkom/Semester 6/Proyek Perangkat Lunak/SI4705-KELA-main/greennovate/vendor/laravel/framework/src/Illuminate/Routing/Router.php(764): Illuminate/Routing/Router->runRoute(Object(Illuminate/Http/Request), Object(Illuminate/Routing/Route))
#34 C:/!Telkom/Semester 6/Proyek Perangkat Lunak/SI4705-KELA-main/greennovate/vendor/laravel/framework/src/Illuminate/Routing/Router.php(753): Illuminate/Routing/Router->dispatchToRoute(Object(Illuminate/Http/Request))
#35 C:/!Telkom/Semester 6/Proyek Perangkat Lunak/SI4705-KELA-main/greennovate/vendor/laravel/framework/src/Illuminate/Foundation/Http/Kernel.php(200): Illuminate/Routing/Router->dispatch(Object(Illuminate/Http/Request))
#36 C:/!Telkom/Semester 6/Proyek Perangkat Lunak/SI4705-KELA-main/greennovate/vendor/laravel/framework/src/Illuminate/Pipeline/Pipeline.php(180): Illuminate/Foundation/Http/Kernel->Illuminate/Foundation/Http/{closure}(Object(Illuminate/Http/Request))
#37 C:/!Telkom/Semester 6/Proyek Perangkat Lunak/SI4705-KELA-main/greennovate/vendor/laravel/framework/src/Illuminate/Foundation/Http/Middleware/TransformsRequest.php(21): Illuminate/Pipeline/Pipeline->Illuminate/Pipeline/{closure}(Object(Illuminate/Http/Request))
#38 C:/!Telkom/Semester 6/Proyek Perangkat Lunak/SI4705-KELA-main/greennovate/vendor/laravel/framework/src/Illuminate/Foundation/Http/Middleware/ConvertEmptyStringsToNull.php(31): Illuminate/Foundation/Http/Middleware/TransformsRequest->handle(Object(Illuminate/Http/Request), Object(Closure))
#39 C:/!Telkom/Semester 6/Proyek Perangkat Lunak/SI4705-KELA-main/greennovate/vendor/laravel/framework/src/Illuminate/Pipeline/Pipeline.php(219): Illuminate/Foundation/Http/Middleware/ConvertEmptyStringsToNull->handle(Object(Illuminate/Http/Request), Object(Closure))
#40 C:/!Telkom/Semester 6/Proyek Perangkat Lunak/SI4705-KELA-main/greennovate/vendor/laravel/framework/src/Illuminate/Foundation/Http/Middleware/TransformsRequest.php(21): Illuminate/Pipeline/Pipeline->Illuminate/Pipeline/{closure}(Object(Illuminate/Http/Request))
#41 C:/!Telkom/Semester 6/Proyek Perangkat Lunak/SI4705-KELA-main/greennovate/vendor/laravel/framework/src/Illuminate/Foundation/Http/Middleware/TrimStrings.php(51): Illuminate/Foundation/Http/Middleware/TransformsRequest->handle(Object(Illuminate/Http/Request), Object(Closure))
#42 C:/!Telkom/Semester 6/Proyek Perangkat Lunak/SI4705-KELA-main/greennovate/vendor/laravel/framework/src/Illuminate/Pipeline/Pipeline.php(219): Illuminate/Foundation/Http/Middleware/TrimStrings->handle(Object(Illuminate/Http/Request), Object(Closure))
#43 C:/!Telkom/Semester 6/Proyek Perangkat Lunak/SI4705-KELA-main/greennovate/vendor/laravel/framework/src/Illuminate/Http/Middleware/ValidatePostSize.php(27): Illuminate/Pipeline/Pipeline->Illuminate/Pipeline/{closure}(Object(Illuminate/Http/Request))
#44 C:/!Telkom/Semester 6/Proyek Perangkat Lunak/SI4705-KELA-main/greennovate/vendor/laravel/framework/src/Illuminate/Pipeline/Pipeline.php(219): Illuminate/Http/Middleware/ValidatePostSize->handle(Object(Illuminate/Http/Request), Object(Closure))
#45 C:/!Telkom/Semester 6/Proyek Perangkat Lunak/SI4705-KELA-main/greennovate/vendor/laravel/framework/src/Illuminate/Foundation/Http/Middleware/PreventRequestsDuringMaintenance.php(109): Illuminate/Pipeline/Pipeline->Illuminate/Pipeline/{closure}(Object(Illuminate/Http/Request))
#46 C:/!Telkom/Semester 6/Proyek Perangkat Lunak/SI4705-KELA-main/greennovate/vendor/laravel/framework/src/Illuminate/Pipeline/Pipeline.php(219): Illuminate/Foundation/Http/Middleware/PreventRequestsDuringMaintenance->handle(Object(Illuminate/Http/Request), Object(Closure))
#47 C:/!Telkom/Semester 6/Proyek Perangkat Lunak/SI4705-KELA-main/greennovate/vendor/laravel/framework/src/Illuminate/Http/Middleware/HandleCors.php(61): Illuminate/Pipeline/Pipeline->Illuminate/Pipeline/{closure}(Object(Illuminate/Http/Request))
#48 C:/!Telkom/Semester 6/Proyek Perangkat Lunak/SI4705-KELA-main/greennovate/vendor/laravel/framework/src/Illuminate/Pipeline/Pipeline.php(219): Illuminate/Http/Middleware/HandleCors->handle(Object(Illuminate/Http/Request), Object(Closure))
#49 C:/!Telkom/Semester 6/Proyek Perangkat Lunak/SI4705-KELA-main/greennovate/vendor/laravel/framework/src/Illuminate/Http/Middleware/TrustProxies.php(58): Illuminate/Pipeline/Pipeline->Illuminate/Pipeline/{closure}(Object(Illuminate/Http/Request))
#50 C:/!Telkom/Semester 6/Proyek Perangkat Lunak/SI4705-KELA-main/greennovate/vendor/laravel/framework/src/Illuminate/Pipeline/Pipeline.php(219): Illuminate/Http/Middleware/TrustProxies->handle(Object(Illuminate/Http/Request), Object(Closure))
#51 C:/!Telkom/Semester 6/Proyek Perangkat Lunak/SI4705-KELA-main/greennovate/vendor/laravel/framework/src/Illuminate/Foundation/Http/Middleware/InvokeDeferredCallbacks.php(22): Illuminate/Pipeline/Pipeline->Illuminate/Pipeline/{closure}(Object(Illuminate/Http/Request))
#52 C:/!Telkom/Semester 6/Proyek Perangkat Lunak/SI4705-KELA-main/greennovate/vendor/laravel/framework/src/Illuminate/Pipeline/Pipeline.php(219): Illuminate/Foundation/Http/Middleware/InvokeDeferredCallbacks->handle(Object(Illuminate/Http/Request), Object(Closure))
#53 C:/!Telkom/Semester 6/Proyek Perangkat Lunak/SI4705-KELA-main/greennovate/vendor/laravel/framework/src/Illuminate/Http/Middleware/ValidatePathEncoding.php(26): Illuminate/Pipeline/Pipeline->Illuminate/Pipeline/{closure}(Object(Illuminate/Http/Request))
#54 C:/!Telkom/Semester 6/Proyek Perangkat Lunak/SI4705-KELA-main/greennovate/vendor/laravel/framework/src/Illuminate/Pipeline/Pipeline.php(219): Illuminate/Http/Middleware/ValidatePathEncoding->handle(Object(Illuminate/Http/Request), Object(Closure))
#55 C:/!Telkom/Semester 6/Proyek Perangkat Lunak/SI4705-KELA-main/greennovate/vendor/laravel/framework/src/Illuminate/Pipeline/Pipeline.php(137): Illuminate/Pipeline/Pipeline->Illuminate/Pipeline/{closure}(Object(Illuminate/Http/Request))
#56 C:/!Telkom/Semester 6/Proyek Perangkat Lunak/SI4705-KELA-main/greennovate/vendor/laravel/framework/src/Illuminate/Foundation/Http/Kernel.php(175): Illuminate/Pipeline/Pipeline->then(Object(Closure))
#57 C:/!Telkom/Semester 6/Proyek Perangkat Lunak/SI4705-KELA-main/greennovate/vendor/laravel/framework/src/Illuminate/Foundation/Http/Kernel.php(144): Illuminate/Foundation/Http/Kernel->sendRequestThroughRouter(Object(Illuminate/Http/Request))
#58 C:/!Telkom/Semester 6/Proyek Perangkat Lunak/SI4705-KELA-main/greennovate/vendor/laravel/framework/src/Illuminate/Foundation/Application.php(1220): Illuminate/Foundation/Http/Kernel->handle(Object(Illuminate/Http/Request))
#59 C:/!Telkom/Semester 6/Proyek Perangkat Lunak/SI4705-KELA-main/greennovate/public/index.php(20): Illuminate/Foundation/Application->handleRequest(Object(Illuminate/Http/Request))
#60 C:/!Telkom/Semester 6/Proyek Perangkat Lunak/SI4705-KELA-main/greennovate/vendor/laravel/framework/src/Illuminate/Foundation/resources/server.php(23): require_once('C://!Telkom//Seme...')
#61 {main}
"} 
[2026-05-04 14:04:17] local.ERROR: Undefined variable $lokasiList (View: C:\!Telkom\Semester 6\Proyek Perangkat Lunak\SI4705-KELA-main\greennovate\resources\views\Kegiatan\Index.blade.php) {"userId":4,"exception":"[object] (Illuminate\\View\\ViewException(code: 0): Undefined variable $lokasiList (View: C:\\!Telkom\\Semester 6\\Proyek Perangkat Lunak\\SI4705-KELA-main\\greennovate\\resources\\views\\Kegiatan\\Index.blade.php) at C:/!Telkom/Semester 6/Proyek Perangkat Lunak/SI4705-KELA-main/greennovate/storage/framework/views/bb019435fe3389012f52d72f6186eac3.php:44)
[stacktrace]
#0 C:/!Telkom/Semester 6/Proyek Perangkat Lunak/SI4705-KELA-main/greennovate/vendor/laravel/framework/src/Illuminate/View/Engines/PhpEngine.php(59): Illuminate/View/Engines/CompilerEngine->handleViewException(Object(ErrorException), 1)
#1 C:/!Telkom/Semester 6/Proyek Perangkat Lunak/SI4705-KELA-main/greennovate/vendor/laravel/framework/src/Illuminate/View/Engines/CompilerEngine.php(76): Illuminate/View/Engines/PhpEngine->evaluatePath('C://!Telkom//Seme...', Array)
#2 C:/!Telkom/Semester 6/Proyek Perangkat Lunak/SI4705-KELA-main/greennovate/vendor/laravel/framework/src/Illuminate/View/View.php(208): Illuminate/View/Engines/CompilerEngine->get('C://!Telkom//Seme...', Array)
#3 C:/!Telkom/Semester 6/Proyek Perangkat Lunak/SI4705-KELA-main/greennovate/vendor/laravel/framework/src/Illuminate/View/View.php(191): Illuminate/View/View->getContents()
#4 C:/!Telkom/Semester 6/Proyek Perangkat Lunak/SI4705-KELA-main/greennovate/vendor/laravel/framework/src/Illuminate/View/View.php(160): Illuminate/View/View->renderContents()
#5 C:/!Telkom/Semester 6/Proyek Perangkat Lunak/SI4705-KELA-main/greennovate/vendor/laravel/framework/src/Illuminate/Http/Response.php(78): Illuminate/View/View->render()
#6 C:/!Telkom/Semester 6/Proyek Perangkat Lunak/SI4705-KELA-main/greennovate/vendor/laravel/framework/src/Illuminate/Http/Response.php(34): Illuminate/Http/Response->setContent(Object(Illuminate/View/View))
#7 C:/!Telkom/Semester 6/Proyek Perangkat Lunak/SI4705-KELA-main/greennovate/vendor/laravel/framework/src/Illuminate/Routing/Router.php(939): Illuminate/Http/Response->__construct(Object(Illuminate/View/View), 200, Array)
#8 C:/!Telkom/Semester 6/Proyek Perangkat Lunak/SI4705-KELA-main/greennovate/vendor/laravel/framework/src/Illuminate/Routing/Router.php(906): Illuminate/Routing/Router::toResponse(Object(Illuminate/Http/Request), Object(Illuminate/View/View))
#9 C:/!Telkom/Semester 6/Proyek Perangkat Lunak/SI4705-KELA-main/greennovate/vendor/laravel/framework/src/Illuminate/Routing/Router.php(821): Illuminate/Routing/Router->prepareResponse(Object(Illuminate/Http/Request), Object(Illuminate/View/View))
#10 C:/!Telkom/Semester 6/Proyek Perangkat Lunak/SI4705-KELA-main/greennovate/vendor/laravel/framework/src/Illuminate/Pipeline/Pipeline.php(180): Illuminate/Routing/Router->Illuminate/Routing/{closure}(Object(Illuminate/Http/Request))
#11 C:/!Telkom/Semester 6/Proyek Perangkat Lunak/SI4705-KELA-main/greennovate/app/Http/Middleware/SetLocale.php(39): Illuminate/Pipeline/Pipeline->Illuminate/Pipeline/{closure}(Object(Illuminate/Http/Request))
#12 C:/!Telkom/Semester 6/Proyek Perangkat Lunak/SI4705-KELA-main/greennovate/vendor/laravel/framework/src/Illuminate/Pipeline/Pipeline.php(219): App/Http/Middleware/SetLocale->handle(Object(Illuminate/Http/Request), Object(Closure))
#13 C:/!Telkom/Semester 6/Proyek Perangkat Lunak/SI4705-KELA-main/greennovate/vendor/laravel/framework/src/Illuminate/Routing/Middleware/SubstituteBindings.php(50): Illuminate/Pipeline/Pipeline->Illuminate/Pipeline/{closure}(Object(Illuminate/Http/Request))
#14 C:/!Telkom/Semester 6/Proyek Perangkat Lunak/SI4705-KELA-main/greennovate/vendor/laravel/framework/src/Illuminate/Pipeline/Pipeline.php(219): Illuminate/Routing/Middleware/SubstituteBindings->handle(Object(Illuminate/Http/Request), Object(Closure))
#15 C:/!Telkom/Semester 6/Proyek Perangkat Lunak/SI4705-KELA-main/greennovate/vendor/laravel/framework/src/Illuminate/Foundation/Http/Middleware/VerifyCsrfToken.php(87): Illuminate/Pipeline/Pipeline->Illuminate/Pipeline/{closure}(Object(Illuminate/Http/Request))
#16 C:/!Telkom/Semester 6/Proyek Perangkat Lunak/SI4705-KELA-main/greennovate/vendor/laravel/framework/src/Illuminate/Pipeline/Pipeline.php(219): Illuminate/Foundation/Http/Middleware/VerifyCsrfToken->handle(Object(Illuminate/Http/Request), Object(Closure))
#17 C:/!Telkom/Semester 6/Proyek Perangkat Lunak/SI4705-KELA-main/greennovate/vendor/laravel/framework/src/Illuminate/View/Middleware/ShareErrorsFromSession.php(48): Illuminate/Pipeline/Pipeline->Illuminate/Pipeline/{closure}(Object(Illuminate/Http/Request))
#18 C:/!Telkom/Semester 6/Proyek Perangkat Lunak/SI4705-KELA-main/greennovate/vendor/laravel/framework/src/Illuminate/Pipeline/Pipeline.php(219): Illuminate/View/Middleware/ShareErrorsFromSession->handle(Object(Illuminate/Http/Request), Object(Closure))
#19 C:/!Telkom/Semester 6/Proyek Perangkat Lunak/SI4705-KELA-main/greennovate/vendor/laravel/framework/src/Illuminate/Session/Middleware/StartSession.php(120): Illuminate/Pipeline/Pipeline->Illuminate/Pipeline/{closure}(Object(Illuminate/Http/Request))
#20 C:/!Telkom/Semester 6/Proyek Perangkat Lunak/SI4705-KELA-main/greennovate/vendor/laravel/framework/src/Illuminate/Session/Middleware/StartSession.php(63): Illuminate/Session/Middleware/StartSession->handleStatefulRequest(Object(Illuminate/Http/Request), Object(Illuminate/Session/Store), Object(Closure))
#21 C:/!Telkom/Semester 6/Proyek Perangkat Lunak/SI4705-KELA-main/greennovate/vendor/laravel/framework/src/Illuminate/Pipeline/Pipeline.php(219): Illuminate/Session/Middleware/StartSession->handle(Object(Illuminate/Http/Request), Object(Closure))
#22 C:/!Telkom/Semester 6/Proyek Perangkat Lunak/SI4705-KELA-main/greennovate/vendor/laravel/framework/src/Illuminate/Cookie/Middleware/AddQueuedCookiesToResponse.php(36): Illuminate/Pipeline/Pipeline->Illuminate/Pipeline/{closure}(Object(Illuminate/Http/Request))
#23 C:/!Telkom/Semester 6/Proyek Perangkat Lunak/SI4705-KELA-main/greennovate/vendor/laravel/framework/src/Illuminate/Pipeline/Pipeline.php(219): Illuminate/Cookie/Middleware/AddQueuedCookiesToResponse->handle(Object(Illuminate/Http/Request), Object(Closure))
#24 C:/!Telkom/Semester 6/Proyek Perangkat Lunak/SI4705-KELA-main/greennovate/vendor/laravel/framework/src/Illuminate/Cookie/Middleware/EncryptCookies.php(74): Illuminate/Pipeline/Pipeline->Illuminate/Pipeline/{closure}(Object(Illuminate/Http/Request))
#25 C:/!Telkom/Semester 6/Proyek Perangkat Lunak/SI4705-KELA-main/greennovate/vendor/laravel/framework/src/Illuminate/Pipeline/Pipeline.php(219): Illuminate/Cookie/Middleware/EncryptCookies->handle(Object(Illuminate/Http/Request), Object(Closure))
#26 C:/!Telkom/Semester 6/Proyek Perangkat Lunak/SI4705-KELA-main/greennovate/vendor/laravel/framework/src/Illuminate/Pipeline/Pipeline.php(137): Illuminate/Pipeline/Pipeline->Illuminate/Pipeline/{closure}(Object(Illuminate/Http/Request))
#27 C:/!Telkom/Semester 6/Proyek Perangkat Lunak/SI4705-KELA-main/greennovate/vendor/laravel/framework/src/Illuminate/Routing/Router.php(821): Illuminate/Pipeline/Pipeline->then(Object(Closure))
#28 C:/!Telkom/Semester 6/Proyek Perangkat Lunak/SI4705-KELA-main/greennovate/vendor/laravel/framework/src/Illuminate/Routing/Router.php(800): Illuminate/Routing/Router->runRouteWithinStack(Object(Illuminate/Routing/Route), Object(Illuminate/Http/Request))
#29 C:/!Telkom/Semester 6/Proyek Perangkat Lunak/SI4705-KELA-main/greennovate/vendor/laravel/framework/src/Illuminate/Routing/Router.php(764): Illuminate/Routing/Router->runRoute(Object(Illuminate/Http/Request), Object(Illuminate/Routing/Route))
#30 C:/!Telkom/Semester 6/Proyek Perangkat Lunak/SI4705-KELA-main/greennovate/vendor/laravel/framework/src/Illuminate/Routing/Router.php(753): Illuminate/Routing/Router->dispatchToRoute(Object(Illuminate/Http/Request))
#31 C:/!Telkom/Semester 6/Proyek Perangkat Lunak/SI4705-KELA-main/greennovate/vendor/laravel/framework/src/Illuminate/Foundation/Http/Kernel.php(200): Illuminate/Routing/Router->dispatch(Object(Illuminate/Http/Request))
#32 C:/!Telkom/Semester 6/Proyek Perangkat Lunak/SI4705-KELA-main/greennovate/vendor/laravel/framework/src/Illuminate/Pipeline/Pipeline.php(180): Illuminate/Foundation/Http/Kernel->Illuminate/Foundation/Http/{closure}(Object(Illuminate/Http/Request))
#33 C:/!Telkom/Semester 6/Proyek Perangkat Lunak/SI4705-KELA-main/greennovate/vendor/laravel/framework/src/Illuminate/Foundation/Http/Middleware/TransformsRequest.php(21): Illuminate/Pipeline/Pipeline->Illuminate/Pipeline/{closure}(Object(Illuminate/Http/Request))
#34 C:/!Telkom/Semester 6/Proyek Perangkat Lunak/SI4705-KELA-main/greennovate/vendor/laravel/framework/src/Illuminate/Foundation/Http/Middleware/ConvertEmptyStringsToNull.php(31): Illuminate/Foundation/Http/Middleware/TransformsRequest->handle(Object(Illuminate/Http/Request), Object(Closure))
#35 C:/!Telkom/Semester 6/Proyek Perangkat Lunak/SI4705-KELA-main/greennovate/vendor/laravel/framework/src/Illuminate/Pipeline/Pipeline.php(219): Illuminate/Foundation/Http/Middleware/ConvertEmptyStringsToNull->handle(Object(Illuminate/Http/Request), Object(Closure))
#36 C:/!Telkom/Semester 6/Proyek Perangkat Lunak/SI4705-KELA-main/greennovate/vendor/laravel/framework/src/Illuminate/Foundation/Http/Middleware/TransformsRequest.php(21): Illuminate/Pipeline/Pipeline->Illuminate/Pipeline/{closure}(Object(Illuminate/Http/Request))
#37 C:/!Telkom/Semester 6/Proyek Perangkat Lunak/SI4705-KELA-main/greennovate/vendor/laravel/framework/src/Illuminate/Foundation/Http/Middleware/TrimStrings.php(51): Illuminate/Foundation/Http/Middleware/TransformsRequest->handle(Object(Illuminate/Http/Request), Object(Closure))
#38 C:/!Telkom/Semester 6/Proyek Perangkat Lunak/SI4705-KELA-main/greennovate/vendor/laravel/framework/src/Illuminate/Pipeline/Pipeline.php(219): Illuminate/Foundation/Http/Middleware/TrimStrings->handle(Object(Illuminate/Http/Request), Object(Closure))
#39 C:/!Telkom/Semester 6/Proyek Perangkat Lunak/SI4705-KELA-main/greennovate/vendor/laravel/framework/src/Illuminate/Http/Middleware/ValidatePostSize.php(27): Illuminate/Pipeline/Pipeline->Illuminate/Pipeline/{closure}(Object(Illuminate/Http/Request))
#40 C:/!Telkom/Semester 6/Proyek Perangkat Lunak/SI4705-KELA-main/greennovate/vendor/laravel/framework/src/Illuminate/Pipeline/Pipeline.php(219): Illuminate/Http/Middleware/ValidatePostSize->handle(Object(Illuminate/Http/Request), Object(Closure))
#41 C:/!Telkom/Semester 6/Proyek Perangkat Lunak/SI4705-KELA-main/greennovate/vendor/laravel/framework/src/Illuminate/Foundation/Http/Middleware/PreventRequestsDuringMaintenance.php(109): Illuminate/Pipeline/Pipeline->Illuminate/Pipeline/{closure}(Object(Illuminate/Http/Request))
#42 C:/!Telkom/Semester 6/Proyek Perangkat Lunak/SI4705-KELA-main/greennovate/vendor/laravel/framework/src/Illuminate/Pipeline/Pipeline.php(219): Illuminate/Foundation/Http/Middleware/PreventRequestsDuringMaintenance->handle(Object(Illuminate/Http/Request), Object(Closure))
#43 C:/!Telkom/Semester 6/Proyek Perangkat Lunak/SI4705-KELA-main/greennovate/vendor/laravel/framework/src/Illuminate/Http/Middleware/HandleCors.php(61): Illuminate/Pipeline/Pipeline->Illuminate/Pipeline/{closure}(Object(Illuminate/Http/Request))
#44 C:/!Telkom/Semester 6/Proyek Perangkat Lunak/SI4705-KELA-main/greennovate/vendor/laravel/framework/src/Illuminate/Pipeline/Pipeline.php(219): Illuminate/Http/Middleware/HandleCors->handle(Object(Illuminate/Http/Request), Object(Closure))
#45 C:/!Telkom/Semester 6/Proyek Perangkat Lunak/SI4705-KELA-main/greennovate/vendor/laravel/framework/src/Illuminate/Http/Middleware/TrustProxies.php(58): Illuminate/Pipeline/Pipeline->Illuminate/Pipeline/{closure}(Object(Illuminate/Http/Request))
#46 C:/!Telkom/Semester 6/Proyek Perangkat Lunak/SI4705-KELA-main/greennovate/vendor/laravel/framework/src/Illuminate/Pipeline/Pipeline.php(219): Illuminate/Http/Middleware/TrustProxies->handle(Object(Illuminate/Http/Request), Object(Closure))
#47 C:/!Telkom/Semester 6/Proyek Perangkat Lunak/SI4705-KELA-main/greennovate/vendor/laravel/framework/src/Illuminate/Foundation/Http/Middleware/InvokeDeferredCallbacks.php(22): Illuminate/Pipeline/Pipeline->Illuminate/Pipeline/{closure}(Object(Illuminate/Http/Request))
#48 C:/!Telkom/Semester 6/Proyek Perangkat Lunak/SI4705-KELA-main/greennovate/vendor/laravel/framework/src/Illuminate/Pipeline/Pipeline.php(219): Illuminate/Foundation/Http/Middleware/InvokeDeferredCallbacks->handle(Object(Illuminate/Http/Request), Object(Closure))
#49 C:/!Telkom/Semester 6/Proyek Perangkat Lunak/SI4705-KELA-main/greennovate/vendor/laravel/framework/src/Illuminate/Http/Middleware/ValidatePathEncoding.php(26): Illuminate/Pipeline/Pipeline->Illuminate/Pipeline/{closure}(Object(Illuminate/Http/Request))
#50 C:/!Telkom/Semester 6/Proyek Perangkat Lunak/SI4705-KELA-main/greennovate/vendor/laravel/framework/src/Illuminate/Pipeline/Pipeline.php(219): Illuminate/Http/Middleware/ValidatePathEncoding->handle(Object(Illuminate/Http/Request), Object(Closure))
#51 C:/!Telkom/Semester 6/Proyek Perangkat Lunak/SI4705-KELA-main/greennovate/vendor/laravel/framework/src/Illuminate/Pipeline/Pipeline.php(137): Illuminate/Pipeline/Pipeline->Illuminate/Pipeline/{closure}(Object(Illuminate/Http/Request))
#52 C:/!Telkom/Semester 6/Proyek Perangkat Lunak/SI4705-KELA-main/greennovate/vendor/laravel/framework/src/Illuminate/Foundation/Http/Kernel.php(175): Illuminate/Pipeline/Pipeline->then(Object(Closure))
#53 C:/!Telkom/Semester 6/Proyek Perangkat Lunak/SI4705-KELA-main/greennovate/vendor/laravel/framework/src/Illuminate/Foundation/Http/Kernel.php(144): Illuminate/Foundation/Http/Kernel->sendRequestThroughRouter(Object(Illuminate/Http/Request))
#54 C:/!Telkom/Semester 6/Proyek Perangkat Lunak/SI4705-KELA-main/greennovate/vendor/laravel/framework/src/Illuminate/Foundation/Application.php(1220): Illuminate/Foundation/Http/Kernel->handle(Object(Illuminate/Http/Request))
#55 C:/!Telkom/Semester 6/Proyek Perangkat Lunak/SI4705-KELA-main/greennovate/public/index.php(20): Illuminate/Foundation/Application->handleRequest(Object(Illuminate/Http/Request))
#56 C:/!Telkom/Semester 6/Proyek Perangkat Lunak/SI4705-KELA-main/greennovate/vendor/laravel/framework/src/Illuminate/Foundation/resources/server.php(23): require_once('C://!Telkom//Seme...')
#57 {main}

[previous exception] [object] (ErrorException(code: 0): Undefined variable $lokasiList at C:/!Telkom/Semester 6/Proyek Perangkat Lunak/SI4705-KELA-main/greennovate/storage/framework/views/bb019435fe3389012f52d72f6186eac3.php:44)
[stacktrace]
#0 C:/!Telkom/Semester 6/Proyek Perangkat Lunak/SI4705-KELA-main/greennovate/vendor/laravel/framework/src/Illuminate/Foundation/Bootstrap/HandleExceptions.php(258): Illuminate/Foundation/Bootstrap/HandleExceptions->handleError(2, 'Undefined varia...', 'C://!Telkom//Seme...', 44)
#1 C:/!Telkom/Semester 6/Proyek Perangkat Lunak/SI4705-KELA-main/greennovate/storage/framework/views/bb019435fe3389012f52d72f6186eac3.php(44): Illuminate/Foundation/Bootstrap/HandleExceptions->Illuminate/Foundation/Bootstrap/{closure}(2, 'Undefined varia...', 'C://!Telkom//Seme...', 44)
#2 C:/!Telkom/Semester 6/Proyek Perangkat Lunak/SI4705-KELA-main/greennovate/vendor/laravel/framework/src/Illuminate/Filesystem/Filesystem.php(123): require('C://!Telkom//Seme...')
#3 C:/!Telkom/Semester 6/Proyek Perangkat Lunak/SI4705-KELA-main/greennovate/vendor/laravel/framework/src/Illuminate/Filesystem/Filesystem.php(124): Illuminate/Filesystem/Filesystem::Illuminate/Filesystem/{closure}()
#4 C:/!Telkom/Semester 6/Proyek Perangkat Lunak/SI4705-KELA-main/greennovate/vendor/laravel/framework/src/Illuminate/View/Engines/PhpEngine.php(57): Illuminate/Filesystem/Filesystem->getRequire('C://!Telkom//Seme...', Array)
#5 C:/!Telkom/Semester 6/Proyek Perangkat Lunak/SI4705-KELA-main/greennovate/vendor/laravel/framework/src/Illuminate/View/Engines/CompilerEngine.php(76): Illuminate/View/Engines/PhpEngine->evaluatePath('C://!Telkom//Seme...', Array)
#6 C:/!Telkom/Semester 6/Proyek Perangkat Lunak/SI4705-KELA-main/greennovate/vendor/laravel/framework/src/Illuminate/View/View.php(208): Illuminate/View/Engines/CompilerEngine->get('C://!Telkom//Seme...', Array)
#7 C:/!Telkom/Semester 6/Proyek Perangkat Lunak/SI4705-KELA-main/greennovate/vendor/laravel/framework/src/Illuminate/View/View.php(191): Illuminate/View/View->getContents()
#8 C:/!Telkom/Semester 6/Proyek Perangkat Lunak/SI4705-KELA-main/greennovate/vendor/laravel/framework/src/Illuminate/View/View.php(160): Illuminate/View/View->renderContents()
#9 C:/!Telkom/Semester 6/Proyek Perangkat Lunak/SI4705-KELA-main/greennovate/vendor/laravel/framework/src/Illuminate/Http/Response.php(78): Illuminate/View/View->render()
#10 C:/!Telkom/Semester 6/Proyek Perangkat Lunak/SI4705-KELA-main/greennovate/vendor/laravel/framework/src/Illuminate/Http/Response.php(34): Illuminate/Http/Response->setContent(Object(Illuminate/View/View))
#11 C:/!Telkom/Semester 6/Proyek Perangkat Lunak/SI4705-KELA-main/greennovate/vendor/laravel/framework/src/Illuminate/Routing/Router.php(939): Illuminate/Http/Response->__construct(Object(Illuminate/View/View), 200, Array)
#12 C:/!Telkom/Semester 6/Proyek Perangkat Lunak/SI4705-KELA-main/greennovate/vendor/laravel/framework/src/Illuminate/Routing/Router.php(906): Illuminate/Routing/Router::toResponse(Object(Illuminate/Http/Request), Object(Illuminate/View/View))
#13 C:/!Telkom/Semester 6/Proyek Perangkat Lunak/SI4705-KELA-main/greennovate/vendor/laravel/framework/src/Illuminate/Routing/Router.php(821): Illuminate/Routing/Router->prepareResponse(Object(Illuminate/Http/Request), Object(Illuminate/View/View))
#14 C:/!Telkom/Semester 6/Proyek Perangkat Lunak/SI4705-KELA-main/greennovate/vendor/laravel/framework/src/Illuminate/Pipeline/Pipeline.php(180): Illuminate/Routing/Router->Illuminate/Routing/{closure}(Object(Illuminate/Http/Request))
#15 C:/!Telkom/Semester 6/Proyek Perangkat Lunak/SI4705-KELA-main/greennovate/app/Http/Middleware/SetLocale.php(39): Illuminate/Pipeline/Pipeline->Illuminate/Pipeline/{closure}(Object(Illuminate/Http/Request))
#16 C:/!Telkom/Semester 6/Proyek Perangkat Lunak/SI4705-KELA-main/greennovate/vendor/laravel/framework/src/Illuminate/Pipeline/Pipeline.php(219): App/Http/Middleware/SetLocale->handle(Object(Illuminate/Http/Request), Object(Closure))
#17 C:/!Telkom/Semester 6/Proyek Perangkat Lunak/SI4705-KELA-main/greennovate/vendor/laravel/framework/src/Illuminate/Routing/Middleware/SubstituteBindings.php(50): Illuminate/Pipeline/Pipeline->Illuminate/Pipeline/{closure}(Object(Illuminate/Http/Request))
#18 C:/!Telkom/Semester 6/Proyek Perangkat Lunak/SI4705-KELA-main/greennovate/vendor/laravel/framework/src/Illuminate/Pipeline/Pipeline.php(219): Illuminate/Routing/Middleware/SubstituteBindings->handle(Object(Illuminate/Http/Request), Object(Closure))
#19 C:/!Telkom/Semester 6/Proyek Perangkat Lunak/SI4705-KELA-main/greennovate/vendor/laravel/framework/src/Illuminate/Foundation/Http/Middleware/VerifyCsrfToken.php(87): Illuminate/Pipeline/Pipeline->Illuminate/Pipeline/{closure}(Object(Illuminate/Http/Request))
#20 C:/!Telkom/Semester 6/Proyek Perangkat Lunak/SI4705-KELA-main/greennovate/vendor/laravel/framework/src/Illuminate/Pipeline/Pipeline.php(219): Illuminate/Foundation/Http/Middleware/VerifyCsrfToken->handle(Object(Illuminate/Http/Request), Object(Closure))
#21 C:/!Telkom/Semester 6/Proyek Perangkat Lunak/SI4705-KELA-main/greennovate/vendor/laravel/framework/src/Illuminate/View/Middleware/ShareErrorsFromSession.php(48): Illuminate/Pipeline/Pipeline->Illuminate/Pipeline/{closure}(Object(Illuminate/Http/Request))
#22 C:/!Telkom/Semester 6/Proyek Perangkat Lunak/SI4705-KELA-main/greennovate/vendor/laravel/framework/src/Illuminate/Pipeline/Pipeline.php(219): Illuminate/View/Middleware/ShareErrorsFromSession->handle(Object(Illuminate/Http/Request), Object(Closure))
#23 C:/!Telkom/Semester 6/Proyek Perangkat Lunak/SI4705-KELA-main/greennovate/vendor/laravel/framework/src/Illuminate/Session/Middleware/StartSession.php(120): Illuminate/Pipeline/Pipeline->Illuminate/Pipeline/{closure}(Object(Illuminate/Http/Request))
#24 C:/!Telkom/Semester 6/Proyek Perangkat Lunak/SI4705-KELA-main/greennovate/vendor/laravel/framework/src/Illuminate/Session/Middleware/StartSession.php(63): Illuminate/Session/Middleware/StartSession->handleStatefulRequest(Object(Illuminate/Http/Request), Object(Illuminate/Session/Store), Object(Closure))
#25 C:/!Telkom/Semester 6/Proyek Perangkat Lunak/SI4705-KELA-main/greennovate/vendor/laravel/framework/src/Illuminate/Pipeline/Pipeline.php(219): Illuminate/Session/Middleware/StartSession->handle(Object(Illuminate/Http/Request), Object(Closure))
#26 C:/!Telkom/Semester 6/Proyek Perangkat Lunak/SI4705-KELA-main/greennovate/vendor/laravel/framework/src/Illuminate/Cookie/Middleware/AddQueuedCookiesToResponse.php(36): Illuminate/Pipeline/Pipeline->Illuminate/Pipeline/{closure}(Object(Illuminate/Http/Request))
#27 C:/!Telkom/Semester 6/Proyek Perangkat Lunak/SI4705-KELA-main/greennovate/vendor/laravel/framework/src/Illuminate/Pipeline/Pipeline.php(219): Illuminate/Cookie/Middleware/AddQueuedCookiesToResponse->handle(Object(Illuminate/Http/Request), Object(Closure))
#28 C:/!Telkom/Semester 6/Proyek Perangkat Lunak/SI4705-KELA-main/greennovate/vendor/laravel/framework/src/Illuminate/Cookie/Middleware/EncryptCookies.php(74): Illuminate/Pipeline/Pipeline->Illuminate/Pipeline/{closure}(Object(Illuminate/Http/Request))
#29 C:/!Telkom/Semester 6/Proyek Perangkat Lunak/SI4705-KELA-main/greennovate/vendor/laravel/framework/src/Illuminate/Pipeline/Pipeline.php(219): Illuminate/Cookie/Middleware/EncryptCookies->handle(Object(Illuminate/Http/Request), Object(Closure))
#30 C:/!Telkom/Semester 6/Proyek Perangkat Lunak/SI4705-KELA-main/greennovate/vendor/laravel/framework/src/Illuminate/Pipeline/Pipeline.php(137): Illuminate/Pipeline/Pipeline->Illuminate/Pipeline/{closure}(Object(Illuminate/Http/Request))
#31 C:/!Telkom/Semester 6/Proyek Perangkat Lunak/SI4705-KELA-main/greennovate/vendor/laravel/framework/src/Illuminate/Routing/Router.php(821): Illuminate/Pipeline/Pipeline->then(Object(Closure))
#32 C:/!Telkom/Semester 6/Proyek Perangkat Lunak/SI4705-KELA-main/greennovate/vendor/laravel/framework/src/Illuminate/Routing/Router.php(800): Illuminate/Routing/Router->runRouteWithinStack(Object(Illuminate/Routing/Route), Object(Illuminate/Http/Request))
#33 C:/!Telkom/Semester 6/Proyek Perangkat Lunak/SI4705-KELA-main/greennovate/vendor/laravel/framework/src/Illuminate/Routing/Router.php(764): Illuminate/Routing/Router->runRoute(Object(Illuminate/Http/Request), Object(Illuminate/Routing/Route))
#34 C:/!Telkom/Semester 6/Proyek Perangkat Lunak/SI4705-KELA-main/greennovate/vendor/laravel/framework/src/Illuminate/Routing/Router.php(753): Illuminate/Routing/Router->dispatchToRoute(Object(Illuminate/Http/Request))
#35 C:/!Telkom/Semester 6/Proyek Perangkat Lunak/SI4705-KELA-main/greennovate/vendor/laravel/framework/src/Illuminate/Foundation/Http/Kernel.php(200): Illuminate/Routing/Router->dispatch(Object(Illuminate/Http/Request))
#36 C:/!Telkom/Semester 6/Proyek Perangkat Lunak/SI4705-KELA-main/greennovate/vendor/laravel/framework/src/Illuminate/Pipeline/Pipeline.php(180): Illuminate/Foundation/Http/Kernel->Illuminate/Foundation/Http/{closure}(Object(Illuminate/Http/Request))
#37 C:/!Telkom/Semester 6/Proyek Perangkat Lunak/SI4705-KELA-main/greennovate/vendor/laravel/framework/src/Illuminate/Foundation/Http/Middleware/TransformsRequest.php(21): Illuminate/Pipeline/Pipeline->Illuminate/Pipeline/{closure}(Object(Illuminate/Http/Request))
#38 C:/!Telkom/Semester 6/Proyek Perangkat Lunak/SI4705-KELA-main/greennovate/vendor/laravel/framework/src/Illuminate/Foundation/Http/Middleware/ConvertEmptyStringsToNull.php(31): Illuminate/Foundation/Http/Middleware/TransformsRequest->handle(Object(Illuminate/Http/Request), Object(Closure))
#39 C:/!Telkom/Semester 6/Proyek Perangkat Lunak/SI4705-KELA-main/greennovate/vendor/laravel/framework/src/Illuminate/Pipeline/Pipeline.php(219): Illuminate/Foundation/Http/Middleware/ConvertEmptyStringsToNull->handle(Object(Illuminate/Http/Request), Object(Closure))
#40 C:/!Telkom/Semester 6/Proyek Perangkat Lunak/SI4705-KELA-main/greennovate/vendor/laravel/framework/src/Illuminate/Foundation/Http/Middleware/TransformsRequest.php(21): Illuminate/Pipeline/Pipeline->Illuminate/Pipeline/{closure}(Object(Illuminate/Http/Request))
#41 C:/!Telkom/Semester 6/Proyek Perangkat Lunak/SI4705-KELA-main/greennovate/vendor/laravel/framework/src/Illuminate/Foundation/Http/Middleware/TrimStrings.php(51): Illuminate/Foundation/Http/Middleware/TransformsRequest->handle(Object(Illuminate/Http/Request), Object(Closure))
#42 C:/!Telkom/Semester 6/Proyek Perangkat Lunak/SI4705-KELA-main/greennovate/vendor/laravel/framework/src/Illuminate/Pipeline/Pipeline.php(219): Illuminate/Foundation/Http/Middleware/TrimStrings->handle(Object(Illuminate/Http/Request), Object(Closure))
#43 C:/!Telkom/Semester 6/Proyek Perangkat Lunak/SI4705-KELA-main/greennovate/vendor/laravel/framework/src/Illuminate/Http/Middleware/ValidatePostSize.php(27): Illuminate/Pipeline/Pipeline->Illuminate/Pipeline/{closure}(Object(Illuminate/Http/Request))
#44 C:/!Telkom/Semester 6/Proyek Perangkat Lunak/SI4705-KELA-main/greennovate/vendor/laravel/framework/src/Illuminate/Pipeline/Pipeline.php(219): Illuminate/Http/Middleware/ValidatePostSize->handle(Object(Illuminate/Http/Request), Object(Closure))
#45 C:/!Telkom/Semester 6/Proyek Perangkat Lunak/SI4705-KELA-main/greennovate/vendor/laravel/framework/src/Illuminate/Foundation/Http/Middleware/PreventRequestsDuringMaintenance.php(109): Illuminate/Pipeline/Pipeline->Illuminate/Pipeline/{closure}(Object(Illuminate/Http/Request))
#46 C:/!Telkom/Semester 6/Proyek Perangkat Lunak/SI4705-KELA-main/greennovate/vendor/laravel/framework/src/Illuminate/Pipeline/Pipeline.php(219): Illuminate/Foundation/Http/Middleware/PreventRequestsDuringMaintenance->handle(Object(Illuminate/Http/Request), Object(Closure))
#47 C:/!Telkom/Semester 6/Proyek Perangkat Lunak/SI4705-KELA-main/greennovate/vendor/laravel/framework/src/Illuminate/Http/Middleware/HandleCors.php(61): Illuminate/Pipeline/Pipeline->Illuminate/Pipeline/{closure}(Object(Illuminate/Http/Request))
#48 C:/!Telkom/Semester 6/Proyek Perangkat Lunak/SI4705-KELA-main/greennovate/vendor/laravel/framework/src/Illuminate/Pipeline/Pipeline.php(219): Illuminate/Http/Middleware/HandleCors->handle(Object(Illuminate/Http/Request), Object(Closure))
#49 C:/!Telkom/Semester 6/Proyek Perangkat Lunak/SI4705-KELA-main/greennovate/vendor/laravel/framework/src/Illuminate/Http/Middleware/TrustProxies.php(58): Illuminate/Pipeline/Pipeline->Illuminate/Pipeline/{closure}(Object(Illuminate/Http/Request))
#50 C:/!Telkom/Semester 6/Proyek Perangkat Lunak/SI4705-KELA-main/greennovate/vendor/laravel/framework/src/Illuminate/Pipeline/Pipeline.php(219): Illuminate/Http/Middleware/TrustProxies->handle(Object(Illuminate/Http/Request), Object(Closure))
#51 C:/!Telkom/Semester 6/Proyek Perangkat Lunak/SI4705-KELA-main/greennovate/vendor/laravel/framework/src/Illuminate/Foundation/Http/Middleware/InvokeDeferredCallbacks.php(22): Illuminate/Pipeline/Pipeline->Illuminate/Pipeline/{closure}(Object(Illuminate/Http/Request))
#52 C:/!Telkom/Semester 6/Proyek Perangkat Lunak/SI4705-KELA-main/greennovate/vendor/laravel/framework/src/Illuminate/Pipeline/Pipeline.php(219): Illuminate/Foundation/Http/Middleware/InvokeDeferredCallbacks->handle(Object(Illuminate/Http/Request), Object(Closure))
#53 C:/!Telkom/Semester 6/Proyek Perangkat Lunak/SI4705-KELA-main/greennovate/vendor/laravel/framework/src/Illuminate/Http/Middleware/ValidatePathEncoding.php(26): Illuminate/Pipeline/Pipeline->Illuminate/Pipeline/{closure}(Object(Illuminate/Http/Request))
#54 C:/!Telkom/Semester 6/Proyek Perangkat Lunak/SI4705-KELA-main/greennovate/vendor/laravel/framework/src/Illuminate/Pipeline/Pipeline.php(219): Illuminate/Http/Middleware/ValidatePathEncoding->handle(Object(Illuminate/Http/Request), Object(Closure))
#55 C:/!Telkom/Semester 6/Proyek Perangkat Lunak/SI4705-KELA-main/greennovate/vendor/laravel/framework/src/Illuminate/Pipeline/Pipeline.php(137): Illuminate/Pipeline/Pipeline->Illuminate/Pipeline/{closure}(Object(Illuminate/Http/Request))
#56 C:/!Telkom/Semester 6/Proyek Perangkat Lunak/SI4705-KELA-main/greennovate/vendor/laravel/framework/src/Illuminate/Foundation/Http/Kernel.php(175): Illuminate/Pipeline/Pipeline->then(Object(Closure))
#57 C:/!Telkom/Semester 6/Proyek Perangkat Lunak/SI4705-KELA-main/greennovate/vendor/laravel/framework/src/Illuminate/Foundation/Http/Kernel.php(144): Illuminate/Foundation/Http/Kernel->sendRequestThroughRouter(Object(Illuminate/Http/Request))
#58 C:/!Telkom/Semester 6/Proyek Perangkat Lunak/SI4705-KELA-main/greennovate/vendor/laravel/framework/src/Illuminate/Foundation/Application.php(1220): Illuminate/Foundation/Http/Kernel->handle(Object(Illuminate/Http/Request))
#59 C:/!Telkom/Semester 6/Proyek Perangkat Lunak/SI4705-KELA-main/greennovate/public/index.php(20): Illuminate/Foundation/Application->handleRequest(Object(Illuminate/Http/Request))
#60 C:/!Telkom/Semester 6/Proyek Perangkat Lunak/SI4705-KELA-main/greennovate/vendor/laravel/framework/src/Illuminate/Foundation/resources/server.php(23): require_once('C://!Telkom//Seme...')
#61 {main}
"} 
